run_id,sample_index,present_id,input_sample_time_us,sim_start_time_us,sim_end_time_us,render_submit_start_time_us,render_submit_end_time_us,present_start_time_us,present_end_time_us,gpu_render_start_time_us,gpu_render_end_time_us,policy,authority,reflex_mode,target_scheduling,bounded_wait,bounded_wait_attempted,present_mode,fallback_reason,swapchain_generation,target_mode,target_value_ns,target_generation_refresh_interval_ns,target_generation_refresh_duration_ns,relative_quanta,relative_accumulator_before_ns,relative_accumulator_after_ns,feedback_present_id,feedback_stage_time_ns,baseline_sequence,present_sequence,frame_interval_ns,wait_timeout_count,timing_queue_size,timing_queue_full_count,timing_queue_recovery_count
20260813_NV_A3_SMOKE_R0,0,1,422455,0,426720,542779,542839,542839,542898,0,0,3,0,0,0,1,0,1000361000,15,2,0,0,0,0,0,0,0,0,0,0,1,16666667,0,16,0
20260813_NV_A3_SMOKE_R0,1,2,544477,544678,558542,559233,559261,559261,559312,0,0,3,3,0,1,1,1,1000361000,0,2,2,1893600,1893600,1893600,1,0,1000000,0,0,0,2,1000000,1,16,0
20260813_NV_A3_SMOKE_R0,2,3,560942,560967,562716,562749,562758,562759,562798,0,0,3,3,0,1,1,1,1000361000,0,2,2,15344800,1918100,1918100,8,0,1321867,0,0,0,3,16666667,2,16,0
20260813_NV_A3_SMOKE_R0,3,4,575300,575319,577061,577096,577105,577105,577131,0,0,3,3,0,1,1,1,1000361000,0,2,2,16653600,1850400,1850400,9,0,13067,2,47654603105500,2,4,16666667,2,16,0
20260813_NV_A3_SMOKE_R0,4,5,591954,591973,598286,598369,598385,598386,598402,0,0,3,3,0,1,1,1,1000361000,0,2,2,16655400,1850600,1850600,9,0,11267,4,47654621630600,4,5,16666667,2,16,0
20260813_NV_A3_SMOKE_R0,5,6,608628,608645,611631,611700,611711,611711,611725,0,0,3,3,0,1,1,1,1000361000,0,2,2,16662600,1851400,1851400,9,0,4067,4,47654621630600,4,6,16666667,2,16,0
20260813_NV_A3_SMOKE_R0,6,7,625295,625313,626569,626604,626613,626613,626629,0,0,3,3,0,1,1,1,1000361000,0,2,2,16658100,1850900,1850900,9,0,8567,4,47654621630600,4,7,16666667,2,16,0
20260813_NV_A3_SMOKE_R0,7,8,641966,641983,643279,643358,643369,643369,643384,0,0,3,3,0,1,1,1,1000361000,0,2,2,14926400,1865800,1865800,8,0,1740267,4,47654621630600,4,8,16666667,2,16,0
20260813_NV_A3_SMOKE_R0,8,9,658636,658654,664179,664223,664236,664236,664252,0,0,3,3,0,1,1,1,1000361000,0,2,2,15250400,1906300,1906300,8,0,1416267,4,47654621630600,4,9,16666667,2,16,0
20260813_NV_A3_SMOKE_R0,9,10,675300,675320,680015,680057,680069,680070,680085,0,0,3,3,0,1,1,1,1000361000,0,2,2,16653600,1850400,1850400,9,0,13067,9,47654708631800,9,10,16666667,2,16,0
20260813_NV_A3_SMOKE_R0,10,11,691971,691991,694226,694264,694274,694274,694301,0,0,3,3,0,1,1,1,1000361000,0,2,2,16655400,1850600,1850600,9,0,11267,10,47654723442000,10,11,16666667,2,16,0
20260813_NV_A3_SMOKE_R0,11,12,708635,708654,710735,710775,710784,710785,710798,0,0,3,3,0,1,1,1,1000361000,0,2,2,16661700,1851300,1851300,9,0,4967,10,47654723442000,10,12,16666667,2,16,0
20260813_NV_A3_SMOKE_R0,12,13,725307,725330,727597,727641,727652,727652,727670,0,0,3,3,0,1,1,1,1000361000,0,2,2,16658100,1850900,1850900,9,0,8567,10,47654723442000,10,13,16666667,2,16,0
20260813_NV_A3_SMOKE_R0,13,14,741975,741997,744453,744497,744508,744508,744527,0,0,3,3,0,1,1,1,1000361000,0,2,2,14904800,1863100,1863100,8,0,1761867,10,47654723442000,10,14,16666667,2,16,0
20260813_NV_A3_SMOKE_R0,14,15,758690,758735,764182,764221,764232,764232,764246,0,0,3,3,0,1,1,1,1000361000,0,2,2,15176000,1897000,1897000,8,0,1490667,10,47654723442000,10,15,16666667,2,16,0
20260813_NV_A3_SMOKE_R0,15,16,775350,775393,779684,779727,779741,779741,779782,0,0,3,3,0,1,1,1,1000361000,0,2,2,16657200,1850800,1850800,9,0,9467,10,47654723442000,10,16,16666667,2,16,0
20260813_NV_A3_SMOKE_R0,16,17,792003,792042,796360,796401,796413,796413,796432,0,0,3,3,0,1,1,1,1000361000,0,2,2,14926400,1865800,1865800,8,0,1740267,16,47654823403800,16,17,16666667,2,16,0
20260813_NV_A3_SMOKE_R0,17,18,808660,808693,812239,812276,812288,812288,812305,0,0,3,3,0,1,1,1,1000361000,0,2,2,14900800,1862600,1862600,8,0,1765867,16,47654823403800,16,18,16666667,2,16,0
20260813_NV_A3_SMOKE_R0,18,19,825310,825333,828150,828186,828200,828200,828227,0,0,3,3,0,1,1,1,1000361000,0,2,2,16660800,1851200,1851200,9,0,5867,16,47654823403800,16,19,16666667,2,16,0
20260813_NV_A3_SMOKE_R0,19,20,841979,842006,844490,844525,844534,844535,844563,0,0,3,3,0,1,1,1,1000361000,0,2,2,16655400,1850600,1850600,9,0,11267,16,47654823403800,16,20,16666667,2,16,0
20260813_NV_A3_SMOKE_R0,20,21,858644,858677,861821,861861,861874,861875,861893,0,0,3,3,0,1,1,1,1000361000,0,2,2,16652700,1850300,1850300,9,0,13967,16,47654823403800,16,21,16666667,2,16,0
20260813_NV_A3_SMOKE_R0,21,22,875316,875343,878622,878662,878673,878674,878689,0,0,3,3,0,1,1,1,1000361000,0,2,2,15053600,1881700,1881700,8,0,1613067,21,47654906702000,21,22,16666667,2,16,0
20260813_NV_A3_SMOKE_R0,22,23,892026,892056,895440,895480,895492,895492,895510,0,0,3,3,0,1,1,1,1000361000,0,2,2,16657200,1850800,1850800,9,0,9467,21,47654906702000,21,23,16666667,2,16,0
20260813_NV_A3_SMOKE_R0,23,24,908663,908697,912237,912276,912287,912287,912304,0,0,3,3,0,1,1,1,1000361000,0,2,2,14909600,1863700,1863700,8,0,1757067,23,47654940021700,23,24,16666667,2,16,0
20260813_NV_A3_SMOKE_R0,24,25,925342,925379,930596,930670,930691,930691,930720,0,0,3,3,0,1,1,1,1000361000,0,2,2,14889600,1861200,1861200,8,0,1777067,23,47654940021700,23,25,16666667,2,16,0
20260813_NV_A3_SMOKE_R0,25,26,942050,942110,948427,948490,948507,948508,948561,0,0,3,3,0,1,1,1,1000361000,0,2,2,16661700,1851300,1851300,9,0,4967,23,47654940021700,23,26,16666667,2,16,0
20260813_NV_A3_SMOKE_R0,26,27,958675,958714,963221,963261,963275,963276,963292,0,0,3,3,0,1,1,1,1000361000,0,2,2,14878400,1859800,1859800,8,0,1788267,26,47654991862400,26,27,16666667,2,16,0
20260813_NV_A3_SMOKE_R0,27,28,975337,975370,981239,981272,981281,981281,981295,0,0,3,3,0,1,1,1,1000361000,0,2,2,14968800,1871100,1871100,8,0,1697867,26,47654991862400,26,28,16666667,2,16,0
20260813_NV_A3_SMOKE_R0,28,29,991982,992005,994406,994457,994467,994468,994506,0,0,3,3,0,1,1,1,1000361000,0,2,2,14898400,1862300,1862300,8,0,1768267,26,47654991862400,26,29,16666667,2,16,0
20260813_NV_A3_SMOKE_R0,29,30,1008641,1008666,1010484,1010524,1010534,1010534,1010549,0,0,3,3,0,1,1,1,1000361000,0,2,2,14815200,1851900,1851900,8,0,1851467,29,47655038143000,29,30,16666667,2,16,0
20260813_NV_A3_SMOKE_R0,30,31,1025316,1025342,1027342,1027382,1027394,1027394,1027411,0,0,3,3,0,1,1,1,1000361000,0,2,2,16657200,1850800,1850800,9,0,9467,30,47655054801400,30,31,16666667,2,16,0
20260813_NV_A3_SMOKE_R0,31,32,1041998,1042030,1044585,1044639,1044653,1044654,1044678,0,0,3,3,0,1,1,1,1000361000,0,2,2,14909600,1863700,1863700,8,0,1757067,31,47655071468600,31,32,16666667,2,16,0
20260813_NV_A3_SMOKE_R0,32,33,1058665,1058699,1061339,1061382,1061395,1061396,1061413,0,0,3,3,0,1,1,1,1000361000,0,2,2,14870400,1858800,1858800,8,0,1796267,31,47655071468600,31,33,16666667,2,16,0
20260813_NV_A3_SMOKE_R0,33,34,1075313,1075337,1077620,1077671,1077686,1077687,1077707,0,0,3,3,0,1,1,1,1000361000,0,2,2,15730400,1966300,1966300,8,0,936267,33,47655104773300,33,34,16666667,2,16,0
20260813_NV_A3_SMOKE_R0,34,35,1092005,1092038,1097506,1097542,1097552,1097552,1097566,0,0,3,3,0,1,1,1,1000361000,0,2,2,16658100,1850900,1850900,9,0,8567,34,47655121439800,34,35,16666667,2,16,0
20260813_NV_A3_SMOKE_R0,35,36,1108636,1108659,1112137,1112188,1112203,1112203,1112225,0,0,3,3,0,1,1,1,1000361000,0,2,2,14968800,1871100,1871100,8,0,1697867,35,47655141885000,35,36,16666667,2,16,0
20260813_NV_A3_SMOKE_R0,36,37,1125384,1125445,1131912,1132004,1132032,1132033,1132073,0,0,3,3,0,1,1,1,1000361000,0,2,2,15076000,1884500,1884500,8,0,1590667,35,47655141885000,35,37,16666667,2,16,0
20260813_NV_A3_SMOKE_R0,37,38,1142030,1142077,1146193,1146277,1146301,1146302,1146337,0,0,3,3,0,1,1,1,1000361000,0,2,2,15210400,1901300,1901300,8,0,1456267,37,47655176971100,37,38,16666667,2,16,0
20260813_NV_A3_SMOKE_R0,38,39,1158718,1158772,1162392,1162452,1162470,1162471,1162493,0,0,3,3,0,1,1,1,1000361000,0,2,2,16655400,1850600,1850600,9,0,11267,38,47655189942700,38,39,16666667,2,16,0
20260813_NV_A3_SMOKE_R0,39,40,1175356,1175403,1178356,1178410,1178427,1178427,1178451,0,0,3,3,0,1,1,1,1000361000,0,2,2,14870400,1858800,1858800,8,0,1796267,39,47655206595200,39,40,16666667,2,16,0
20260813_NV_A3_SMOKE_R0,40,41,1192036,1192089,1197076,1197190,1197220,1197221,1197266,0,0,3,3,0,1,1,1,1000361000,0,2,2,14861600,1857700,1857700,8,0,1805067,40,47655223253000,40,41,16666667,2,16,0
20260813_NV_A3_SMOKE_R0,41,42,1209458,1209543,1216640,1216777,1216819,1216821,1216879,0,0,3,3,0,1,1,1,1000361000,0,2,2,16652700,1850300,1850300,9,0,13967,41,47655241776000,41,42,16666667,2,16,0
20260813_NV_A3_SMOKE_R0,42,43,1225408,1225483,1235401,1235440,1235454,1235455,1235470,0,0,3,3,0,1,1,1,1000361000,0,2,2,14892800,1861600,1861600,8,0,1773867,42,47655260289800,42,43,16666667,2,16,0
20260813_NV_A3_SMOKE_R0,43,44,1241971,1241989,1244701,1244736,1244746,1244746,1244761,0,0,3,3,0,1,1,1,1000361000,0,2,2,15042400,1880300,1880300,8,0,1624267,42,47655260289800,42,44,16666667,2,16,0
20260813_NV_A3_SMOKE_R0,44,45,1258633,1258652,1261179,1261211,1261220,1261221,1261246,0,0,3,3,0,1,1,1,1000361000,0,2,2,16657200,1850800,1850800,9,0,9467,42,47655260289800,42,45,16666667,2,16,0
20260813_NV_A3_SMOKE_R0,45,46,1275303,1275326,1278654,1278685,1278694,1278694,1278719,0,0,3,3,0,1,1,1,1000361000,0,2,2,15185600,1898200,1898200,8,0,1481067,42,47655260289800,42,46,16666667,2,16,0
20260813_NV_A3_SMOKE_R0,46,47,1291974,1292001,1295195,1295226,1295235,1295235,1295248,0,0,3,3,0,1,1,1,1000361000,0,2,2,16654500,1850500,1850500,9,0,12167,42,47655260289800,42,47,16666667,2,16,0
20260813_NV_A3_SMOKE_R0,47,48,1308667,1308696,1312411,1312450,1312461,1312461,1312496,0,0,3,3,0,1,1,1,1000361000,0,2,2,14866400,1858300,1858300,8,0,1800267,42,47655260289800,42,48,16666667,2,16,0
20260813_NV_A3_SMOKE_R0,48,49,1325316,1325342,1328312,1328345,1328354,1328355,1328368,0,0,3,3,0,1,1,1,1000361000,0,2,2,14849600,1856200,1856200,8,0,1817067,42,47655260289800,42,49,16666667,2,16,0
20260813_NV_A3_SMOKE_R0,49,50,1341987,1342017,1347637,1347706,1347728,1347728,1347925,0,0,3,3,0,1,1,1,1000361000,0,2,2,16658100,1850900,1850900,9,0,8567,42,47655260289800,42,50,16666667,2,16,0
20260813_NV_A3_SMOKE_R0,50,51,1358681,1358722,1363079,1363158,1363181,1363181,1363210,0,0,3,3,0,1,1,1,1000361000,0,2,2,14958400,1869800,1869800,8,0,1708267,50,47655391748900,50,51,16666667,2,16,0
20260813_NV_A3_SMOKE_R0,51,52,1375364,1375411,1380776,1380856,1380885,1380886,1380921,0,0,3,3,0,1,1,1,1000361000,0,2,2,16661700,1851300,1851300,9,0,4967,51,47655408380000,51,52,16666667,2,16,0
20260813_NV_A3_SMOKE_R0,52,53,1392039,1392089,1396113,1396165,1396184,1396185,1396205,0,0,3,3,0,1,1,1,1000361000,0,2,2,16657200,1850800,1850800,9,0,9467,52,47655425013000,52,53,16666667,2,16,0
20260813_NV_A3_SMOKE_R0,53,54,1408668,1408701,1413170,1413209,1413222,1413223,1413237,0,0,3,3,0,1,1,1,1000361000,0,2,2,16653600,1850400,1850400,9,0,13067,52,47655425013000,52,54,16666667,2,16,0
20260813_NV_A3_SMOKE_R0,54,55,1425316,1425342,1428744,1428812,1428833,1428834,1428860,0,0,3,3,0,1,1,1,1000361000,0,2,2,16660800,1851200,1851200,9,0,5867,52,47655425013000,52,55,16666667,2,16,0
20260813_NV_A3_SMOKE_R0,55,56,1442077,1442147,1449045,1449101,1449121,1449122,1449147,0,0,3,3,0,1,1,1,1000361000,0,2,2,14828000,1853500,1853500,8,0,1838667,52,47655425013000,52,56,16666667,2,16,0
20260813_NV_A3_SMOKE_R0,56,57,1458677,1458713,1461987,1462027,1462039,1462040,1462055,0,0,3,3,0,1,1,1,1000361000,0,2,2,14872000,1859000,1859000,8,0,1794667,52,47655425013000,52,57,16666667,2,16,0
20260813_NV_A3_SMOKE_R0,57,58,1475329,1475363,1478966,1479018,1479033,1479034,1479078,0,0,3,3,0,1,1,1,1000361000,0,2,2,15023200,1877900,1877900,8,0,1643467,52,47655425013000,52,58,16666667,2,16,0
20260813_NV_A3_SMOKE_R0,58,59,1492347,1492389,1495879,1495946,1495966,1495967,1496030,0,0,3,3,0,1,1,1,1000361000,0,2,2,15735200,1966900,1966900,8,0,931467,52,47655425013000,52,59,16666667,2,16,0
20260813_NV_A3_SMOKE_R0,59,60,1508743,1508811,1514917,1514949,1514959,1514959,1514972,0,0,3,3,0,1,1,1,1000361000,0,2,2,16657200,1850800,1850800,9,0,9467,59,47655539824700,59,60,16666667,2,16,0
20260813_NV_A3_SMOKE_R0,60,61,1525365,1525469,1529892,1529949,1529966,1529966,1529989,0,0,3,3,0,1,1,1,1000361000,0,2,2,16656300,1850700,1850700,9,0,10367,59,47655539824700,59,61,16666667,2,16,0
20260813_NV_A3_SMOKE_R0,61,62,1542015,1542053,1546864,1546950,1546987,1546988,1547020,0,0,3,3,0,1,1,1,1000361000,0,2,2,16662600,1851400,1851400,9,0,4067,59,47655539824700,59,62,16666667,2,16,0
20260813_NV_A3_SMOKE_R0,62,63,1558696,1558740,1562017,1562063,1562076,1562076,1562095,0,0,3,3,0,1,1,1,1000361000,0,2,2,16653600,1850400,1850400,9,0,13067,59,47655539824700,59,63,16666667,2,16,0
20260813_NV_A3_SMOKE_R0,63,64,1575341,1575380,1578862,1578908,1578922,1578922,1578950,0,0,3,3,0,1,1,1,1000361000,0,2,2,14985600,1873200,1873200,8,0,1681067,59,47655539824700,59,64,16666667,2,16,0
20260813_NV_A3_SMOKE_R0,64,65,1592010,1592048,1595256,1595297,1595311,1595311,1595328,0,0,3,3,0,1,1,1,1000361000,0,2,2,16657200,1850800,1850800,9,0,9467,59,47655539824700,59,65,16666667,2,16,0
20260813_NV_A3_SMOKE_R0,65,66,1608669,1608709,1611713,1611752,1611764,1611764,1611801,0,0,3,3,0,1,1,1,1000361000,0,2,2,15118400,1889800,1889800,8,0,1548267,59,47655539824700,59,66,16666667,2,16,0
20260813_NV_A3_SMOKE_R0,66,67,1625323,1625360,1628265,1628311,1628325,1628325,1628346,0,0,3,3,0,1,1,1,1000361000,0,2,2,15293600,1911700,1911700,8,0,1373067,59,47655539824700,59,67,16666667,2,16,0
20260813_NV_A3_SMOKE_R0,67,68,1641985,1642021,1644986,1645028,1645041,1645042,1645194,0,0,3,3,0,1,1,1,1000361000,0,2,2,17205300,1911700,1911700,9,1373067,834434,59,47655539824700,59,68,16666667,2,16,0
20260813_NV_A3_SMOKE_R0,68,69,1658665,1658701,1662017,1662063,1662077,1662078,1662100,0,0,3,3,0,1,1,1,1000361000,0,2,2,15619200,1952400,1952400,8,0,1047467,68,47655689758300,68,69,16666667,2,16,0
20260813_NV_A3_SMOKE_R0,69,70,1675325,1675357,1678978,1679023,1679039,1679040,1679060,0,0,3,3,0,1,1,1,1000361000,0,2,2,16653600,1850400,1850400,9,0,13067,68,47655689758300,68,70,16666667,2,16,0
20260813_NV_A3_SMOKE_R0,70,71,1691983,1692008,1694164,1694199,1694208,1694209,1694237,0,0,3,3,0,1,1,1,1000361000,0,2,2,14940000,1867500,1867500,8,0,1726667,68,47655689758300,68,71,16666667,2,16,0
20260813_NV_A3_SMOKE_R0,71,72,1708645,1708673,1714722,1714758,1714770,1714770,1714783,0,0,3,3,0,1,1,1,1000361000,0,2,2,15523200,1940400,1940400,8,0,1143467,68,47655689758300,68,72,16666667,2,16,0
20260813_NV_A3_SMOKE_R0,72,73,1725300,1725320,1727725,1727772,1727790,1727791,1727832,0,0,3,3,0,1,1,1,1000361000,0,2,2,14976000,1872000,1872000,8,0,1690667,68,47655689758300,68,73,16666667,2,16,0
20260813_NV_A3_SMOKE_R0,73,74,1742052,1742092,1747152,1747262,1747297,1747298,1747340,0,0,3,3,0,1,1,1,1000361000,0,2,2,15118400,1889800,1889800,8,0,1548267,73,47655771211500,73,74,16666667,2,16,0
20260813_NV_A3_SMOKE_R0,74,75,1758776,1758860,1764181,1764264,1764293,1764294,1764324,0,0,3,3,0,1,1,1,1000361000,0,2,2,16656300,1850700,1850700,9,0,10367,74,47655791560300,74,75,16666667,2,16,0
20260813_NV_A3_SMOKE_R0,75,76,1775360,1775403,1780029,1780081,1780098,1780098,1780119,0,0,3,3,0,1,1,1,1000361000,0,2,2,15293600,1911700,1911700,8,0,1373067,75,47655808244100,75,76,16666667,2,16,0
20260813_NV_A3_SMOKE_R0,76,77,1792047,1792102,1797874,1797947,1797974,1797975,1798009,0,0,3,3,0,1,1,1,1000361000,0,2,2,14836000,1854500,1854500,8,0,1830667,76,47655824887600,76,77,16666667,2,16,0
20260813_NV_A3_SMOKE_R0,77,78,1808710,1808760,1814272,1814340,1814361,1814361,1814430,0,0,3,3,0,1,1,1,1000361000,0,2,2,14823200,1852900,1852900,8,0,1843467,76,47655824887600,76,78,16666667,2,16,0
20260813_NV_A3_SMOKE_R0,78,79,1825352,1825404,1830884,1830972,1831002,1831003,1831054,0,0,3,3,0,1,1,1,1000361000,0,2,2,14940000,1867500,1867500,8,0,1726667,78,47655858225300,78,79,16666667,2,16,0
20260813_NV_A3_SMOKE_R0,79,80,1842053,1842112,1847418,1847482,1847502,1847503,1847528,0,0,3,3,0,1,1,1,1000361000,0,2,2,14985600,1873200,1873200,8,0,1681067,79,47655874877100,79,80,16666667,2,16,0
20260813_NV_A3_SMOKE_R0,80,81,1858707,1858757,1863350,1863506,1863555,1863556,1863591,0,0,3,3,0,1,1,1,1000361000,0,2,2,14976000,1872000,1872000,8,0,1690667,80,47655891531200,80,81,16666667,2,16,0
20260813_NV_A3_SMOKE_R0,81,82,1875386,1875449,1880557,1880626,1880646,1880646,1880670,0,0,3,3,0,1,1,1,1000361000,0,2,2,15118400,1889800,1889800,8,0,1548267,81,47655908210500,81,82,16666667,2,16,0
20260813_NV_A3_SMOKE_R0,82,83,1892010,1892048,1895176,1895228,1895251,1895252,1895276,0,0,3,3,0,1,1,1,1000361000,0,2,2,16654500,1850500,1850500,9,0,12167,81,47655908210500,81,83,16666667,2,16,0
20260813_NV_A3_SMOKE_R0,83,84,1908664,1908703,1912301,1912449,1912475,1912475,1912614,0,0,3,3,0,1,1,1,1000361000,0,2,2,16654500,1850500,1850500,9,12167,24334,81,47655908210500,81,84,16666667,2,16,0
20260813_NV_A3_SMOKE_R0,84,85,1925327,1925360,1928355,1928408,1928426,1928427,1928448,0,0,3,3,0,1,1,1,1000361000,0,2,2,15476000,1934500,1934500,8,0,1190667,81,47655908210500,81,85,16666667,2,16,0
20260813_NV_A3_SMOKE_R0,85,86,1941995,1942025,1945086,1945127,1945140,1945140,1945159,0,0,3,3,0,1,1,1,1000361000,0,2,2,16657200,1850800,1850800,9,0,9467,81,47655908210500,81,86,16666667,2,16,0
20260813_NV_A3_SMOKE_R0,86,87,1959051,1959097,1962748,1962820,1962843,1962844,1962912,0,0,3,3,0,1,1,1,1000361000,0,2,2,14930400,1866300,1866300,8,0,1736267,81,47655908210500,81,87,16666667,2,16,0
20260813_NV_A3_SMOKE_R0,87,88,1975420,1975498,1982605,1982642,1982653,1982653,1982667,0,0,3,3,0,1,1,1,1000361000,0,2,2,15347200,1918400,1918400,8,0,1319467,81,47655908210500,81,88,16666667,2,16,0
20260813_NV_A3_SMOKE_R0,88,89,1992078,1992146,1997695,1997770,1997796,1997796,1997870,0,0,3,3,0,1,1,1,1000361000,0,2,2,14965600,1870700,1870700,8,0,1701067,81,47655908210500,81,89,16666667,2,16,0
20260813_NV_A3_SMOKE_R0,89,90,2008680,2008724,2012195,2012242,2012257,2012257,2012284,0,0,3,3,0,1,1,1,1000361000,0,2,2,15118400,1889800,1889800,8,0,1548267,89,47656041496700,89,90,16666667,2,16,0
20260813_NV_A3_SMOKE_R0,90,91,2025344,2025383,2028517,2028566,2028581,2028581,2028621,0,0,3,3,0,1,1,1,1000361000,0,2,2,14885600,1860700,1860700,8,0,1781067,89,47656041496700,89,91,16666667,2,16,0
20260813_NV_A3_SMOKE_R0,91,92,2042002,2042043,2045261,2045307,2045321,2045321,2045359,0,0,3,3,0,1,1,1,1000361000,0,2,2,16656300,1850700,1850700,9,0,10367,89,47656041496700,89,92,16666667,2,16,0
20260813_NV_A3_SMOKE_R0,92,93,2058661,2058694,2061558,2061604,2061619,2061620,2061659,0,0,3,3,0,1,1,1,1000361000,0,2,2,16654500,1850500,1850500,9,0,12167,89,47656041496700,89,93,16666667,2,16,0
20260813_NV_A3_SMOKE_R0,93,94,2075322,2075355,2078384,2078428,2078440,2078441,2078459,0,0,3,3,0,1,1,1,1000361000,0,2,2,15357600,1919700,1919700,8,0,1309067,89,47656041496700,89,94,16666667,2,16,0
20260813_NV_A3_SMOKE_R0,94,95,2092021,2092062,2095043,2095108,2095124,2095125,2095153,0,0,3,3,0,1,1,1,1000361000,0,2,2,16657200,1850800,1850800,9,0,9467,89,47656041496700,89,95,16666667,2,16,0
20260813_NV_A3_SMOKE_R0,95,96,2108674,2108711,2111758,2111805,2111819,2111820,2111865,0,0,3,3,0,1,1,1,1000361000,0,2,2,14922400,1865300,1865300,8,0,1744267,89,47656041496700,89,96,16666667,2,16,0
20260813_NV_A3_SMOKE_R0,96,97,2125338,2125378,2130022,2130145,2130186,2130187,2130240,0,0,3,3,0,1,1,1,1000361000,0,2,2,15250400,1906300,1906300,8,0,1416267,89,47656041496700,89,97,16666667,2,16,0
20260813_NV_A3_SMOKE_R0,97,98,2142097,2142171,2148219,2148290,2148315,2148315,2148349,0,0,3,3,0,1,1,1,1000361000,0,2,2,16657200,1850800,1850800,9,0,9467,97,47656174773800,97,98,16666667,2,16,0
20260813_NV_A3_SMOKE_R0,98,99,2158699,2158757,2164642,2164759,2164798,2164799,2164854,0,0,3,3,0,1,1,1,1000361000,0,2,2,14885600,1860700,1860700,8,0,1781067,98,47656193264000,98,99,16666667,2,16,0
20260813_NV_A3_SMOKE_R0,99,100,2175389,2175462,2181871,2181959,2181988,2181989,2182025,0,0,3,3,0,1,1,1,1000361000,0,2,2,15210400,1901300,1901300,8,0,1456267,98,47656193264000,98,100,16666667,2,16,0
20260813_NV_A3_SMOKE_R0,100,101,2192293,2192360,2196367,2196424,2196443,2196443,2196465,0,0,3,3,0,1,1,1,1000361000,0,2,2,15323200,1915400,1915400,8,0,1343467,100,47656226580900,100,101,16666667,2,16,0
20260813_NV_A3_SMOKE_R0,101,102,2208690,2208738,2213687,2213793,2213829,2213830,2213932,0,0,3,3,0,1,1,1,1000361000,0,2,2,14832000,1854000,1854000,8,0,1834667,100,47656226580900,100,102,16666667,2,16,0
20260813_NV_A3_SMOKE_R0,102,103,2225456,2225536,2231270,2231346,2231375,2231376,2231408,0,0,3,3,0,1,1,1,1000361000,0,2,2,16657200,1850800,1850800,9,0,9467,102,47656258088700,102,103,16666667,2,16,0
20260813_NV_A3_SMOKE_R0,103,104,2242015,2242058,2245217,2245262,2245275,2245275,2245291,0,0,3,3,0,1,1,1,1000361000,0,2,2,15309600,1913700,1913700,8,0,1357067,103,47656276554600,103,104,16666667,2,16,0
20260813_NV_A3_SMOKE_R0,104,105,2258679,2258718,2261696,2261747,2261763,2261763,2261782,0,0,3,3,0,1,1,1,1000361000,0,2,2,14927200,1865900,1865900,8,0,1739467,103,47656276554600,103,105,16666667,2,16,0
20260813_NV_A3_SMOKE_R0,105,106,2275357,2275408,2279165,2279215,2279231,2279231,2279278,0,0,3,3,0,1,1,1,1000361000,0,2,2,16657200,1850800,1850800,9,0,9467,103,47656276554600,103,106,16666667,2,16,0
20260813_NV_A3_SMOKE_R0,106,107,2292010,2292053,2295213,2295260,2295276,2295276,2295317,0,0,3,3,0,1,1,1,1000361000,0,2,2,15098400,1887300,1887300,8,0,1568267,103,47656276554600,103,107,16666667,2,16,0
20260813_NV_A3_SMOKE_R0,107,108,2308672,2308712,2311880,2311927,2311942,2311942,2311962,0,0,3,3,0,1,1,1,1000361000,0,2,2,16646400,1849600,1849600,9,0,20267,103,47656276554600,103,108,16666667,2,16,0
20260813_NV_A3_SMOKE_R0,108,109,2325336,2325374,2329629,2329715,2329744,2329745,2329825,0,0,3,3,0,1,1,1,1000361000,0,2,2,15184800,1898100,1898100,8,0,1481867,103,47656276554600,103,109,16666667,2,16,0
20260813_NV_A3_SMOKE_R0,109,110,2342107,2342197,2348340,2348410,2348431,2348432,2348470,0,0,3,3,0,1,1,1,1000361000,0,2,2,14829600,1853700,1853700,8,0,1837067,109,47656374714100,109,110,16666667,2,16,0
20260813_NV_A3_SMOKE_R0,110,111,2358696,2358745,2362367,2362423,2362440,2362441,2362462,0,0,3,3,0,1,1,1,1000361000,0,2,2,16657200,1850800,1850800,9,0,9467,110,47656393162600,110,111,16666667,2,16,0
20260813_NV_A3_SMOKE_R0,111,112,2375360,2375405,2379371,2379420,2379440,2379440,2379585,0,0,3,3,0,1,1,1,1000361000,0,2,2,14908000,1863500,1863500,8,0,1758667,110,47656393162600,110,112,16666667,2,16,0
20260813_NV_A3_SMOKE_R0,112,113,2392012,2392052,2395377,2395423,2395444,2395445,2395466,0,0,3,3,0,1,1,1,1000361000,0,2,2,15167200,1895900,1895900,8,0,1499467,110,47656393162600,110,113,16666667,2,16,0
20260813_NV_A3_SMOKE_R0,113,114,2408698,2408743,2412403,2412450,2412468,2412468,2412489,0,0,3,3,0,1,1,1,1000361000,0,2,2,16657200,1850800,1850800,9,0,9467,113,47656439466200,113,114,16666667,2,16,0
20260813_NV_A3_SMOKE_R0,114,115,2425353,2425398,2430446,2430589,2430628,2430629,2430715,0,0,3,3,0,1,1,1,1000361000,0,2,2,15080000,1885000,1885000,8,0,1586667,113,47656439466200,113,115,16666667,2,16,0
20260813_NV_A3_SMOKE_R0,115,116,2442596,2442669,2450194,2450226,2450236,2450237,2450250,0,0,3,3,0,1,1,1,1000361000,0,2,2,16645500,1849500,1849500,9,0,21167,113,47656439466200,113,116,16666667,2,16,0
20260813_NV_A3_SMOKE_R0,116,117,2458724,2458806,2464523,2464557,2464568,2464568,2464595,0,0,3,3,0,1,1,1,1000361000,0,2,2,15160800,1895100,1895100,8,0,1505867,113,47656439466200,113,117,16666667,2,16,0
20260813_NV_A3_SMOKE_R0,117,118,2475995,2476061,2480892,2480960,2480981,2480981,2481009,0,0,3,3,0,1,1,1,1000361000,0,2,2,14828000,1853500,1853500,8,0,1838667,113,47656439466200,113,118,16666667,2,16,0
20260813_NV_A3_SMOKE_R0,118,119,2492040,2492097,2497121,2497155,2497166,2497166,2497177,0,0,3,3,0,1,1,1,1000361000,0,2,2,16657200,1850800,1850800,9,0,9467,118,47656524611600,118,119,16666667,2,16,0
20260813_NV_A3_SMOKE_R0,119,120,2508740,2508808,2512989,2513044,2513060,2513061,2513104,0,0,3,3,0,1,1,1,1000361000,0,2,2,14901600,1862700,1862700,8,0,1765067,118,47656524611600,118,120,16666667,2,16,0
20260813_NV_A3_SMOKE_R0,120,121,2525342,2525419,2528516,2528572,2528589,2528589,2528614,0,0,3,3,0,1,1,1,1000361000,0,2,2,15103200,1887900,1887900,8,0,1563467,120,47656557956800,120,121,16666667,2,16,0
20260813_NV_A3_SMOKE_R0,121,122,2541982,2542008,2543935,2543983,2543994,2543994,2544011,0,0,3,3,0,1,1,1,1000361000,0,2,2,16657200,1850800,1850800,9,0,9467,120,47656557956800,120,122,16666667,2,16,0
20260813_NV_A3_SMOKE_R0,122,123,2558654,2558682,2560915,2560952,2560967,2560967,2561002,0,0,3,3,0,1,1,1,1000361000,0,2,2,15080000,1885000,1885000,8,0,1586667,120,47656557956800,120,123,16666667,2,16,0
20260813_NV_A3_SMOKE_R0,123,124,2575385,2575423,2579273,2579359,2579388,2579389,2579424,0,0,3,3,0,1,1,1,1000361000,0,2,2,16648200,1849800,1849800,9,0,18467,123,47656604235500,123,124,16666667,2,16,0
20260813_NV_A3_SMOKE_R0,124,125,2592075,2592145,2597465,2597676,2597723,2597724,2597759,0,0,3,3,0,1,1,1,1000361000,0,2,2,16658100,1850900,1850900,9,0,8567,124,47656624610700,124,125,16666667,2,16,0
20260813_NV_A3_SMOKE_R0,125,126,2608705,2608748,2613683,2613790,2613831,2613832,2613878,0,0,3,3,0,1,1,1,1000361000,0,2,2,16665300,1851700,1851700,9,0,1367,124,47656624610700,124,126,16666667,2,16,0
20260813_NV_A3_SMOKE_R0,126,127,2625364,2625407,2629497,2629593,2629626,2629627,2629659,0,0,3,3,0,1,1,1,1000361000,0,2,2,14944000,1868000,1868000,8,0,1722667,126,47656659767300,126,127,16666667,2,16,0
20260813_NV_A3_SMOKE_R0,127,128,2642055,2642111,2648279,2648384,2648416,2648416,2648457,0,0,3,3,0,1,1,1,1000361000,0,2,2,16657200,1850800,1850800,9,0,9467,126,47656659767300,126,128,16666667,2,16,0
20260813_NV_A3_SMOKE_R0,128,129,2658741,2658810,2664615,2664702,2664731,2664732,2664761,0,0,3,3,0,1,1,1,1000361000,0,2,2,15338400,1917300,1917300,8,0,1328267,128,47656693062200,128,129,16666667,2,16,0
20260813_NV_A3_SMOKE_R0,129,130,2675366,2675412,2679225,2679273,2679289,2679289,2679306,0,0,3,3,0,1,1,1,1000361000,0,2,2,15081600,1885200,1885200,8,0,1585067,129,47656709746700,129,130,16666667,2,16,0
20260813_NV_A3_SMOKE_R0,130,131,2691999,2692036,2695990,2696077,2696106,2696107,2696191,0,0,3,3,0,1,1,1,1000361000,0,2,2,16658100,1850900,1850900,9,0,8567,129,47656709746700,129,131,16666667,2,16,0
20260813_NV_A3_SMOKE_R0,131,132,2708735,2708796,2714217,2714285,2714306,2714307,2714333,0,0,3,3,0,1,1,1,1000361000,0,2,2,14824800,1853100,1853100,8,0,1841867,131,47656741229400,131,132,16666667,2,16,0
20260813_NV_A3_SMOKE_R0,132,133,2725363,2725407,2729802,2729910,2729944,2729945,2729984,0,0,3,3,0,1,1,1,1000361000,0,2,2,14882400,1860300,1860300,8,0,1784267,131,47656741229400,131,133,16666667,2,16,0
20260813_NV_A3_SMOKE_R0,133,134,2742103,2742184,2748085,2748179,2748206,2748206,2748241,0,0,3,3,0,1,1,1,1000361000,0,2,2,14935200,1866900,1866900,8,0,1731467,133,47656774547800,133,134,16666667,2,16,0
20260813_NV_A3_SMOKE_R0,134,135,2758729,2758786,2762477,2762530,2762548,2762549,2762568,0,0,3,3,0,1,1,1,1000361000,0,2,2,16227200,2028400,2028400,8,0,439467,134,47656793041300,134,135,16666667,2,16,0
20260813_NV_A3_SMOKE_R0,135,136,2775360,2775404,2778910,2779002,2779020,2779020,2779043,0,0,3,3,0,1,1,1,1000361000,0,2,2,15062400,1882800,1882800,8,0,1604267,135,47656806002800,135,136,16666667,2,16,0
20260813_NV_A3_SMOKE_R0,136,137,2791998,2792027,2794674,2794721,2794736,2794736,2794755,0,0,3,3,0,1,1,1,1000361000,0,2,2,16649100,1849900,1849900,9,0,17567,135,47656806002800,135,137,16666667,2,16,0
20260813_NV_A3_SMOKE_R0,137,138,2808662,2808699,2811518,2811565,2811578,2811578,2811697,0,0,3,3,0,1,1,1,1000361000,0,2,2,15064000,1883000,1883000,8,0,1602667,135,47656806002800,135,138,16666667,2,16,0
20260813_NV_A3_SMOKE_R0,138,139,2825325,2825357,2828087,2828131,2828145,2828146,2828163,0,0,3,3,0,1,1,1,1000361000,0,2,2,14820800,1852600,1852600,8,0,1845867,135,47656806002800,135,139,16666667,2,16,0
20260813_NV_A3_SMOKE_R0,139,140,2842007,2842043,2845270,2845316,2845330,2845330,2845376,0,0,3,3,0,1,1,1,1000361000,0,2,2,16664400,1851600,1851600,9,0,2267,135,47656806002800,135,140,16666667,2,16,0
20260813_NV_A3_SMOKE_R0,140,141,2858689,2858733,2863403,2863518,2863553,2863554,2863772,0,0,3,3,0,1,1,1,1000361000,0,2,2,16657200,1850800,1850800,9,0,9467,135,47656806002800,135,141,16666667,2,16,0
20260813_NV_A3_SMOKE_R0,141,142,2875386,2875445,2881806,2881883,2881905,2881905,2881932,0,0,3,3,0,1,1,1,1000361000,0,2,2,14912000,1864000,1864000,8,0,1754667,135,47656806002800,135,142,16666667,2,16,0
20260813_NV_A3_SMOKE_R0,142,143,2892168,2892227,2896152,2896222,2896243,2896244,2896280,0,0,3,3,0,1,1,1,1000361000,0,2,2,16656300,1850700,1850700,9,0,10367,135,47656806002800,135,143,16666667,2,16,0
20260813_NV_A3_SMOKE_R0,143,144,2908690,2908732,2912161,2912228,2912243,2912243,2912264,0,0,3,3,0,1,1,1,1000361000,0,2,2,15243200,1905400,1905400,8,0,1423467,143,47656941126500,143,144,16666667,2,16,0
20260813_NV_A3_SMOKE_R0,144,145,2925396,2925438,2928363,2928433,2928458,2928458,2928485,0,0,3,3,0,1,1,1,1000361000,0,2,2,15018400,1877300,1877300,8,0,1648267,143,47656941126500,143,145,16666667,2,16,0
20260813_NV_A3_SMOKE_R0,145,146,2942070,2942149,2947676,2947739,2947758,2947759,2947789,0,0,3,3,0,1,1,1,1000361000,0,2,2,15290400,1911300,1911300,8,0,1376267,145,47656972623900,145,146,16666667,2,16,0
20260813_NV_A3_SMOKE_R0,146,147,2958680,2958714,2961498,2961543,2961556,2961557,2961595,0,0,3,3,0,1,1,1,1000361000,0,2,2,14820000,1852500,1852500,8,0,1846667,145,47656972623900,145,147,16666667,2,16,0
20260813_NV_A3_SMOKE_R0,147,148,2975318,2975358,2978679,2978731,2978745,2978745,2978792,0,0,3,3,0,1,1,1,1000361000,0,2,2,16664400,1851600,1851600,9,0,2267,145,47656972623900,145,148,16666667,2,16,0
20260813_NV_A3_SMOKE_R0,148,149,2992013,2992053,2995190,2995237,2995258,2995258,2995299,0,0,3,3,0,1,1,1,1000361000,0,2,2,16657200,1850800,1850800,9,0,9467,145,47656972623900,145,149,16666667,2,16,0
20260813_NV_A3_SMOKE_R0,149,150,3008681,3008721,3013905,3014021,3014062,3014064,3014130,0,0,3,3,0,1,1,1,1000361000,0,2,2,14892000,1861500,1861500,8,0,1774667,145,47656972623900,145,150,16666667,2,16,0
20260813_NV_A3_SMOKE_R0,150,151,3025420,3025487,3030131,3030205,3030234,3030235,3030261,0,0,3,3,0,1,1,1,1000361000,0,2,2,16657200,1850800,1850800,9,0,9467,150,47657059628900,150,151,16666667,2,16,0
20260813_NV_A3_SMOKE_R0,151,152,3042039,3042089,3045670,3045716,3045734,3045735,3045757,0,0,3,3,0,1,1,1,1000361000,0,2,2,15677600,1959700,1959700,8,0,989067,151,47657074408300,151,152,16666667,2,16,0
20260813_NV_A3_SMOKE_R0,152,153,3058776,3058830,3063698,3063805,3063841,3063842,3063952,0,0,3,3,0,1,1,1,1000361000,0,2,2,16656300,1850700,1850700,9,0,10367,151,47657074408300,151,153,16666667,2,16,0
20260813_NV_A3_SMOKE_R0,153,154,3075433,3075511,3081562,3081627,3081649,3081649,3081682,0,0,3,3,0,1,1,1,1000361000,0,2,2,15018400,1877300,1877300,8,0,1648267,153,47657109638700,153,154,16666667,2,16,0
20260813_NV_A3_SMOKE_R0,154,155,3092117,3092160,3095195,3095237,3095252,3095253,3095269,0,0,3,3,0,1,1,1,1000361000,0,2,2,16659900,1851100,1851100,9,0,6767,153,47657109638700,153,155,16666667,2,16,0
20260813_NV_A3_SMOKE_R0,155,156,3108688,3108733,3114342,3114419,3114451,3114452,3114757,0,0,3,3,0,1,1,1,1000361000,0,2,2,16663500,1851500,1851500,9,0,3167,153,47657109638700,153,156,16666667,2,16,0
20260813_NV_A3_SMOKE_R0,156,157,3125537,3125600,3130475,3130543,3130570,3130571,3130609,0,0,3,3,0,1,1,1,1000361000,0,2,2,15205600,1900700,1900700,8,0,1461067,153,47657109638700,153,157,16666667,2,16,0
20260813_NV_A3_SMOKE_R0,157,158,3142021,3142073,3148600,3148658,3148669,3148669,3148682,0,0,3,3,0,1,1,1,1000361000,0,2,2,15978400,1997300,1997300,8,0,688267,153,47657109638700,153,158,16666667,2,16,0
20260813_NV_A3_SMOKE_R0,158,159,3158746,3158809,3164299,3164360,3164384,3164385,3164426,0,0,3,3,0,1,1,1,1000361000,0,2,2,15479200,1934900,1934900,8,0,1187467,158,47657192875000,158,159,16666667,2,16,0
20260813_NV_A3_SMOKE_R0,159,160,3175376,3175421,3178911,3178949,3178962,3178963,3178988,0,0,3,3,0,1,1,1,1000361000,0,2,2,16656300,1850700,1850700,9,0,10367,159,47657207693400,159,160,16666667,2,16,0
20260813_NV_A3_SMOKE_R0,160,161,3192023,3192063,3194903,3194947,3194962,3194962,3194981,0,0,3,3,0,1,1,1,1000361000,0,2,2,15018400,1877300,1877300,8,0,1648267,160,47657222525900,160,161,16666667,2,16,0
20260813_NV_A3_SMOKE_R0,161,162,3208834,3208876,3212242,3212303,3212323,3212323,3212352,0,0,3,3,0,1,1,1,1000361000,0,2,2,16658100,1850900,1850900,9,0,8567,160,47657222525900,160,162,16666667,2,16,0
20260813_NV_A3_SMOKE_R0,162,163,3225371,3225423,3229147,3229194,3229213,3229213,3229238,0,0,3,3,0,1,1,1,1000361000,0,2,2,15727200,1965900,1965900,8,0,939467,162,47657255904900,162,163,16666667,2,16,0
20260813_NV_A3_SMOKE_R0,163,164,3242014,3242058,3245588,3245627,3245641,3245642,3245684,0,0,3,3,0,1,1,1,1000361000,0,2,2,14877600,1859700,1859700,8,0,1789067,162,47657255904900,162,164,16666667,2,16,0
20260813_NV_A3_SMOKE_R0,164,165,3258646,3258678,3261655,3261691,3261705,3261706,3261745,0,0,3,3,0,1,1,1,1000361000,0,2,2,15205600,1900700,1900700,8,0,1461067,162,47657255904900,162,165,16666667,2,16,0
20260813_NV_A3_SMOKE_R0,165,166,3275362,3275410,3279063,3279110,3279125,3279125,3279169,0,0,3,3,0,1,1,1,1000361000,0,2,2,14886400,1860800,1860800,8,0,1780267,162,47657255904900,162,166,16666667,2,16,0
20260813_NV_A3_SMOKE_R0,166,167,3292010,3292042,3294738,3294776,3294791,3294791,3294834,0,0,3,3,0,1,1,1,1000361000,0,2,2,15485600,1935700,1935700,8,0,1181067,162,47657255904900,162,167,16666667,2,16,0
20260813_NV_A3_SMOKE_R0,167,168,3308663,3308697,3311736,3311773,3311787,3311788,3311831,0,0,3,3,0,1,1,1,1000361000,0,2,2,15978400,1997300,1997300,8,0,688267,162,47657255904900,162,168,16666667,2,16,0
20260813_NV_A3_SMOKE_R0,168,169,3325328,3325366,3328433,3328471,3328484,3328485,3328526,0,0,3,3,0,1,1,1,1000361000,0,2,2,16657200,1850800,1850800,9,0,9467,162,47657255904900,162,169,16666667,2,16,0
20260813_NV_A3_SMOKE_R0,169,170,3342004,3342043,3345385,3345421,3345435,3345436,3345455,0,0,3,3,0,1,1,1,1000361000,0,2,2,16656300,1850700,1850700,9,0,10367,162,47657255904900,162,170,16666667,2,16,0
20260813_NV_A3_SMOKE_R0,170,171,3358676,3358718,3363321,3363427,3363471,3363472,3363518,0,0,3,3,0,1,1,1,1000361000,0,2,2,16659000,1851000,1851000,9,0,7667,162,47657255904900,162,171,16666667,2,16,0
20260813_NV_A3_SMOKE_R0,171,172,3375456,3375546,3381262,3381319,3381341,3381341,3381373,0,0,3,3,0,1,1,1,1000361000,0,2,2,16661700,1851300,1851300,9,0,4967,171,47657409508400,171,172,16666667,2,16,0
20260813_NV_A3_SMOKE_R0,172,173,3392050,3392099,3395745,3395793,3395812,3395812,3395833,0,0,3,3,0,1,1,1,1000361000,0,2,2,15136800,1892100,1892100,8,0,1529867,171,47657409508400,171,173,16666667,2,16,0
20260813_NV_A3_SMOKE_R0,173,174,3408675,3408720,3413918,3414018,3414056,3414057,3414104,0,0,3,3,0,1,1,1,1000361000,0,2,2,15773600,1971700,1971700,8,0,893067,171,47657409508400,171,174,16666667,2,16,0
20260813_NV_A3_SMOKE_R0,174,175,3425441,3425516,3431461,3431538,3431574,3431575,3431607,0,0,3,3,0,1,1,1,1000361000,0,2,2,14639800,2091400,2091400,7,0,2026867,174,47657459474500,174,175,16666667,2,16,0
20260813_NV_A3_SMOKE_R0,175,176,3442054,3442113,3446424,3446467,3446485,3446486,3446504,0,0,3,3,0,1,1,1,1000361000,0,2,2,16656300,1850700,1850700,9,0,10367,175,47657476124400,175,176,16666667,2,16,0
20260813_NV_A3_SMOKE_R0,176,177,3458697,3458740,3462128,3462169,3462185,3462185,3462227,0,0,3,3,0,1,1,1,1000361000,0,2,2,16650000,1850000,1850000,9,0,16667,175,47657476124400,175,177,16666667,2,16,0
20260813_NV_A3_SMOKE_R0,177,178,3475382,3475435,3481256,3481347,3481382,3481383,3481431,0,0,3,3,0,1,1,1,1000361000,0,2,2,15178400,1897300,1897300,8,0,1488267,175,47657476124400,175,178,16666667,2,16,0
20260813_NV_A3_SMOKE_R0,178,179,3492111,3492188,3497794,3497870,3497902,3497903,3497939,0,0,3,3,0,1,1,1,1000361000,0,2,2,15521600,1940200,1940200,8,0,1145067,175,47657476124400,175,179,16666667,2,16,0
20260813_NV_A3_SMOKE_R0,179,180,3508687,3508730,3514132,3514204,3514238,3514239,3514274,0,0,3,3,0,1,1,1,1000361000,0,2,2,15578400,1947300,1947300,8,0,1088267,179,47657542741000,179,180,16666667,2,16,0
20260813_NV_A3_SMOKE_R0,180,181,3525371,3525468,3529721,3529780,3529798,3529799,3529823,0,0,3,3,0,1,1,1,1000361000,0,2,2,15362400,1920300,1920300,8,0,1304267,180,47657559451200,180,181,16666667,2,16,0
20260813_NV_A3_SMOKE_R0,181,182,3541997,3542030,3544534,3544588,3544604,3544605,3544654,0,0,3,3,0,1,1,1,1000361000,0,2,2,15712800,1964100,1964100,8,0,953867,180,47657559451200,180,182,16666667,2,16,0
20260813_NV_A3_SMOKE_R0,182,183,3558703,3558752,3562186,3562231,3562247,3562247,3562294,0,0,3,3,0,1,1,1,1000361000,0,2,2,16610400,2076300,2076300,8,0,56267,180,47657559451200,180,183,16666667,2,16,0
20260813_NV_A3_SMOKE_R0,183,184,3575333,3575374,3578578,3578617,3578637,3578638,3578733,0,0,3,3,0,1,1,1,1000361000,0,2,2,15525600,1940700,1940700,8,0,1141067,180,47657559451200,180,184,16666667,2,16,0
20260813_NV_A3_SMOKE_R0,184,185,3591997,3592031,3595046,3595086,3595102,3595102,3595122,0,0,3,3,0,1,1,1,1000361000,0,2,2,14973600,1871700,1871700,8,0,1693067,180,47657559451200,180,185,16666667,2,16,0
20260813_NV_A3_SMOKE_R0,185,186,3608676,3608719,3612372,3612413,3612430,3612431,3612475,0,0,3,3,0,1,1,1,1000361000,0,2,2,16659000,1851000,1851000,9,0,7667,180,47657559451200,180,186,16666667,2,16,0
20260813_NV_A3_SMOKE_R0,186,187,3625328,3625362,3628143,3628202,3628226,3628227,3628248,0,0,3,3,0,1,1,1,1000361000,0,2,2,16658100,1850900,1850900,9,0,8567,186,47657657556600,186,187,16666667,2,16,0
20260813_NV_A3_SMOKE_R0,187,188,3642010,3642055,3645425,3645470,3645485,3645485,3645507,0,0,3,3,0,1,1,1,1000361000,0,2,2,15212800,1901600,1901600,8,0,1453867,186,47657657556600,186,188,16666667,2,16,0
20260813_NV_A3_SMOKE_R0,188,189,3658673,3658710,3662202,3662249,3662268,3662268,3662292,0,0,3,3,0,1,1,1,1000361000,0,2,2,15264800,1908100,1908100,8,0,1401867,186,47657657556600,186,189,16666667,2,16,0
20260813_NV_A3_SMOKE_R0,189,190,3675362,3675419,3680744,3680812,3680837,3680838,3680871,0,0,3,3,0,1,1,1,1000361000,0,2,2,15272000,1909000,1909000,8,0,1394667,189,47657705674600,189,190,16666667,2,16,0
20260813_NV_A3_SMOKE_R0,190,191,3692080,3692152,3698554,3698580,3698590,3698590,3698603,0,0,3,3,0,1,1,1,1000361000,0,2,2,15525600,1940700,1940700,8,0,1141067,190,47657726058600,190,191,16666667,2,16,0
20260813_NV_A3_SMOKE_R0,191,192,3708735,3708792,3714031,3714094,3714118,3714119,3714189,0,0,3,3,0,1,1,1,1000361000,0,2,2,16656300,1850700,1850700,9,0,10367,190,47657726058600,190,192,16666667,2,16,0
20260813_NV_A3_SMOKE_R0,192,193,3725337,3725373,3727788,3727830,3727843,3727844,3727860,0,0,3,3,0,1,1,1,1000361000,0,2,2,14963200,1870400,1870400,8,0,1703467,192,47657757512700,192,193,16666667,2,16,0
20260813_NV_A3_SMOKE_R0,193,194,3742014,3742054,3745300,3745342,3745360,3745360,3745381,0,0,3,3,0,1,1,1,1000361000,0,2,2,16658100,1850900,1850900,9,0,8567,192,47657757512700,192,194,16666667,2,16,0
20260813_NV_A3_SMOKE_R0,194,195,3758685,3758727,3762053,3762099,3762115,3762115,3762163,0,0,3,3,0,1,1,1,1000361000,0,2,2,16661700,1851300,1851300,9,0,4967,192,47657757512700,192,195,16666667,2,16,0
20260813_NV_A3_SMOKE_R0,195,196,3775346,3775388,3779187,3779236,3779254,3779255,3779280,0,0,3,3,0,1,1,1,1000361000,0,2,2,15400800,1925100,1925100,8,0,1265867,192,47657757512700,192,196,16666667,2,16,0
20260813_NV_A3_SMOKE_R0,196,197,3792024,3792062,3795239,3795277,3795292,3795292,3795316,0,0,3,3,0,1,1,1,1000361000,0,2,2,15504800,1938100,1938100,8,0,1161867,196,47657824144600,196,197,16666667,2,16,0
20260813_NV_A3_SMOKE_R0,197,198,3808683,3808725,3812158,3812197,3812216,3812217,3812261,0,0,3,3,0,1,1,1,1000361000,0,2,2,15242400,1905300,1905300,8,0,1424267,196,47657824144600,196,198,16666667,2,16,0
20260813_NV_A3_SMOKE_R0,198,199,3825338,3825378,3829771,3829853,3829882,3829883,3829963,0,0,3,3,0,1,1,1,1000361000,0,2,2,14747600,2106800,2106800,7,0,1919067,196,47657824144600,196,199,16666667,2,16,0
20260813_NV_A3_SMOKE_R0,199,200,3842084,3842153,3847512,3847568,3847589,3847589,3847616,0,0,3,3,0,1,1,1,1000361000,0,2,2,16656300,1850700,1850700,9,0,10367,199,47657874196500,199,200,16666667,2,16,0
20260813_NV_A3_SMOKE_R0,200,201,3858677,3858714,3861805,3861849,3861863,3861863,3861904,0,0,3,3,0,1,1,1,1000361000,0,2,2,16650000,1850000,1850000,9,0,16667,199,47657874196500,199,201,16666667,2,16,0
20260813_NV_A3_SMOKE_R0,201,202,3875348,3875391,3878663,3878707,3878723,3878724,3878744,0,0,3,3,0,1,1,1,1000361000,0,2,2,15050400,1881300,1881300,8,0,1616267,199,47657874196500,199,202,16666667,2,16,0
20260813_NV_A3_SMOKE_R0,202,203,3892003,3892042,3896269,3896339,3896366,3896366,3896398,0,0,3,3,0,1,1,1,1000361000,0,2,2,15123200,1890400,1890400,8,0,1543467,199,47657874196500,199,203,16666667,2,16,0
20260813_NV_A3_SMOKE_R0,203,204,3908740,3908816,3915817,3915905,3915937,3915938,3915982,0,0,3,3,0,1,1,1,1000361000,0,2,2,15794400,1974300,1974300,8,0,872267,203,47657940777600,203,204,16666667,2,16,0
20260813_NV_A3_SMOKE_R0,204,205,3925397,3925464,3931628,3931702,3931719,3931720,3931731,0,0,3,3,0,1,1,1,1000361000,0,2,2,15504800,1938100,1938100,8,0,1161867,204,47657959278000,204,205,16666667,2,16,0
20260813_NV_A3_SMOKE_R0,205,206,3942564,3942634,3949429,3949540,3949576,3949577,3949688,0,0,3,3,0,1,1,1,1000361000,0,2,2,15215200,1901900,1901900,8,0,1451467,204,47657959278000,204,206,16666667,2,16,0
20260813_NV_A3_SMOKE_R0,206,207,3958776,3958871,3964837,3964865,3964879,3964879,3964891,0,0,3,3,0,1,1,1,1000361000,0,2,2,15525600,1940700,1940700,8,0,1141067,206,47657994467600,206,207,16666667,2,16,0
20260813_NV_A3_SMOKE_R0,207,208,3975370,3975424,3980685,3980746,3980770,3980771,3980838,0,0,3,3,0,1,1,1,1000361000,0,2,2,16656300,1850700,1850700,9,0,10367,206,47657994467600,206,208,16666667,2,16,0
20260813_NV_A3_SMOKE_R0,208,209,3992011,3992056,3995768,3995815,3995832,3995832,3995853,0,0,3,3,0,1,1,1,1000361000,0,2,2,14953600,1869200,1869200,8,0,1713067,208,47658025919000,208,209,16666667,2,16,0
20260813_NV_A3_SMOKE_R0,209,210,4008683,4008720,4011613,4011649,4011662,4011663,4011680,0,0,3,3,0,1,1,1,1000361000,0,2,2,16657200,1850800,1850800,9,0,9467,209,47658040740800,209,210,16666667,2,16,0
20260813_NV_A3_SMOKE_R0,210,211,4025332,4025364,4028332,4028377,4028392,4028392,4028442,0,0,3,3,0,1,1,1,1000361000,0,2,2,16655400,1850600,1850600,9,0,11267,209,47658040740800,209,211,16666667,2,16,0
20260813_NV_A3_SMOKE_R0,211,212,4042001,4042059,4045058,4045098,4045113,4045113,4045135,0,0,3,3,0,1,1,1,1000361000,0,2,2,15262400,1907800,1907800,8,0,1404267,209,47658040740800,209,212,16666667,2,16,0
20260813_NV_A3_SMOKE_R0,212,213,4058859,4058904,4062796,4062865,4062896,4062897,4062932,0,0,3,3,0,1,1,1,1000361000,0,2,2,15381600,1922700,1922700,8,0,1285067,209,47658040740800,209,213,16666667,2,16,0
20260813_NV_A3_SMOKE_R0,213,214,4075374,4075429,4082144,4082174,4082184,4082184,4082199,0,0,3,3,0,1,1,1,1000361000,0,2,2,14747600,2106800,2106800,7,0,1919067,213,47658107398100,213,214,16666667,2,16,0
20260813_NV_A3_SMOKE_R0,214,215,4092090,4092155,4096306,4096356,4096375,4096376,4096402,0,0,3,3,0,1,1,1,1000361000,0,2,2,16656300,1850700,1850700,9,0,10367,214,47658125883300,214,215,16666667,2,16,0
20260813_NV_A3_SMOKE_R0,215,216,4108700,4108750,4114207,4114234,4114244,4114245,4114367,0,0,3,3,0,1,1,1,1000361000,0,2,2,16650000,1850000,1850000,9,0,16667,214,47658125883300,214,216,16666667,2,16,0
20260813_NV_A3_SMOKE_R0,216,217,4125374,4125426,4130262,4130323,4130346,4130347,4130384,0,0,3,3,0,1,1,1,1000361000,0,2,2,15009600,1876200,1876200,8,0,1657067,214,47658125883300,214,217,16666667,2,16,0
20260813_NV_A3_SMOKE_R0,217,218,4142052,4142110,4147688,4147749,4147773,4147774,4147817,0,0,3,3,0,1,1,1,1000361000,0,2,2,15640000,1955000,1955000,8,0,1026667,214,47658125883300,214,218,16666667,2,16,0
20260813_NV_A3_SMOKE_R0,218,219,4158714,4158764,4162677,4162721,4162738,4162739,4162760,0,0,3,3,0,1,1,1,1000361000,0,2,2,15696800,1962100,1962100,8,0,969867,218,47658192523000,218,219,16666667,2,16,0
20260813_NV_A3_SMOKE_R0,219,220,4175369,4175419,4179684,4179736,4179756,4179756,4179811,0,0,3,3,0,1,1,1,1000361000,0,2,2,15676000,1959500,1959500,8,0,990667,218,47658192523000,218,220,16666667,2,16,0
20260813_NV_A3_SMOKE_R0,220,221,4191992,4192032,4195734,4195779,4195797,4195798,4195848,0,0,3,3,0,1,1,1,1000361000,0,2,2,15236000,1904500,1904500,8,0,1430667,218,47658192523000,218,221,16666667,2,16,0
20260813_NV_A3_SMOKE_R0,221,222,4208710,4208757,4212539,4212581,4212597,4212597,4212648,0,0,3,3,0,1,1,1,1000361000,0,2,2,15381600,1922700,1922700,8,0,1285067,218,47658192523000,218,222,16666667,2,16,0
20260813_NV_A3_SMOKE_R0,222,223,4225679,4225730,4230584,4230677,4230713,4230714,4230857,0,0,3,3,0,1,1,1,1000361000,0,2,2,15189600,1898700,1898700,8,0,1477067,218,47658192523000,218,223,16666667,2,16,0
20260813_NV_A3_SMOKE_R0,223,224,4242112,4242190,4248556,4248615,4248637,4248638,4248668,0,0,3,3,0,1,1,1,1000361000,0,2,2,15480800,1935100,1935100,8,0,1185867,223,47658275844400,223,224,16666667,2,16,0
20260813_NV_A3_SMOKE_R0,224,225,4258690,4258741,4264325,4264351,4264362,4264362,4264374,0,0,3,3,0,1,1,1,1000361000,0,2,2,16650000,1850000,1850000,9,0,16667,224,47658292419200,224,225,16666667,2,16,0
20260813_NV_A3_SMOKE_R0,225,226,4275408,4275476,4280678,4280705,4280715,4280715,4280744,0,0,3,3,0,1,1,1,1000361000,0,2,2,14935200,1866900,1866900,8,0,1731467,224,47658292419200,224,226,16666667,2,16,0
20260813_NV_A3_SMOKE_R0,226,227,4292168,4292243,4299327,4299442,4299492,4299493,4299544,0,0,3,3,0,1,1,1,1000361000,0,2,2,16659000,1851000,1851000,9,0,7667,226,47658325822300,226,227,16666667,2,16,0
20260813_NV_A3_SMOKE_R0,227,228,4308771,4308848,4315543,4315571,4315581,4315581,4315594,0,0,3,3,0,1,1,1,1000361000,0,2,2,15640000,1955000,1955000,8,0,1026667,227,47658344297900,227,228,16666667,2,16,0
20260813_NV_A3_SMOKE_R0,228,229,4325414,4325488,4331404,4331432,4331443,4331443,4331456,0,0,3,3,0,1,1,1,1000361000,0,2,2,15527200,1940900,1940900,8,0,1139467,227,47658344297900,227,229,16666667,2,16,0
20260813_NV_A3_SMOKE_R0,229,230,4342060,4342124,4346406,4346451,4346467,4346468,4346517,0,0,3,3,0,1,1,1,1000361000,0,2,2,15208800,1901100,1901100,8,0,1457867,227,47658344297900,227,230,16666667,2,16,0
20260813_NV_A3_SMOKE_R0,230,231,4358665,4358709,4362144,4362185,4362202,4362202,4362248,0,0,3,3,0,1,1,1,1000361000,0,2,2,15381600,1922700,1922700,8,0,1285067,227,47658344297900,227,231,16666667,2,16,0
20260813_NV_A3_SMOKE_R0,231,232,4375348,4375391,4380559,4380606,4380616,4380617,4380669,0,0,3,3,0,1,1,1,1000361000,0,2,2,15189600,1898700,1898700,8,0,1477067,227,47658344297900,227,232,16666667,2,16,0
20260813_NV_A3_SMOKE_R0,232,233,4392076,4392139,4397048,4397120,4397147,4397148,4397377,0,0,3,3,0,1,1,1,1000361000,0,2,2,14747600,2106800,2106800,7,0,1919067,227,47658344297900,227,233,16666667,2,16,0
20260813_NV_A3_SMOKE_R0,233,234,4408707,4408763,4413526,4413579,4413598,4413599,4413623,0,0,3,3,0,1,1,1,1000361000,0,2,2,16656300,1850700,1850700,9,0,10367,233,47658442460800,233,234,16666667,2,16,0
20260813_NV_A3_SMOKE_R0,234,235,4425463,4425508,4429833,4429921,4429957,4429958,4430052,0,0,3,3,0,1,1,1,1000361000,0,2,2,16650000,1850000,1850000,9,0,16667,233,47658442460800,233,235,16666667,2,16,0
20260813_NV_A3_SMOKE_R0,235,236,4442106,4442181,4447855,4447884,4447894,4447894,4447909,0,0,3,3,0,1,1,1,1000361000,0,2,2,14972000,1871500,1871500,8,0,1694667,233,47658442460800,233,236,16666667,2,16,0
20260813_NV_A3_SMOKE_R0,236,237,4458688,4458730,4461988,4462031,4462048,4462049,4462078,0,0,3,3,0,1,1,1,1000361000,0,2,2,15495200,1936900,1936900,8,0,1171467,233,47658442460800,233,237,16666667,2,16,0
20260813_NV_A3_SMOKE_R0,237,238,4475350,4475392,4481099,4481185,4481221,4481222,4481323,0,0,3,3,0,1,1,1,1000361000,0,2,2,15067200,1883400,1883400,8,0,1599467,233,47658442460800,233,238,16666667,2,16,0
20260813_NV_A3_SMOKE_R0,238,239,4492902,4492981,4498779,4498850,4498877,4498878,4499010,0,0,3,3,0,1,1,1,1000361000,0,2,2,16566400,2070800,2070800,8,0,100267,233,47658442460800,233,239,16666667,2,16,0
20260813_NV_A3_SMOKE_R0,239,240,4508743,4508805,4514231,4514287,4514309,4514310,4514341,0,0,3,3,0,1,1,1,1000361000,0,2,2,15208800,1901100,1901100,8,0,1457867,239,47658542458300,239,240,16666667,2,16,0
20260813_NV_A3_SMOKE_R0,240,241,4525350,4525433,4528526,4528565,4528580,4528580,4528597,0,0,3,3,0,1,1,1,1000361000,0,2,2,14635600,2090800,2090800,7,0,2031067,239,47658542458300,239,241,16666667,2,16,0
20260813_NV_A3_SMOKE_R0,241,242,4542005,4542044,4545220,4545271,4545292,4545293,4545316,0,0,3,3,0,1,1,1,1000361000,0,2,2,16654500,1850500,1850500,9,0,12167,241,47658575736300,241,242,16666667,2,16,0
20260813_NV_A3_SMOKE_R0,242,243,4558713,4558766,4562367,4562414,4562437,4562437,4562486,0,0,3,3,0,1,1,1,1000361000,0,2,2,14919200,1864900,1864900,8,0,1747467,241,47658575736300,241,243,16666667,2,16,0
20260813_NV_A3_SMOKE_R0,243,244,4575353,4575391,4578580,4578620,4578639,4578640,4578660,0,0,3,3,0,1,1,1,1000361000,0,2,2,16659000,1851000,1851000,9,0,7667,243,47658607205100,243,244,16666667,2,16,0
20260813_NV_A3_SMOKE_R0,244,245,4592005,4592039,4595073,4595112,4595128,4595129,4595170,0,0,3,3,0,1,1,1,1000361000,0,2,2,16655400,1850600,1850600,9,0,11267,243,47658607205100,243,245,16666667,2,16,0
20260813_NV_A3_SMOKE_R0,245,246,4608683,4608727,4612430,4612472,4612493,4612493,4612516,0,0,3,3,0,1,1,1,1000361000,0,2,2,16255200,2031900,2031900,8,0,411467,243,47658607205100,243,246,16666667,2,16,0
20260813_NV_A3_SMOKE_R0,246,247,4625343,4625381,4628504,4628546,4628567,4628568,4628871,0,0,3,3,0,1,1,1,1000361000,0,2,2,15481600,1935200,1935200,8,0,1185067,243,47658607205100,243,247,16666667,2,16,0
20260813_NV_A3_SMOKE_R0,247,248,4642014,4642050,4645710,4645801,4645833,4645833,4645858,0,0,3,3,0,1,1,1,1000361000,0,2,2,15345600,1918200,1918200,8,0,1321067,247,47658673846100,247,248,16666667,2,16,0
20260813_NV_A3_SMOKE_R0,248,249,4658667,4658701,4661731,4661788,4661809,4661809,4661827,0,0,3,3,0,1,1,1,1000361000,0,2,2,16493600,2061700,2061700,8,0,173067,248,47658690510000,248,249,16666667,2,16,0
20260813_NV_A3_SMOKE_R0,249,250,4675349,4675391,4679279,4679323,4679345,4679346,4679372,0,0,3,3,0,1,1,1,1000361000,0,2,2,16654500,1850500,1850500,9,0,12167,249,47658705317900,249,250,16666667,2,16,0
20260813_NV_A3_SMOKE_R0,250,251,4692040,4692095,4695767,4695815,4695832,4695833,4695859,0,0,3,3,0,1,1,1,1000361000,0,2,2,16658100,1850900,1850900,9,0,8567,249,47658705317900,249,251,16666667,2,16,0
20260813_NV_A3_SMOKE_R0,251,252,4709055,4709108,4713303,4713370,4713398,4713399,4713436,0,0,3,3,0,1,1,1,1000361000,0,2,2,16658100,1850900,1850900,9,8567,17134,249,47658705317900,249,252,16666667,2,16,0
20260813_NV_A3_SMOKE_R0,252,253,4725387,4725442,4730566,4730637,4730662,4730663,4730698,0,0,3,3,0,1,1,1,1000361000,0,2,2,16164800,2020600,2020600,8,0,501867,249,47658705317900,249,253,16666667,2,16,0
20260813_NV_A3_SMOKE_R0,253,254,4742039,4742094,4748191,4748280,4748308,4748309,4748393,0,0,3,3,0,1,1,1,1000361000,0,2,2,15440000,1930000,1930000,8,0,1226667,249,47658705317900,249,254,16666667,2,16,0
20260813_NV_A3_SMOKE_R0,254,255,4758765,4758849,4764933,4764961,4764972,4764973,4764986,0,0,3,3,0,1,1,1,1000361000,0,2,2,15345600,1918200,1918200,8,0,1321067,254,47658792311200,254,255,16666667,2,16,0
20260813_NV_A3_SMOKE_R0,255,256,4775378,4775433,4781581,4781609,4781619,4781619,4781702,0,0,3,3,0,1,1,1,1000361000,0,2,2,15082400,1885300,1885300,8,0,1584267,254,47658792311200,254,256,16666667,2,16,0
20260813_NV_A3_SMOKE_R0,256,257,4792082,4792159,4798245,4798328,4798362,4798363,4798399,0,0,3,3,0,1,1,1,1000361000,0,2,2,15398400,1924800,1924800,8,0,1268267,256,47658825628000,256,257,16666667,2,16,0
20260813_NV_A3_SMOKE_R0,257,258,4808719,4808777,4813175,4813225,4813241,4813242,4813265,0,0,3,3,0,1,1,1,1000361000,0,2,2,16650900,1850100,1850100,9,0,15767,257,47658842305400,257,258,16666667,2,16,0
20260813_NV_A3_SMOKE_R0,258,259,4825341,4825382,4828320,4828359,4828374,4828374,4828426,0,0,3,3,0,1,1,1,1000361000,0,2,2,14892800,1861600,1861600,8,0,1773867,257,47658842305400,257,259,16666667,2,16,0
20260813_NV_A3_SMOKE_R0,259,260,4841985,4842016,4845019,4845058,4845072,4845072,4845092,0,0,3,3,0,1,1,1,1000361000,0,2,2,16654500,1850500,1850500,9,0,12167,257,47658842305400,257,260,16666667,2,16,0
20260813_NV_A3_SMOKE_R0,260,261,4858677,4858715,4861803,4861845,4861861,4861862,4861907,0,0,3,3,0,1,1,1,1000361000,0,2,2,16660800,1851200,1851200,9,0,5867,257,47658842305400,257,261,16666667,2,16,0
20260813_NV_A3_SMOKE_R0,261,262,4875340,4875383,4879359,4879439,4879456,4879457,4879482,0,0,3,3,0,1,1,1,1000361000,0,2,2,15789600,1973700,1973700,8,0,877067,257,47658842305400,257,262,16666667,2,16,0
20260813_NV_A3_SMOKE_R0,262,263,4892015,4892054,4895092,4895140,4895157,4895157,4895184,0,0,3,3,0,1,1,1,1000361000,0,2,2,15208800,1901100,1901100,8,0,1457867,262,47658923753100,262,263,16666667,2,16,0
20260813_NV_A3_SMOKE_R0,263,264,4908678,4908725,4914114,4914183,4914210,4914210,4914287,0,0,3,3,0,1,1,1,1000361000,0,2,2,15312000,1914000,1914000,8,0,1354667,262,47658923753100,262,264,16666667,2,16,0
20260813_NV_A3_SMOKE_R0,264,265,4925403,4925466,4931313,4931396,4931430,4931431,4931478,0,0,3,3,0,1,1,1,1000361000,0,2,2,16493600,2061700,2061700,8,0,173067,264,47658958960500,264,265,16666667,2,16,0
20260813_NV_A3_SMOKE_R0,265,266,4942325,4942387,4947568,4947632,4947656,4947656,4947681,0,0,3,3,0,1,1,1,1000361000,0,2,2,16654500,1850500,1850500,9,0,12167,265,47658975580600,265,266,16666667,2,16,0
20260813_NV_A3_SMOKE_R0,266,267,4958709,4958765,4963855,4963882,4963930,4963931,4963943,0,0,3,3,0,1,1,1,1000361000,0,2,2,16665300,1851700,1851700,9,0,1367,265,47658975580600,265,267,16666667,2,16,0
20260813_NV_A3_SMOKE_R0,267,268,4975377,4975429,4980309,4980363,4980382,4980382,4980412,0,0,3,3,0,1,1,1,1000361000,0,2,2,16663500,1851500,1851500,9,0,3167,265,47658975580600,265,268,16666667,2,16,0
20260813_NV_A3_SMOKE_R0,268,269,4992053,4992105,4997321,4997386,4997415,4997416,4997451,0,0,3,3,0,1,1,1,1000361000,0,2,2,15728000,1966000,1966000,8,0,938667,265,47658975580600,265,269,16666667,2,16,0
20260813_NV_A3_SMOKE_R0,269,270,5008989,5009059,5016539,5016613,5016623,5016624,5016652,0,0,3,3,0,1,1,1,1000361000,0,2,2,15363200,1920400,1920400,8,0,1303467,265,47658975580600,265,270,16666667,2,16,0
20260813_NV_A3_SMOKE_R0,270,271,5025385,5025445,5031426,5031494,5031523,5031524,5031559,0,0,3,3,0,1,1,1,1000361000,0,2,2,15312000,1914000,1914000,8,0,1354667,270,47659060727800,270,271,16666667,2,16,0
20260813_NV_A3_SMOKE_R0,271,272,5042066,5042137,5048279,5048306,5048317,5048317,5048331,0,0,3,3,0,1,1,1,1000361000,0,2,2,16493600,2061700,2061700,8,0,173067,271,47659075544900,271,272,16666667,2,16,0
20260813_NV_A3_SMOKE_R0,272,273,5058720,5058771,5062369,5062414,5062432,5062432,5062454,0,0,3,3,0,1,1,1,1000361000,0,2,2,16654500,1850500,1850500,9,0,12167,272,47659092195900,272,273,16666667,2,16,0
20260813_NV_A3_SMOKE_R0,273,274,5075331,5075372,5078509,5078547,5078561,5078562,5078579,0,0,3,3,0,1,1,1,1000361000,0,2,2,16665300,1851700,1851700,9,0,1367,272,47659092195900,272,274,16666667,2,16,0
20260813_NV_A3_SMOKE_R0,274,275,5091997,5092036,5096476,5096580,5096624,5096625,5096691,0,0,3,3,0,1,1,1,1000361000,0,2,2,16665300,1851700,1851700,9,1367,2734,272,47659092195900,272,275,16666667,2,16,0
20260813_NV_A3_SMOKE_R0,275,276,5108756,5108830,5113617,5113669,5113689,5113690,5113718,0,0,3,3,0,1,1,1,1000361000,0,2,2,15567200,1945900,1945900,8,0,1099467,272,47659092195900,272,276,16666667,2,16,0
20260813_NV_A3_SMOKE_R0,276,277,5125352,5125403,5128817,5128860,5128882,5128882,5128904,0,0,3,3,0,1,1,1,1000361000,0,2,2,15280000,1910000,1910000,8,0,1386667,272,47659092195900,272,277,16666667,2,16,0
20260813_NV_A3_SMOKE_R0,277,278,5142025,5142068,5145715,5145757,5145773,5145774,5145976,0,0,3,3,0,1,1,1,1000361000,0,2,2,15047200,1880900,1880900,8,0,1619467,272,47659092195900,272,278,16666667,2,16,0
20260813_NV_A3_SMOKE_R0,278,279,5158747,5158789,5161995,5162053,5162076,5162077,5162114,0,0,3,3,0,1,1,1,1000361000,0,2,2,15326400,1915800,1915800,8,0,1340267,278,47659190326800,278,279,16666667,2,16,0
20260813_NV_A3_SMOKE_R0,279,280,5175422,5175496,5181600,5181626,5181635,5181635,5181649,0,0,3,3,0,1,1,1,1000361000,0,2,2,16658100,1850900,1850900,9,0,8567,279,47659207000700,279,280,16666667,2,16,0
20260813_NV_A3_SMOKE_R0,280,281,5192050,5192116,5198430,5198456,5198466,5198467,5198495,0,0,3,3,0,1,1,1,1000361000,0,2,2,14861600,1857700,1857700,8,0,1805067,279,47659207000700,279,281,16666667,2,16,0
20260813_NV_A3_SMOKE_R0,281,282,5209198,5209254,5214418,5214493,5214525,5214526,5214572,0,0,3,3,0,1,1,1,1000361000,0,2,2,16650900,1850100,1850100,9,0,15767,279,47659207000700,279,282,16666667,2,16,0
20260813_NV_A3_SMOKE_R0,282,283,5225424,5225505,5232456,5232549,5232582,5232582,5232649,0,0,3,3,0,1,1,1,1000361000,0,2,2,15722400,1965300,1965300,8,0,944267,282,47659258807700,282,283,16666667,2,16,0
20260813_NV_A3_SMOKE_R0,283,284,5242051,5242107,5244302,5244344,5244355,5244355,5244374,0,0,3,3,0,1,1,1,1000361000,0,2,2,15476000,1934500,1934500,8,0,1190667,283,47659277311100,283,284,16666667,2,16,0
20260813_NV_A3_SMOKE_R0,284,285,5258692,5258734,5262107,5262150,5262166,5262166,5262225,0,0,3,3,0,1,1,1,1000361000,0,2,2,15296000,1912000,1912000,8,0,1370667,283,47659277311100,283,285,16666667,2,16,0
20260813_NV_A3_SMOKE_R0,285,286,5275343,5275393,5281166,5281258,5281294,5281295,5281435,0,0,3,3,0,1,1,1,1000361000,0,2,2,15110400,1888800,1888800,8,0,1556267,283,47659277311100,283,286,16666667,2,16,0
20260813_NV_A3_SMOKE_R0,286,287,5292097,5292173,5297962,5298027,5298053,5298054,5298095,0,0,3,3,0,1,1,1,1000361000,0,2,2,15047200,1880900,1880900,8,0,1619467,286,47659325455600,286,287,16666667,2,16,0
20260813_NV_A3_SMOKE_R0,287,288,5308727,5308783,5312491,5312534,5312551,5312552,5312599,0,0,3,3,0,1,1,1,1000361000,0,2,2,16288800,2036100,2036100,8,0,377867,286,47659325455600,286,288,16666667,2,16,0
20260813_NV_A3_SMOKE_R0,288,289,5325331,5325368,5328485,5328524,5328543,5328544,5328561,0,0,3,3,0,1,1,1,1000361000,0,2,2,16654500,1850500,1850500,9,0,12167,288,47659356914600,288,289,16666667,2,16,0
20260813_NV_A3_SMOKE_R0,289,290,5342007,5342046,5345585,5345625,5345645,5345645,5345664,0,0,3,3,0,1,1,1,1000361000,0,2,2,16663500,1851500,1851500,9,0,3167,288,47659356914600,288,290,16666667,2,16,0
20260813_NV_A3_SMOKE_R0,290,291,5358679,5358721,5363854,5363937,5363973,5363974,5364015,0,0,3,3,0,1,1,1,1000361000,0,2,2,16666200,1851800,1851800,9,0,467,288,47659356914600,288,291,16666667,2,16,0
20260813_NV_A3_SMOKE_R0,291,292,5375413,5375480,5381524,5381585,5381608,5381608,5381650,0,0,3,3,0,1,1,1,1000361000,0,2,2,15397600,1924700,1924700,8,0,1269067,288,47659356914600,288,292,16666667,2,16,0
20260813_NV_A3_SMOKE_R0,292,293,5392061,5392117,5396328,5396387,5396412,5396413,5396442,0,0,3,3,0,1,1,1,1000361000,0,2,2,15170400,1896300,1896300,8,0,1496267,288,47659356914600,288,293,16666667,2,16,0
20260813_NV_A3_SMOKE_R0,293,294,5408693,5408736,5412198,5412235,5412249,5412249,5412290,0,0,3,3,0,1,1,1,1000361000,0,2,2,15032000,1879000,1879000,8,0,1634667,288,47659356914600,288,294,16666667,2,16,0
20260813_NV_A3_SMOKE_R0,294,295,5425322,5425356,5428160,5428202,5428219,5428219,5428264,0,0,3,3,0,1,1,1,1000361000,0,2,2,16194400,2024300,2024300,8,0,472267,288,47659356914600,288,295,16666667,2,16,0
20260813_NV_A3_SMOKE_R0,295,296,5442002,5442045,5445589,5445631,5445647,5445647,5445669,0,0,3,3,0,1,1,1,1000361000,0,2,2,16654500,1850500,1850500,9,0,12167,295,47659471707000,295,296,16666667,2,16,0
20260813_NV_A3_SMOKE_R0,296,297,5458671,5458709,5461560,5461598,5461612,5461612,5461629,0,0,3,3,0,1,1,1,1000361000,0,2,2,16661700,1851300,1851300,9,0,4967,295,47659471707000,295,297,16666667,2,16,0
20260813_NV_A3_SMOKE_R0,297,298,5475341,5475377,5478467,5478508,5478522,5478522,5478547,0,0,3,3,0,1,1,1,1000361000,0,2,2,14819200,1852400,1852400,8,0,1847467,295,47659471707000,295,298,16666667,2,16,0
20260813_NV_A3_SMOKE_R0,298,299,5492002,5492036,5494803,5494842,5494857,5494857,5494876,0,0,3,3,0,1,1,1,1000361000,0,2,2,15327200,1915900,1915900,8,0,1339467,295,47659471707000,295,299,16666667,2,16,0
20260813_NV_A3_SMOKE_R0,299,300,5508662,5508694,5511552,5511586,5511601,5511601,5511639,0,0,3,3,0,1,1,1,1000361000,0,2,2,15236800,1904600,1904600,8,0,1429867,295,47659471707000,295,300,16666667,2,16,0
20260813_NV_A3_SMOKE_R0,300,301,5525328,5525394,5528097,5528137,5528152,5528153,5528200,0,0,3,3,0,1,1,1,1000361000,0,2,2,16301600,2037700,2037700,8,0,365067,295,47659471707000,295,301,16666667,2,16,0
20260813_NV_A3_SMOKE_R0,301,302,5541985,5542014,5544832,5544893,5544912,5544912,5544940,0,0,3,3,0,1,1,1,1000361000,0,2,2,16107200,2013400,2013400,8,0,559467,295,47659471707000,295,302,16666667,2,16,0
20260813_NV_A3_SMOKE_R0,302,303,5558937,5558993,5565496,5565617,5565665,5565666,5565725,0,0,3,3,0,1,1,1,1000361000,0,2,2,16654500,1850500,1850500,9,0,12167,302,47659588323400,302,303,16666667,2,16,0
20260813_NV_A3_SMOKE_R0,303,304,5575468,5575552,5582277,5582305,5582316,5582316,5582328,0,0,3,3,0,1,1,1,1000361000,0,2,2,16657200,1850800,1850800,9,0,9467,302,47659588323400,302,304,16666667,2,16,0
20260813_NV_A3_SMOKE_R0,304,305,5592008,5592047,5595396,5595433,5595450,5595450,5595471,0,0,3,3,0,1,1,1,1000361000,0,2,2,14820800,1852600,1852600,8,0,1845867,302,47659588323400,302,305,16666667,2,16,0
20260813_NV_A3_SMOKE_R0,305,306,5608692,5608740,5614628,5614720,5614755,5614756,5614805,0,0,3,3,0,1,1,1,1000361000,0,2,2,15217600,1902200,1902200,8,0,1449067,302,47659588323400,302,306,16666667,2,16,0
20260813_NV_A3_SMOKE_R0,306,307,5625430,5625504,5631268,5631342,5631371,5631372,5631407,0,0,3,3,0,1,1,1,1000361000,0,2,2,14993300,2141900,2141900,7,0,1673367,306,47659658664700,306,307,16666667,2,16,0
20260813_NV_A3_SMOKE_R0,307,308,5642041,5642102,5646110,5646155,5646172,5646173,5646196,0,0,3,3,0,1,1,1,1000361000,0,2,2,15032000,1879000,1879000,8,0,1634667,307,47659675321100,307,308,16666667,2,16,0
20260813_NV_A3_SMOKE_R0,308,309,5658678,5658718,5662030,5662075,5662093,5662093,5662142,0,0,3,3,0,1,1,1,1000361000,0,2,2,16025600,2003200,2003200,8,0,641067,307,47659675321100,307,309,16666667,2,16,0
20260813_NV_A3_SMOKE_R0,309,310,5675345,5675384,5679002,5679102,5679125,5679125,5679144,0,0,3,3,0,1,1,1,1000361000,0,2,2,16654500,1850500,1850500,9,0,12167,309,47659706802400,309,310,16666667,2,16,0
20260813_NV_A3_SMOKE_R0,310,311,5692012,5692043,5694773,5694813,5694828,5694829,5694850,0,0,3,3,0,1,1,1,1000361000,0,2,2,16653600,1850400,1850400,9,0,13067,309,47659706802400,309,311,16666667,2,16,0
20260813_NV_A3_SMOKE_R0,311,312,5708662,5708697,5712590,5712666,5712694,5712696,5712738,0,0,3,3,0,1,1,1,1000361000,0,2,2,14817600,1852200,1852200,8,0,1849067,309,47659706802400,309,312,16666667,2,16,0
20260813_NV_A3_SMOKE_R0,312,313,5725454,5725528,5733588,5733620,5733631,5733632,5733647,0,0,3,3,0,1,1,1,1000361000,0,2,2,15138400,1892300,1892300,8,0,1528267,309,47659706802400,309,313,16666667,2,16,0
20260813_NV_A3_SMOKE_R0,313,314,5742072,5742140,5747417,5747459,5747476,5747476,5747521,0,0,3,3,0,1,1,1,1000361000,0,2,2,15214400,1901800,1901800,8,0,1452267,309,47659706802400,309,314,16666667,2,16,0
20260813_NV_A3_SMOKE_R0,314,315,5758683,5758725,5763419,5763448,5763458,5763458,5763471,0,0,3,3,0,1,1,1,1000361000,0,2,2,15108800,1888600,1888600,8,0,1557867,314,47659791960000,314,315,16666667,2,16,0
20260813_NV_A3_SMOKE_R0,315,316,5775328,5775363,5781213,5781240,5781250,5781250,5781264,0,0,3,3,0,1,1,1,1000361000,0,2,2,16025600,2003200,2003200,8,0,641067,315,47659806764200,315,316,16666667,2,16,0
20260813_NV_A3_SMOKE_R0,316,317,5792050,5792104,5798444,5798479,5798493,5798494,5798530,0,0,3,3,0,1,1,1,1000361000,0,2,2,15263200,1907900,1907900,8,0,1403467,315,47659806764200,315,317,16666667,2,16,0
20260813_NV_A3_SMOKE_R0,317,318,5808643,5808670,5811889,5811923,5811939,5811939,5811955,0,0,3,3,0,1,1,1,1000361000,0,2,2,16658100,1850900,1850900,9,0,8567,317,47659841930700,317,318,16666667,2,16,0
20260813_NV_A3_SMOKE_R0,318,319,5825324,5825354,5829781,5829808,5829820,5829820,5829853,0,0,3,3,0,1,1,1,1000361000,0,2,2,14827200,1853400,1853400,8,0,1839467,317,47659841930700,317,319,16666667,2,16,0
20260813_NV_A3_SMOKE_R0,319,320,5841979,5842004,5846370,5846397,5846407,5846407,5846420,0,0,3,3,0,1,1,1,1000361000,0,2,2,15539200,1942400,1942400,8,0,1127467,317,47659841930700,317,320,16666667,2,16,0
20260813_NV_A3_SMOKE_R0,320,321,5858647,5858672,5863858,5863916,5863938,5863938,5864131,0,0,3,3,0,1,1,1,1000361000,0,2,2,14816800,1852100,1852100,8,0,1849867,317,47659841930700,317,321,16666667,2,16,0
20260813_NV_A3_SMOKE_R0,321,322,5875383,5875448,5879952,5880008,5880030,5880030,5880057,0,0,3,3,0,1,1,1,1000361000,0,2,2,14875200,1859400,1859400,8,0,1791467,321,47659908583700,321,322,16666667,2,16,0
20260813_NV_A3_SMOKE_R0,322,323,5892034,5892087,5897582,5897623,5897643,5897643,5897659,0,0,3,3,0,1,1,1,1000361000,0,2,2,14865900,2123700,2123700,7,0,1800767,321,47659908583700,321,323,16666667,2,16,0
20260813_NV_A3_SMOKE_R0,323,324,5908649,5908684,5912471,5912536,5912565,5912566,5912597,0,0,3,3,0,1,1,1,1000361000,0,2,2,14979200,1872400,1872400,8,0,1687467,323,47659941892100,323,324,16666667,2,16,0
20260813_NV_A3_SMOKE_R0,324,325,5925406,5925469,5931059,5931116,5931137,5931137,5931199,0,0,3,3,0,1,1,1,1000361000,0,2,2,15949600,1993700,1993700,8,0,717067,323,47659941892100,323,325,16666667,2,16,0
20260813_NV_A3_SMOKE_R0,325,326,5942020,5942067,5947059,5947127,5947162,5947163,5947247,0,0,3,3,0,1,1,1,1000361000,0,2,2,15234400,1904300,1904300,8,0,1432267,323,47659941892100,323,326,16666667,2,16,0
20260813_NV_A3_SMOKE_R0,326,327,5958686,5958731,5963526,5963588,5963611,5963612,5963637,0,0,3,3,0,1,1,1,1000361000,0,2,2,16658100,1850900,1850900,9,0,8567,326,47659991872900,326,327,16666667,2,16,0
20260813_NV_A3_SMOKE_R0,327,328,5975685,5975725,5979009,5979058,5979077,5979078,5979106,0,0,3,3,0,1,1,1,1000361000,0,2,2,16653600,1850400,1850400,9,0,13067,327,47660008535100,327,328,16666667,2,16,0
20260813_NV_A3_SMOKE_R0,328,329,5992033,5992086,5996663,5996714,5996732,5996733,5996760,0,0,3,3,0,1,1,1,1000361000,0,2,2,16666200,1851800,1851800,9,0,467,327,47660008535100,327,329,16666667,2,16,0
20260813_NV_A3_SMOKE_R0,329,330,6008685,6008726,6011884,6011927,6011945,6011945,6011969,0,0,3,3,0,1,1,1,1000361000,0,2,2,15063200,1882900,1882900,8,0,1603467,327,47660008535100,327,330,16666667,2,16,0
20260813_NV_A3_SMOKE_R0,330,331,6025341,6025378,6028582,6028624,6028642,6028642,6028667,0,0,3,3,0,1,1,1,1000361000,0,2,2,15046400,1880800,1880800,8,0,1620267,327,47660008535100,327,331,16666667,2,16,0
20260813_NV_A3_SMOKE_R0,331,332,6042004,6042040,6045205,6045253,6045270,6045271,6045318,0,0,3,3,0,1,1,1,1000361000,0,2,2,14968000,1871000,1871000,8,0,1698667,327,47660008535100,327,332,16666667,2,16,0
20260813_NV_A3_SMOKE_R0,332,333,6058661,6058706,6062329,6062368,6062384,6062384,6062429,0,0,3,3,0,1,1,1,1000361000,0,2,2,15877600,1984700,1984700,8,0,789067,327,47660008535100,327,333,16666667,2,16,0
20260813_NV_A3_SMOKE_R0,333,334,6075346,6075384,6078562,6078601,6078615,6078616,6078655,0,0,3,3,0,1,1,1,1000361000,0,2,2,15234400,1904300,1904300,8,0,1432267,327,47660008535100,327,334,16666667,2,16,0
20260813_NV_A3_SMOKE_R0,334,335,6091988,6092011,6093807,6093848,6093859,6093860,6093896,0,0,3,3,0,1,1,1,1000361000,0,2,2,16654500,1850500,1850500,9,0,12167,327,47660008535100,327,335,16666667,2,16,0
20260813_NV_A3_SMOKE_R0,335,336,6108638,6108664,6111781,6111835,6111854,6111855,6111920,0,0,3,3,0,1,1,1,1000361000,0,2,2,16658100,1850900,1850900,9,0,8567,327,47660008535100,327,336,16666667,2,16,0
20260813_NV_A3_SMOKE_R0,336,337,6125342,6125381,6129060,6129186,6129215,6129216,6129239,0,0,3,3,0,1,1,1,1000361000,0,2,2,14884800,1860600,1860600,8,0,1781867,336,47660156644200,336,337,16666667,2,16,0
20260813_NV_A3_SMOKE_R0,337,338,6142001,6142037,6146845,6146938,6146974,6146975,6147018,0,0,3,3,0,1,1,1,1000361000,0,2,2,15353600,1919200,1919200,8,0,1313067,336,47660156644200,336,338,16666667,2,16,0
20260813_NV_A3_SMOKE_R0,338,339,6158747,6158815,6166113,6166141,6166151,6166151,6166163,0,0,3,3,0,1,1,1,1000361000,0,2,2,15048000,1881000,1881000,8,0,1618667,338,47660191820600,338,339,16666667,2,16,0
20260813_NV_A3_SMOKE_R0,339,340,6175400,6175464,6180253,6180302,6180320,6180321,6180374,0,0,3,3,0,1,1,1,1000361000,0,2,2,15171200,1896400,1896400,8,0,1495467,338,47660191820600,338,340,16666667,2,16,0
20260813_NV_A3_SMOKE_R0,340,341,6192453,6192515,6197956,6198045,6198102,6198103,6198160,0,0,3,3,0,1,1,1,1000361000,0,2,2,15046400,1880800,1880800,8,0,1620267,340,47660225122800,340,341,16666667,2,16,0
20260813_NV_A3_SMOKE_R0,341,342,6208704,6208761,6215341,6215441,6215483,6215484,6215617,0,0,3,3,0,1,1,1,1000361000,0,2,2,14957600,1869700,1869700,8,0,1709067,340,47660225122800,340,342,16666667,2,16,0
20260813_NV_A3_SMOKE_R0,342,343,6225425,6225498,6231020,6231047,6231057,6231058,6231071,0,0,3,3,0,1,1,1,1000361000,0,2,2,15234400,1904300,1904300,8,0,1432267,342,47660260279400,342,343,16666667,2,16,0
20260813_NV_A3_SMOKE_R0,343,344,6242902,6242973,6249790,6249883,6249914,6249915,6250013,0,0,3,3,0,1,1,1,1000361000,0,2,2,16654500,1850500,1850500,9,0,12167,342,47660260279400,342,344,16666667,2,16,0
20260813_NV_A3_SMOKE_R0,344,345,6258713,6258774,6264694,6264754,6264776,6264777,6264815,0,0,3,3,0,1,1,1,1000361000,0,2,2,14825600,1853200,1853200,8,0,1841067,344,47660293647700,344,345,16666667,2,16,0
20260813_NV_A3_SMOKE_R0,345,346,6275360,6275408,6281225,6281323,6281363,6281364,6281405,0,0,3,3,0,1,1,1,1000361000,0,2,2,15371200,1921400,1921400,8,0,1295467,344,47660293647700,344,346,16666667,2,16,0
20260813_NV_A3_SMOKE_R0,346,347,6292090,6292158,6297480,6297534,6297556,6297557,6297582,0,0,3,3,0,1,1,1,1000361000,0,2,2,15353600,1919200,1919200,8,0,1313067,346,47660325095400,346,347,16666667,2,16,0
20260813_NV_A3_SMOKE_R0,347,348,6308695,6308745,6311947,6311984,6311999,6312000,6312021,0,0,3,3,0,1,1,1,1000361000,0,2,2,15048000,1881000,1881000,8,0,1618667,347,47660341746900,347,348,16666667,2,16,0
20260813_NV_A3_SMOKE_R0,348,349,6325340,6325382,6328623,6328659,6328672,6328673,6328711,0,0,3,3,0,1,1,1,1000361000,0,2,2,15148000,1893500,1893500,8,0,1518667,347,47660341746900,347,349,16666667,2,16,0
20260813_NV_A3_SMOKE_R0,349,350,6341999,6342035,6344919,6344958,6344972,6344973,6345063,0,0,3,3,0,1,1,1,1000361000,0,2,2,15887900,2269700,2269700,7,0,778767,347,47660341746900,347,350,16666667,2,16,0
20260813_NV_A3_SMOKE_R0,350,351,6358666,6358700,6361610,6361644,6361656,6361657,6361674,0,0,3,3,0,1,1,1,1000361000,0,2,2,14957600,1869700,1869700,8,0,1709067,350,47660389881500,350,351,16666667,2,16,0
20260813_NV_A3_SMOKE_R0,351,352,6375343,6375384,6380136,6380223,6380277,6380278,6380490,0,0,3,3,0,1,1,1,1000361000,0,2,2,15810400,1976300,1976300,8,0,856267,350,47660389881500,350,352,16666667,2,16,0
20260813_NV_A3_SMOKE_R0,352,353,6392445,6392521,6399757,6399783,6399793,6399793,6399810,0,0,3,3,0,1,1,1,1000361000,0,2,2,16654500,1850500,1850500,9,0,12167,352,47660425081200,352,353,16666667,2,16,0
20260813_NV_A3_SMOKE_R0,353,354,6408768,6408838,6414429,6414481,6414503,6414504,6414536,0,0,3,3,0,1,1,1,1000361000,0,2,2,16132800,2016600,2016600,8,0,533867,353,47660443553700,353,354,16666667,2,16,0
20260813_NV_A3_SMOKE_R0,354,355,6425384,6425445,6432341,6432381,6432391,6432391,6432421,0,0,3,3,0,1,1,1,1000361000,0,2,2,14880000,1860000,1860000,8,0,1786667,353,47660443553700,353,355,16666667,2,16,0
20260813_NV_A3_SMOKE_R0,355,356,6442043,6442099,6446549,6446596,6446614,6446615,6446641,0,0,3,3,0,1,1,1,1000361000,0,2,2,15259200,1907400,1907400,8,0,1407467,355,47660476882100,355,356,16666667,2,16,0
20260813_NV_A3_SMOKE_R0,356,357,6458674,6458710,6461940,6461974,6461986,6461987,6462023,0,0,3,3,0,1,1,1,1000361000,0,2,2,14862400,1857800,1857800,8,0,1804267,355,47660476882100,355,357,16666667,2,16,0
20260813_NV_A3_SMOKE_R0,357,358,6475331,6475372,6478892,6478930,6478945,6478945,6478989,0,0,3,3,0,1,1,1,1000361000,0,2,2,15957600,1994700,1994700,8,0,709067,355,47660476882100,355,358,16666667,2,16,0
20260813_NV_A3_SMOKE_R0,358,359,6492012,6492048,6495318,6495354,6495368,6495368,6495387,0,0,3,3,0,1,1,1,1000361000,0,2,2,15887900,2269700,2269700,7,0,778767,358,47660523167700,358,359,16666667,2,16,0
20260813_NV_A3_SMOKE_R0,359,360,6508685,6508727,6512329,6512370,6512386,6512386,6512417,0,0,3,3,0,1,1,1,1000361000,0,2,2,14924800,1865600,1865600,8,0,1741867,359,47660541681100,359,360,16666667,2,16,0
20260813_NV_A3_SMOKE_R0,360,361,6525361,6525458,6531234,6531287,6531299,6531299,6531312,0,0,3,3,0,1,1,1,1000361000,0,2,2,16655400,1850600,1850600,9,0,11267,359,47660541681100,359,361,16666667,2,16,0
20260813_NV_A3_SMOKE_R0,361,362,6542003,6542037,6544515,6544559,6544575,6544575,6544595,0,0,3,3,0,1,1,1,1000361000,0,2,2,16132800,2016600,2016600,8,0,533867,359,47660541681100,359,362,16666667,2,16,0
20260813_NV_A3_SMOKE_R0,362,363,6558657,6558692,6561397,6561429,6561440,6561441,6561478,0,0,3,3,0,1,1,1,1000361000,0,2,2,16654500,1850500,1850500,9,0,12167,359,47660541681100,359,363,16666667,2,16,0
20260813_NV_A3_SMOKE_R0,363,364,6575324,6575360,6579133,6579213,6579245,6579245,6579289,0,0,3,3,0,1,1,1,1000361000,0,2,2,16662600,1851400,1851400,9,0,4067,363,47660606473300,363,364,16666667,2,16,0
20260813_NV_A3_SMOKE_R0,364,365,6592045,6592101,6596775,6596822,6596841,6596842,6596866,0,0,3,3,0,1,1,1,1000361000,0,2,2,15758400,1969800,1969800,8,0,908267,363,47660606473300,363,365,16666667,2,16,0
20260813_NV_A3_SMOKE_R0,365,366,6608697,6608740,6611957,6612002,6612020,6612021,6612045,0,0,3,3,0,1,1,1,1000361000,0,2,2,15974000,2282000,2282000,7,0,692667,365,47660641628500,365,366,16666667,2,16,0
20260813_NV_A3_SMOKE_R0,366,367,6625347,6625389,6628781,6628820,6628835,6628835,6628854,0,0,3,3,0,1,1,1,1000361000,0,2,2,14924800,1865600,1865600,8,0,1741867,366,47660656450400,366,367,16666667,2,16,0
20260813_NV_A3_SMOKE_R0,367,368,6642012,6642049,6645298,6645337,6645352,6645352,6645371,0,0,3,3,0,1,1,1,1000361000,0,2,2,16656300,1850700,1850700,9,0,10367,366,47660656450400,366,368,16666667,2,16,0
20260813_NV_A3_SMOKE_R0,368,369,6658687,6658728,6662159,6662204,6662217,6662218,6662261,0,0,3,3,0,1,1,1,1000361000,0,2,2,16659000,1851000,1851000,9,0,7667,366,47660656450400,366,369,16666667,2,16,0
20260813_NV_A3_SMOKE_R0,369,370,6675363,6675410,6680935,6681029,6681065,6681066,6681104,0,0,3,3,0,1,1,1,1000361000,0,2,2,14862400,1857800,1857800,8,0,1804267,366,47660656450400,366,370,16666667,2,16,0
20260813_NV_A3_SMOKE_R0,370,371,6692052,6692112,6697694,6697721,6697732,6697732,6697744,0,0,3,3,0,1,1,1,1000361000,0,2,2,15156800,1894600,1894600,8,0,1509867,366,47660656450400,366,371,16666667,2,16,0
20260813_NV_A3_SMOKE_R0,371,372,6708736,6708797,6714383,6714412,6714424,6714424,6714453,0,0,3,3,0,1,1,1,1000361000,0,2,2,14858400,1857300,1857300,8,0,1808267,366,47660656450400,366,372,16666667,2,16,0
20260813_NV_A3_SMOKE_R0,372,373,6725341,6725377,6729494,6729553,6729576,6729577,6729635,0,0,3,3,0,1,1,1,1000361000,0,2,2,15758400,1969800,1969800,8,0,908267,366,47660656450400,366,373,16666667,2,16,0
20260813_NV_A3_SMOKE_R0,373,374,6742023,6742069,6746995,6747053,6747081,6747082,6747109,0,0,3,3,0,1,1,1,1000361000,0,2,2,15785000,2255000,2255000,7,0,881667,373,47660773078800,373,374,16666667,2,16,0
20260813_NV_A3_SMOKE_R0,374,375,6758689,6758729,6762143,6762179,6762197,6762197,6762213,0,0,3,3,0,1,1,1,1000361000,0,2,2,14924800,1865600,1865600,8,0,1741867,374,47660791595400,374,375,16666667,2,16,0
20260813_NV_A3_SMOKE_R0,375,376,6775350,6775391,6780290,6780412,6780472,6780473,6780601,0,0,3,3,0,1,1,1,1000361000,0,2,2,15632800,1954100,1954100,8,0,1033867,374,47660791595400,374,376,16666667,2,16,0
20260813_NV_A3_SMOKE_R0,376,377,6792037,6792101,6797939,6797994,6798016,6798017,6798046,0,0,3,3,0,1,1,1,1000361000,0,2,2,16656300,1850700,1850700,9,0,10367,376,47660824928100,376,377,16666667,2,16,0
20260813_NV_A3_SMOKE_R0,377,378,6808686,6808733,6812507,6812547,6812562,6812563,6812584,0,0,3,3,0,1,1,1,1000361000,0,2,2,16049600,2006200,2006200,8,0,617067,377,47660841565200,377,378,16666667,2,16,0
20260813_NV_A3_SMOKE_R0,378,379,6825336,6825377,6829390,6829429,6829448,6829448,6829483,0,0,3,3,0,1,1,1,1000361000,0,2,2,16654500,1850500,1850500,9,0,12167,377,47660841565200,377,379,16666667,2,16,0
20260813_NV_A3_SMOKE_R0,379,380,6841980,6842015,6845146,6845183,6845198,6845198,6845214,0,0,3,3,0,1,1,1,1000361000,0,2,2,16659900,1851100,1851100,9,0,6767,377,47660841565200,377,380,16666667,2,16,0
20260813_NV_A3_SMOKE_R0,380,381,6858664,6858696,6862000,6862032,6862045,6862045,6862062,0,0,3,3,0,1,1,1,1000361000,0,2,2,15590400,1948800,1948800,8,0,1076267,377,47660841565200,377,381,16666667,2,16,0
20260813_NV_A3_SMOKE_R0,381,382,6875395,6875431,6879275,6879346,6879382,6879382,6879419,0,0,3,3,0,1,1,1,1000361000,0,2,2,14968000,1871000,1871000,8,0,1698667,377,47660841565200,377,382,16666667,2,16,0
20260813_NV_A3_SMOKE_R0,382,383,6892105,6892181,6897199,6897252,6897270,6897271,6897303,0,0,3,3,0,1,1,1,1000361000,0,2,2,15047200,1880900,1880900,8,0,1619467,382,47660924884800,382,383,16666667,2,16,0
20260813_NV_A3_SMOKE_R0,383,384,6908699,6908748,6912662,6912712,6912731,6912731,6912792,0,0,3,3,0,1,1,1,1000361000,0,2,2,16928100,1880900,1880900,9,1619467,1358034,382,47660924884800,382,384,16666667,2,16,0
20260813_NV_A3_SMOKE_R0,384,385,6925330,6925372,6929037,6929075,6929089,6929090,6929108,0,0,3,3,0,1,1,1,1000361000,0,2,2,16659000,1851000,1851000,9,0,7667,384,47660956342500,384,385,16666667,2,16,0
20260813_NV_A3_SMOKE_R0,385,386,6941996,6942027,6944858,6944895,6944910,6944910,6944936,0,0,3,3,0,1,1,1,1000361000,0,2,2,14849600,1856200,1856200,8,0,1817067,384,47660956342500,384,386,16666667,2,16,0
20260813_NV_A3_SMOKE_R0,386,387,6958669,6958704,6961821,6961857,6961871,6961872,6961898,0,0,3,3,0,1,1,1,1000361000,0,2,2,15076800,1884600,1884600,8,0,1589867,384,47660956342500,384,387,16666667,2,16,0
20260813_NV_A3_SMOKE_R0,387,388,6975319,6975345,6977216,6977257,6977268,6977269,6977307,0,0,3,3,0,1,1,1,1000361000,0,2,2,14855200,1856900,1856900,8,0,1811467,384,47660956342500,384,388,16666667,2,16,0
20260813_NV_A3_SMOKE_R0,388,389,6991986,6992013,6993950,6993993,6994005,6994005,6994051,0,0,3,3,0,1,1,1,1000361000,0,2,2,16004000,2000500,2000500,8,0,662667,384,47660956342500,384,389,16666667,2,16,0
20260813_NV_A3_SMOKE_R0,389,390,7008628,7008648,7010319,7010348,7010359,7010359,7010373,0,0,3,3,0,1,1,1,1000361000,0,2,2,16091600,2298800,2298800,7,0,575067,389,47661037793800,389,390,16666667,2,16,0
20260813_NV_A3_SMOKE_R0,390,391,7025301,7025324,7027469,7027500,7027511,7027511,7027526,0,0,3,3,0,1,1,1,1000361000,0,2,2,14896800,1862100,1862100,8,0,1769867,390,47661056307200,390,391,16666667,2,16,0
20260813_NV_A3_SMOKE_R0,391,392,7041990,7042019,7045339,7045399,7045421,7045422,7045451,0,0,3,3,0,1,1,1,1000361000,0,2,2,16657200,1850800,1850800,9,0,9467,390,47661056307200,390,392,16666667,2,16,0
20260813_NV_A3_SMOKE_R0,392,393,7058842,7058916,7064815,7064876,7064903,7064903,7064935,0,0,3,3,0,1,1,1,1000361000,0,2,2,15902400,1987800,1987800,8,0,764267,392,47661089633200,392,393,16666667,2,16,0
20260813_NV_A3_SMOKE_R0,393,394,7075366,7075414,7080644,7080721,7080751,7080752,7080810,0,0,3,3,0,1,1,1,1000361000,0,2,2,14849600,1856200,1856200,8,0,1817067,393,47661108215300,393,394,16666667,2,16,0
20260813_NV_A3_SMOKE_R0,394,395,7092058,7092120,7098432,7098459,7098470,7098470,7098483,0,0,3,3,0,1,1,1,1000361000,0,2,2,15032800,1879100,1879100,8,0,1633867,393,47661108215300,393,395,16666667,2,16,0
20260813_NV_A3_SMOKE_R0,395,396,7108722,7108781,7115776,7115805,7115822,7115823,7115835,0,0,3,3,0,1,1,1,1000361000,0,2,2,16004000,2000500,2000500,8,0,662667,395,47661143277000,395,396,16666667,2,16,0
20260813_NV_A3_SMOKE_R0,396,397,7125404,7125474,7131932,7131994,7132018,7132018,7132474,0,0,3,3,0,1,1,1,1000361000,0,2,2,15088000,1886000,1886000,8,0,1578667,395,47661143277000,395,397,16666667,2,16,0
20260813_NV_A3_SMOKE_R0,397,398,7142009,7142047,7145341,7145378,7145392,7145393,7145419,0,0,3,3,0,1,1,1,1000361000,0,2,2,14957600,1869700,1869700,8,0,1709067,397,47661176647100,397,398,16666667,2,16,0
20260813_NV_A3_SMOKE_R0,398,399,7158680,7158727,7162318,7162355,7162370,7162370,7162411,0,0,3,3,0,1,1,1,1000361000,0,2,2,14891200,1861400,1861400,8,0,1775467,397,47661176647100,397,399,16666667,2,16,0
20260813_NV_A3_SMOKE_R0,399,400,7175343,7175385,7180843,7180947,7181005,7181006,7181114,0,0,3,3,0,1,1,1,1000361000,0,2,2,15490400,1936300,1936300,8,0,1176267,397,47661176647100,397,400,16666667,2,16,0
20260813_NV_A3_SMOKE_R0,400,401,7192099,7192175,7198548,7198614,7198639,7198640,7198669,0,0,3,3,0,1,1,1,1000361000,0,2,2,16657200,1850800,1850800,9,0,9467,400,47661224757500,400,401,16666667,2,16,0
20260813_NV_A3_SMOKE_R0,401,402,7208674,7208719,7213932,7214006,7214035,7214036,7214119,0,0,3,3,0,1,1,1,1000361000,0,2,2,16659900,1851100,1851100,9,0,6767,400,47661224757500,400,402,16666667,2,16,0
20260813_NV_A3_SMOKE_R0,402,403,7225794,7225869,7234202,7234229,7234241,7234241,7234254,0,0,3,3,0,1,1,1,1000361000,0,2,2,14840800,1855100,1855100,8,0,1825867,400,47661224757500,400,403,16666667,2,16,0
20260813_NV_A3_SMOKE_R0,403,404,7242086,7242157,7247646,7247711,7247737,7247737,7247770,0,0,3,3,0,1,1,1,1000361000,0,2,2,15000000,1875000,1875000,8,0,1666667,400,47661224757500,400,404,16666667,2,16,0
20260813_NV_A3_SMOKE_R0,404,405,7258714,7258758,7262580,7262621,7262637,7262637,7262656,0,0,3,3,0,1,1,1,1000361000,0,2,2,14746200,2106600,2106600,7,0,1920467,404,47661291390400,404,405,16666667,2,16,0
20260813_NV_A3_SMOKE_R0,405,406,7275386,7275433,7280203,7280291,7280327,7280328,7280371,0,0,3,3,0,1,1,1,1000361000,0,2,2,16091600,2298800,2298800,7,0,575067,405,47661306210800,405,406,16666667,2,16,0
20260813_NV_A3_SMOKE_R0,406,407,7292091,7292160,7297625,7297676,7297696,7297696,7297725,0,0,3,3,0,1,1,1,1000361000,0,2,2,14877600,1859700,1859700,8,0,1789067,406,47661326608800,406,407,16666667,2,16,0
20260813_NV_A3_SMOKE_R0,407,408,7308704,7308754,7313804,7313832,7313842,7313843,7313854,0,0,3,3,0,1,1,1,1000361000,0,2,2,16657200,1850800,1850800,9,0,9467,406,47661326608800,406,408,16666667,2,16,0
20260813_NV_A3_SMOKE_R0,408,409,7325412,7325479,7331380,7331407,7331418,7331418,7331448,0,0,3,3,0,1,1,1,1000361000,0,2,2,16660800,1851200,1851200,9,0,5867,406,47661326608800,406,409,16666667,2,16,0
20260813_NV_A3_SMOKE_R0,409,410,7342016,7342058,7345456,7345498,7345515,7345516,7345537,0,0,3,3,0,1,1,1,1000361000,0,2,2,14837600,1854700,1854700,8,0,1829067,406,47661326608800,406,410,16666667,2,16,0
20260813_NV_A3_SMOKE_R0,410,411,7358691,7358736,7364855,7364941,7364976,7364977,7365027,0,0,3,3,0,1,1,1,1000361000,0,2,2,14966400,1870800,1870800,8,0,1700267,406,47661326608800,406,411,16666667,2,16,0
20260813_NV_A3_SMOKE_R0,411,412,7375401,7375467,7381628,7381695,7381725,7381726,7381761,0,0,3,3,0,1,1,1,1000361000,0,2,2,14746200,2106600,2106600,7,0,1920467,411,47661409861700,411,412,16666667,2,16,0
20260813_NV_A3_SMOKE_R0,412,413,7392044,7392094,7396404,7396448,7396471,7396471,7396492,0,0,3,3,0,1,1,1,1000361000,0,2,2,16091600,2298800,2298800,7,0,575067,412,47661426543200,412,413,16666667,2,16,0
20260813_NV_A3_SMOKE_R0,413,414,7408666,7408700,7411623,7411663,7411678,7411678,7411698,0,0,3,3,0,1,1,1,1000361000,0,2,2,15407200,1925900,1925900,8,0,1259467,413,47661441336500,413,414,16666667,2,16,0
20260813_NV_A3_SMOKE_R0,414,415,7425321,7425355,7428812,7428851,7428866,7428866,7429115,0,0,3,3,0,1,1,1,1000361000,0,2,2,17333100,1925900,1925900,9,1259467,593034,413,47661441336500,413,415,16666667,2,16,0
20260813_NV_A3_SMOKE_R0,415,416,7442319,7442364,7445737,7445788,7445807,7445807,7445833,0,0,3,3,0,1,1,1,1000361000,0,2,2,16658100,1850900,1850900,9,0,8567,415,47661472822000,415,416,16666667,2,16,0
20260813_NV_A3_SMOKE_R0,416,417,7458745,7458820,7463727,7463776,7463795,7463795,7463822,0,0,3,3,0,1,1,1,1000361000,0,2,2,16655400,1850600,1850600,9,0,11267,415,47661472822000,415,417,16666667,2,16,0
20260813_NV_A3_SMOKE_R0,417,418,7475342,7475386,7481038,7481129,7481165,7481166,7481211,0,0,3,3,0,1,1,1,1000361000,0,2,2,15545600,1943200,1943200,8,0,1121067,415,47661472822000,415,418,16666667,2,16,0
20260813_NV_A3_SMOKE_R0,418,419,7492472,7492524,7499069,7499153,7499189,7499190,7499234,0,0,3,3,0,1,1,1,1000361000,0,2,2,16495200,2061900,2061900,8,0,171467,415,47661472822000,415,419,16666667,2,16,0
20260813_NV_A3_SMOKE_R0,419,420,7508733,7508797,7515354,7515438,7515467,7515468,7515502,0,0,3,3,0,1,1,1,1000361000,0,2,2,16165800,2309400,2309400,7,0,500867,419,47661543158900,419,420,16666667,2,16,0
20260813_NV_A3_SMOKE_R0,420,421,7525337,7525408,7528438,7528473,7528493,7528493,7528509,0,0,3,3,0,1,1,1,1000361000,0,2,2,14877600,1859700,1859700,8,0,1789067,420,47661559828000,420,421,16666667,2,16,0
20260813_NV_A3_SMOKE_R0,421,422,7541994,7542025,7544919,7544968,7544984,7544985,7545007,0,0,3,3,0,1,1,1,1000361000,0,2,2,16658100,1850900,1850900,9,0,8567,420,47661559828000,420,422,16666667,2,16,0
20260813_NV_A3_SMOKE_R0,422,423,7558710,7558757,7562709,7562759,7562780,7562780,7562834,0,0,3,3,0,1,1,1,1000361000,0,2,2,15770400,1971300,1971300,8,0,896267,420,47661559828000,420,423,16666667,2,16,0
20260813_NV_A3_SMOKE_R0,423,424,7575327,7575366,7578410,7578446,7578469,7578472,7578494,0,0,3,3,0,1,1,1,1000361000,0,2,2,14835200,1854400,1854400,8,0,1831467,423,47661606104300,423,424,16666667,2,16,0
20260813_NV_A3_SMOKE_R0,424,425,7592009,7592052,7597221,7597285,7597312,7597313,7597346,0,0,3,3,0,1,1,1,1000361000,0,2,2,14928000,1866000,1866000,8,0,1738667,423,47661606104300,423,425,16666667,2,16,0
20260813_NV_A3_SMOKE_R0,425,426,7608718,7608771,7614208,7614281,7614306,7614307,7614340,0,0,3,3,0,1,1,1,1000361000,0,2,2,16495200,2061900,2061900,8,0,171467,425,47661641288000,425,426,16666667,2,16,0
20260813_NV_A3_SMOKE_R0,426,427,7625344,7625383,7628825,7628872,7628886,7628887,7628904,0,0,3,3,0,1,1,1,1000361000,0,2,2,16165800,2309400,2309400,7,0,500867,426,47661657933700,426,427,16666667,2,16,0
20260813_NV_A3_SMOKE_R0,427,428,7642046,7642082,7645789,7645861,7645890,7645891,7645933,0,0,3,3,0,1,1,1,1000361000,0,2,2,14864000,1858000,1858000,8,0,1802667,427,47661674590000,427,428,16666667,2,16,0
20260813_NV_A3_SMOKE_R0,428,429,7658760,7658837,7664784,7664841,7664864,7664864,7664893,0,0,3,3,0,1,1,1,1000361000,0,2,2,16659000,1851000,1851000,9,0,7667,427,47661674590000,427,429,16666667,2,16,0
20260813_NV_A3_SMOKE_R0,429,430,7675356,7675398,7679079,7679121,7679136,7679137,7679157,0,0,3,3,0,1,1,1,1000361000,0,2,2,15642400,1955300,1955300,8,0,1024267,429,47661709763500,429,430,16666667,2,16,0
20260813_NV_A3_SMOKE_R0,430,431,7692068,7692110,7695896,7695939,7695955,7695955,7695978,0,0,3,3,0,1,1,1,1000361000,0,2,2,15100000,1887500,1887500,8,0,1566667,429,47661709763500,429,431,16666667,2,16,0
20260813_NV_A3_SMOKE_R0,431,432,7709129,7709177,7712631,7712684,7712710,7712711,7712771,0,0,3,3,0,1,1,1,1000361000,0,2,2,15545600,1943200,1943200,8,0,1121067,429,47661709763500,429,432,16666667,2,16,0
20260813_NV_A3_SMOKE_R0,432,433,7725431,7725504,7730792,7730850,7730874,7730875,7730900,0,0,3,3,0,1,1,1,1000361000,0,2,2,14843200,1855400,1855400,8,0,1823467,432,47661756049300,432,433,16666667,2,16,0
20260813_NV_A3_SMOKE_R0,433,434,7742084,7742131,7746553,7746634,7746669,7746670,7746714,0,0,3,3,0,1,1,1,1000361000,0,2,2,15009600,1876200,1876200,8,0,1657067,433,47661774553800,433,434,16666667,2,16,0
20260813_NV_A3_SMOKE_R0,434,435,7758756,7758818,7763773,7763823,7763847,7763848,7763873,0,0,3,3,0,1,1,1,1000361000,0,2,2,14922400,1865300,1865300,8,0,1744267,434,47661791244600,434,435,16666667,2,16,0
20260813_NV_A3_SMOKE_R0,435,436,7775345,7775393,7779095,7779141,7779156,7779157,7779179,0,0,3,3,0,1,1,1,1000361000,0,2,2,15334400,1916800,1916800,8,0,1332267,435,47661807863900,435,436,16666667,2,16,0
20260813_NV_A3_SMOKE_R0,436,437,7792021,7792067,7797277,7797332,7797355,7797355,7797418,0,0,3,3,0,1,1,1,1000361000,0,2,2,14901600,1862700,1862700,8,0,1765067,435,47661807863900,435,437,16666667,2,16,0
20260813_NV_A3_SMOKE_R0,437,438,7808676,7808715,7811970,7812014,7812031,7812032,7812078,0,0,3,3,0,1,1,1,1000361000,0,2,2,16659000,1851000,1851000,9,0,7667,435,47661807863900,435,438,16666667,2,16,0
20260813_NV_A3_SMOKE_R0,438,439,7825331,7825366,7828679,7828718,7828733,7828734,7828778,0,0,3,3,0,1,1,1,1000361000,0,2,2,16663500,1851500,1851500,9,0,3167,435,47661807863900,435,439,16666667,2,16,0
20260813_NV_A3_SMOKE_R0,439,440,7842006,7842044,7847154,7847253,7847290,7847291,7847342,0,0,3,3,0,1,1,1,1000361000,0,2,2,14828800,1853600,1853600,8,0,1837867,435,47661807863900,435,440,16666667,2,16,0
20260813_NV_A3_SMOKE_R0,440,441,7858726,7858784,7864276,7864327,7864352,7864352,7864377,0,0,3,3,0,1,1,1,1000361000,0,2,2,14902400,1862800,1862800,8,0,1764267,435,47661807863900,435,441,16666667,2,16,0
20260813_NV_A3_SMOKE_R0,441,442,7875342,7875386,7878697,7878736,7878751,7878751,7878772,0,0,3,3,0,1,1,1,1000361000,0,2,2,16495200,2061900,2061900,8,0,171467,441,47661907838000,441,442,16666667,2,16,0
20260813_NV_A3_SMOKE_R0,442,443,7892005,7892042,7895675,7895722,7895741,7895742,7895763,0,0,3,3,0,1,1,1,1000361000,0,2,2,14915200,1864400,1864400,8,0,1751467,441,47661907838000,441,443,16666667,2,16,0
20260813_NV_A3_SMOKE_R0,443,444,7908686,7908725,7911663,7911704,7911720,7911721,7911738,0,0,3,3,0,1,1,1,1000361000,0,2,2,14883200,1860400,1860400,8,0,1783467,441,47661907838000,441,444,16666667,2,16,0
20260813_NV_A3_SMOKE_R0,444,445,7925330,7925361,7928153,7928190,7928206,7928206,7928224,0,0,3,3,0,1,1,1,1000361000,0,2,2,16663500,1851500,1851500,9,0,3167,444,47661955968400,444,445,16666667,2,16,0
20260813_NV_A3_SMOKE_R0,445,446,7942012,7942058,7947089,7947208,7947253,7947254,7947349,0,0,3,3,0,1,1,1,1000361000,0,2,2,15589600,1948700,1948700,8,0,1077067,444,47661955968400,444,446,16666667,2,16,0
20260813_NV_A3_SMOKE_R0,446,447,7958751,7958824,7965163,7965189,7965200,7965200,7965215,0,0,3,3,0,1,1,1,1000361000,0,2,2,15036800,1879600,1879600,8,0,1629867,444,47661955968400,444,447,16666667,2,16,0
20260813_NV_A3_SMOKE_R0,447,448,7975368,7975415,7980818,7980906,7980941,7980942,7981025,0,0,3,3,0,1,1,1,1000361000,0,2,2,15499200,1937400,1937400,8,0,1167467,444,47661955968400,444,448,16666667,2,16,0
20260813_NV_A3_SMOKE_R0,448,449,7992029,7992076,7995659,7995698,7995713,7995714,7995735,0,0,3,3,0,1,1,1,1000361000,0,2,2,14840800,1855100,1855100,8,0,1825867,448,47662024514200,448,449,16666667,2,16,0
20260813_NV_A3_SMOKE_R0,449,450,8008666,8008698,8011545,8011583,8011603,8011604,8011734,0,0,3,3,0,1,1,1,1000361000,0,2,2,16389600,2048700,2048700,8,0,277067,448,47662024514200,448,450,16666667,2,16,0
20260813_NV_A3_SMOKE_R0,450,451,8025343,8025373,8029507,8029572,8029600,8029601,8029633,0,0,3,3,0,1,1,1,1000361000,0,2,2,15964900,2280700,2280700,7,0,701767,450,47662055941100,450,451,16666667,2,16,0
20260813_NV_A3_SMOKE_R0,451,452,8042072,8042149,8047356,8047411,8047439,8047440,8047470,0,0,3,3,0,1,1,1,1000361000,0,2,2,14846400,1855800,1855800,8,0,1820267,451,47662074483600,451,452,16666667,2,16,0
20260813_NV_A3_SMOKE_R0,452,453,8058684,8058727,8062478,8062518,8062534,8062534,8062555,0,0,3,3,0,1,1,1,1000361000,0,2,2,16659000,1851000,1851000,9,0,7667,451,47662074483600,451,453,16666667,2,16,0
20260813_NV_A3_SMOKE_R0,453,454,8075355,8075400,8080950,8081032,8081063,8081064,8081192,0,0,3,3,0,1,1,1,1000361000,0,2,2,16662600,1851400,1851400,9,0,4067,451,47662074483600,451,454,16666667,2,16,0
20260813_NV_A3_SMOKE_R0,454,455,8092038,8092092,8098141,8098167,8098180,8098180,8098192,0,0,3,3,0,1,1,1,1000361000,0,2,2,14826400,1853300,1853300,8,0,1840267,454,47662126281600,454,455,16666667,2,16,0
20260813_NV_A3_SMOKE_R0,455,456,8108713,8108775,8114377,8114405,8114415,8114415,8114427,0,0,3,3,0,1,1,1,1000361000,0,2,2,14884800,1860600,1860600,8,0,1781867,454,47662126281600,454,456,16666667,2,16,0
20260813_NV_A3_SMOKE_R0,456,457,8125385,8125444,8131637,8131745,8131786,8131787,8131815,0,0,3,3,0,1,1,1,1000361000,0,2,2,15061900,2151700,2151700,7,0,1604767,456,47662157722700,456,457,16666667,2,16,0
20260813_NV_A3_SMOKE_R0,457,458,8142022,8142071,8145719,8145764,8145781,8145781,8145805,0,0,3,3,0,1,1,1,1000361000,0,2,2,15964900,2280700,2280700,7,0,701767,457,47662176287200,457,458,16666667,2,16,0
20260813_NV_A3_SMOKE_R0,458,459,8158696,8158744,8164655,8164718,8164745,8164745,8164782,0,0,3,3,0,1,1,1,1000361000,0,2,2,14838400,1854800,1854800,8,0,1828267,458,47662191072800,458,459,16666667,2,16,0
20260813_NV_A3_SMOKE_R0,459,460,8175392,8175454,8181600,8181675,8181703,8181704,8181743,0,0,3,3,0,1,1,1,1000361000,0,2,2,16659000,1851000,1851000,9,0,7667,458,47662191072800,458,460,16666667,2,16,0
20260813_NV_A3_SMOKE_R0,460,461,8192054,8192119,8198651,8198710,8198735,8198736,8198807,0,0,3,3,0,1,1,1,1000361000,0,2,2,16663500,1851500,1851500,9,0,3167,458,47662191072800,458,461,16666667,2,16,0
20260813_NV_A3_SMOKE_R0,461,462,8208723,8208774,8214453,8214536,8214566,8214566,8214579,0,0,3,3,0,1,1,1,1000361000,0,2,2,14821600,1852700,1852700,8,0,1845067,458,47662191072800,458,462,16666667,2,16,0
20260813_NV_A3_SMOKE_R0,462,463,8225485,8225545,8231255,8231309,8231330,8231331,8231358,0,0,3,3,0,1,1,1,1000361000,0,2,2,14872000,1859000,1859000,8,0,1794667,458,47662191072800,458,463,16666667,2,16,0
20260813_NV_A3_SMOKE_R0,463,464,8242041,8242094,8247504,8247575,8247602,8247603,8247636,0,0,3,3,0,1,1,1,1000361000,0,2,2,15968400,2281200,2281200,7,0,698267,463,47662276207100,463,464,16666667,2,16,0
20260813_NV_A3_SMOKE_R0,464,465,8258717,8258773,8264612,8264640,8264651,8264651,8264666,0,0,3,3,0,1,1,1,1000361000,0,2,2,15964900,2280700,2280700,7,0,701767,464,47662291059900,464,465,16666667,2,16,0
20260813_NV_A3_SMOKE_R0,465,466,8275370,8275423,8282070,8282097,8282108,8282108,8282122,0,0,3,3,0,1,1,1,1000361000,0,2,2,14827200,1853400,1853400,8,0,1839467,465,47662309590400,465,466,16666667,2,16,0
20260813_NV_A3_SMOKE_R0,466,467,8292223,8292289,8297995,8298023,8298034,8298034,8298048,0,0,3,3,0,1,1,1,1000361000,0,2,2,14848000,1856000,1856000,8,0,1818667,466,47662328066800,466,467,16666667,2,16,0
20260813_NV_A3_SMOKE_R0,467,468,8308693,8308739,8312224,8312265,8312285,8312285,8312327,0,0,3,3,0,1,1,1,1000361000,0,2,2,16662600,1851400,1851400,9,0,4067,466,47662328066800,466,468,16666667,2,16,0
20260813_NV_A3_SMOKE_R0,468,469,8325351,8325418,8330549,8330617,8330644,8330644,8330683,0,0,3,3,0,1,1,1,1000361000,0,2,2,16651800,1850200,1850200,9,0,14867,468,47662355822200,468,469,16666667,2,16,0
20260813_NV_A3_SMOKE_R0,469,470,8342058,8342118,8347837,8347907,8347934,8347934,8347967,0,0,3,3,0,1,1,1,1000361000,0,2,2,16043200,2005400,2005400,8,0,623467,468,47662355822200,468,470,16666667,2,16,0
20260813_NV_A3_SMOKE_R0,470,471,8358684,8358731,8362240,8362277,8362294,8362294,8362311,0,0,3,3,0,1,1,1,1000361000,0,2,2,14836000,1854500,1854500,8,0,1830667,470,47662392828800,470,471,16666667,2,16,0
20260813_NV_A3_SMOKE_R0,471,472,8375339,8375374,8378428,8378464,8378478,8378478,8378498,0,0,3,3,0,1,1,1,1000361000,0,2,2,15278200,2182600,2182600,7,0,1388467,470,47662392828800,470,472,16666667,2,16,0
20260813_NV_A3_SMOKE_R0,472,473,8392004,8392044,8397596,8397672,8397705,8397706,8397744,0,0,3,3,0,1,1,1,1000361000,0,2,2,14827200,1853400,1853400,8,0,1839467,472,47662422466200,472,473,16666667,2,16,0
20260813_NV_A3_SMOKE_R0,473,474,8408739,8408804,8413735,8413788,8413808,8413809,8413840,0,0,3,3,0,1,1,1,1000361000,0,2,2,14848000,1856000,1856000,8,0,1818667,473,47662442835800,473,474,16666667,2,16,0
20260813_NV_A3_SMOKE_R0,474,475,8425339,8425380,8428947,8428990,8429006,8429007,8429027,0,0,3,3,0,1,1,1,1000361000,0,2,2,16662600,1851400,1851400,9,0,4067,474,47662457635600,474,475,16666667,2,16,0
20260813_NV_A3_SMOKE_R0,475,476,8441995,8442023,8444838,8444874,8444887,8444887,8444905,0,0,3,3,0,1,1,1,1000361000,0,2,2,16651800,1850200,1850200,9,0,14867,475,47662472455300,475,476,16666667,2,16,0
20260813_NV_A3_SMOKE_R0,476,477,8458691,8458731,8462078,8462114,8462129,8462129,8462147,0,0,3,3,0,1,1,1,1000361000,0,2,2,15824800,1978100,1978100,8,0,841867,475,47662472455300,475,477,16666667,2,16,0
20260813_NV_A3_SMOKE_R0,477,478,8475344,8475391,8480417,8480512,8480550,8480551,8480661,0,0,3,3,0,1,1,1,1000361000,0,2,2,14864000,1858000,1858000,8,0,1802667,475,47662472455300,475,478,16666667,2,16,0
20260813_NV_A3_SMOKE_R0,478,479,8492794,8492865,8500677,8500705,8500714,8500715,8500727,0,0,3,3,0,1,1,1,1000361000,0,2,2,14943200,1867900,1867900,8,0,1723467,475,47662472455300,475,479,16666667,2,16,0
20260813_NV_A3_SMOKE_R0,479,480,8508737,8508797,8514143,8514194,8514221,8514221,8514278,0,0,3,3,0,1,1,1,1000361000,0,2,2,15132600,2161800,2161800,7,0,1534067,475,47662472455300,475,480,16666667,2,16,0
20260813_NV_A3_SMOKE_R0,480,481,8525353,8525446,8530423,8530478,8530506,8530507,8530530,0,0,3,3,0,1,1,1,1000361000,0,2,2,14827200,1853400,1853400,8,0,1839467,480,47662557621600,480,481,16666667,2,16,0
20260813_NV_A3_SMOKE_R0,481,482,8542038,8542092,8547517,8547591,8547621,8547622,8547706,0,0,3,3,0,1,1,1,1000361000,0,2,2,15214400,1901800,1901800,8,0,1452267,480,47662557621600,480,482,16666667,2,16,0
20260813_NV_A3_SMOKE_R0,482,483,8558673,8558712,8561623,8561666,8561684,8561684,8561702,0,0,3,3,0,1,1,1,1000361000,0,2,2,16659900,1851100,1851100,9,0,6767,482,47662592784300,482,483,16666667,2,16,0
20260813_NV_A3_SMOKE_R0,483,484,8575338,8575376,8578535,8578578,8578592,8578593,8578636,0,0,3,3,0,1,1,1,1000361000,0,2,2,16660800,1851200,1851200,9,0,5867,482,47662592784300,482,484,16666667,2,16,0
20260813_NV_A3_SMOKE_R0,484,485,8592000,8592038,8595524,8595562,8595577,8595578,8595598,0,0,3,3,0,1,1,1,1000361000,0,2,2,14816800,1852100,1852100,8,0,1849867,482,47662592784300,482,485,16666667,2,16,0
20260813_NV_A3_SMOKE_R0,485,486,8608680,8608719,8611853,8611892,8611910,8611911,8611930,0,0,3,3,0,1,1,1,1000361000,0,2,2,14853600,1856700,1856700,8,0,1813067,482,47662592784300,482,486,16666667,2,16,0
20260813_NV_A3_SMOKE_R0,486,487,8625342,8625381,8629073,8629112,8629128,8629129,8629285,0,0,3,3,0,1,1,1,1000361000,0,2,2,14833600,1854200,1854200,8,0,1833067,482,47662592784300,482,487,16666667,2,16,0
20260813_NV_A3_SMOKE_R0,487,488,8642001,8642034,8644867,8644906,8644924,8644924,8644945,0,0,3,3,0,1,1,1,1000361000,0,2,2,14943200,1867900,1867900,8,0,1723467,487,47662672383400,487,488,16666667,2,16,0
20260813_NV_A3_SMOKE_R0,488,489,8658667,8658705,8662054,8662096,8662109,8662109,8662251,0,0,3,3,0,1,1,1,1000361000,0,2,2,14996100,2142300,2142300,7,0,1670567,487,47662672383400,487,489,16666667,2,16,0
20260813_NV_A3_SMOKE_R0,489,490,8675324,8675357,8678132,8678172,8678184,8678184,8678200,0,0,3,3,0,1,1,1,1000361000,0,2,2,14827200,1853400,1853400,8,0,1839467,489,47662705764900,489,490,16666667,2,16,0
20260813_NV_A3_SMOKE_R0,490,491,8692009,8692048,8695163,8695196,8695212,8695212,8695251,0,0,3,3,0,1,1,1,1000361000,0,2,2,15188800,1898600,1898600,8,0,1477867,489,47662705764900,489,491,16666667,2,16,0
20260813_NV_A3_SMOKE_R0,491,492,8708664,8708701,8713228,8713321,8713408,8713409,8713499,0,0,3,3,0,1,1,1,1000361000,0,2,2,14845600,1855700,1855700,8,0,1821067,489,47662705764900,489,492,16666667,2,16,0
20260813_NV_A3_SMOKE_R0,492,493,8725404,8725482,8731579,8731614,8731625,8731625,8731641,0,0,3,3,0,1,1,1,1000361000,0,2,2,16660800,1851200,1851200,9,0,5867,492,47662757550200,492,493,16666667,2,16,0
20260813_NV_A3_SMOKE_R0,493,494,8742047,8742108,8746435,8746488,8746518,8746518,8746569,0,0,3,3,0,1,1,1,1000361000,0,2,2,15406400,1925800,1925800,8,0,1260267,492,47662757550200,492,494,16666667,2,16,0
20260813_NV_A3_SMOKE_R0,494,495,8759098,8759159,8765048,8765129,8765166,8765167,8765210,0,0,3,3,0,1,1,1,1000361000,0,2,2,14962400,1870300,1870300,8,0,1704267,492,47662757550200,492,495,16666667,2,16,0
20260813_NV_A3_SMOKE_R0,495,496,8775398,8775469,8781000,8781058,8781085,8781086,8781116,0,0,3,3,0,1,1,1,1000361000,0,2,2,14853600,1856700,1856700,8,0,1813067,495,47662809370800,495,496,16666667,2,16,0
20260813_NV_A3_SMOKE_R0,496,497,8792048,8792116,8797725,8797753,8797763,8797763,8797776,0,0,3,3,0,1,1,1,1000361000,0,2,2,16008300,2286900,2286900,7,0,658367,496,47662826026900,496,497,16666667,2,16,0
20260813_NV_A3_SMOKE_R0,497,498,8808691,8808733,8813360,8813413,8813432,8813433,8813458,0,0,3,3,0,1,1,1,1000361000,0,2,2,14996100,2142300,2142300,7,0,1670567,497,47662840840300,497,498,16666667,2,16,0
20260813_NV_A3_SMOKE_R0,498,499,8825348,8825389,8828762,8828801,8828815,8828816,8828833,0,0,3,3,0,1,1,1,1000361000,0,2,2,14822400,1852800,1852800,8,0,1844267,498,47662859355900,498,499,16666667,2,16,0
20260813_NV_A3_SMOKE_R0,499,500,8842007,8842046,8845412,8845452,8845472,8845472,8845515,0,0,3,3,0,1,1,1,1000361000,0,2,2,15164800,1895600,1895600,8,0,1501867,498,47662859355900,498,500,16666667,2,16,0
20260813_NV_A3_SMOKE_R0,500,501,8858673,8858710,8862438,8862478,8862494,8862494,8862539,0,0,3,3,0,1,1,1,1000361000,0,2,2,14843200,1855400,1855400,8,0,1823467,498,47662859355900,498,501,16666667,2,16,0
20260813_NV_A3_SMOKE_R0,501,502,8875335,8875373,8880237,8880337,8880401,8880402,8880928,0,0,3,3,0,1,1,1,1000361000,0,2,2,16659900,1851100,1851100,9,0,6767,498,47662859355900,498,502,16666667,2,16,0
20260813_NV_A3_SMOKE_R0,502,503,8892112,8892193,8897649,8897708,8897729,8897730,8897761,0,0,3,3,0,1,1,1,1000361000,0,2,2,15406400,1925800,1925800,8,0,1260267,502,47662925989900,502,503,16666667,2,16,0
20260813_NV_A3_SMOKE_R0,503,504,8908692,8908734,8911930,8911969,8911985,8911985,8912004,0,0,3,3,0,1,1,1,1000361000,0,2,2,14934400,1866800,1866800,8,0,1732267,503,47662942634800,503,504,16666667,2,16,0
20260813_NV_A3_SMOKE_R0,504,505,8925355,8925404,8931301,8931383,8931398,8931398,8931425,0,0,3,3,0,1,1,1,1000361000,0,2,2,15700800,1962600,1962600,8,0,965867,503,47662942634800,503,505,16666667,2,16,0
20260813_NV_A3_SMOKE_R0,505,506,8942077,8942139,8947701,8947764,8947789,8947790,8947858,0,0,3,3,0,1,1,1,1000361000,0,2,2,15776000,1972000,1972000,8,0,890667,503,47662942634800,503,506,16666667,2,16,0
20260813_NV_A3_SMOKE_R0,506,507,8958712,8958770,8963220,8963266,8963284,8963285,8963333,0,0,3,3,0,1,1,1,1000361000,0,2,2,14832000,1854000,1854000,8,0,1834667,503,47662942634800,503,507,16666667,2,16,0
20260813_NV_A3_SMOKE_R0,507,508,8975355,8975390,8978293,8978329,8978342,8978343,8978359,0,0,3,3,0,1,1,1,1000361000,0,2,2,14635600,2090800,2090800,7,0,2031067,503,47662942634800,503,508,16666667,2,16,0
20260813_NV_A3_SMOKE_R0,508,509,8992031,8992072,8995659,8995697,8995712,8995712,8995733,0,0,3,3,0,1,1,1,1000361000,0,2,2,14820000,1852500,1852500,8,0,1846667,508,47663022236000,508,509,16666667,2,16,0
20260813_NV_A3_SMOKE_R0,509,510,9008680,9008715,9011553,9011592,9011609,9011610,9011903,0,0,3,3,0,1,1,1,1000361000,0,2,2,15128000,1891000,1891000,8,0,1538667,508,47663022236000,508,510,16666667,2,16,0
20260813_NV_A3_SMOKE_R0,510,511,9025349,9025386,9028957,9029001,9029018,9029019,9029041,0,0,3,3,0,1,1,1,1000361000,0,2,2,16659900,1851100,1851100,9,0,6767,510,47663055574300,510,511,16666667,2,16,0
20260813_NV_A3_SMOKE_R0,511,512,9042009,9042051,9045431,9045458,9045468,9045468,9045495,0,0,3,3,0,1,1,1,1000361000,0,2,2,16660800,1851200,1851200,9,0,5867,510,47663055574300,510,512,16666667,2,16,0
20260813_NV_A3_SMOKE_R0,512,513,9058636,9058657,9061451,9061495,9061511,9061512,9061534,0,0,3,3,0,1,1,1,1000361000,0,2,2,16663500,1851500,1851500,9,0,3167,510,47663055574300,510,513,16666667,2,16,0
20260813_NV_A3_SMOKE_R0,513,514,9075352,9075398,9078931,9078982,9078997,9078997,9079017,0,0,3,3,0,1,1,1,1000361000,0,2,2,15608800,1951100,1951100,8,0,1057867,510,47663055574300,510,514,16666667,2,16,0
20260813_NV_A3_SMOKE_R0,514,515,9092022,9092054,9095006,9095041,9095057,9095057,9095071,0,0,3,3,0,1,1,1,1000361000,0,2,2,14913600,1864200,1864200,8,0,1753067,510,47663055574300,510,515,16666667,2,16,0
20260813_NV_A3_SMOKE_R0,515,516,9108675,9108715,9113305,9113334,9113344,9113344,9113468,0,0,3,3,0,1,1,1,1000361000,0,2,2,16606400,2075800,2075800,8,0,60267,510,47663055574300,510,516,16666667,2,16,0
20260813_NV_A3_SMOKE_R0,516,517,9125366,9125420,9132364,9132393,9132405,9132405,9132419,0,0,3,3,0,1,1,1,1000361000,0,2,2,14820000,1852500,1852500,8,0,1846667,516,47663157388600,516,517,16666667,2,16,0
20260813_NV_A3_SMOKE_R0,517,518,9142048,9142106,9148279,9148306,9148317,9148317,9148329,0,0,3,3,0,1,1,1,1000361000,0,2,2,14828800,1853600,1853600,8,0,1837867,517,47663177747600,517,518,16666667,2,16,0
20260813_NV_A3_SMOKE_R0,518,519,9158765,9158841,9163830,9163880,9163905,9163906,9163961,0,0,3,3,0,1,1,1,1000361000,0,2,2,16658100,1850900,1850900,9,0,8567,517,47663177747600,517,519,16666667,2,16,0
20260813_NV_A3_SMOKE_R0,519,520,9175367,9175422,9179394,9179440,9179457,9179458,9179487,0,0,3,3,0,1,1,1,1000361000,0,2,2,16651800,1850200,1850200,9,0,14867,519,47663207361700,519,520,16666667,2,16,0
20260813_NV_A3_SMOKE_R0,520,521,9192037,9192080,9196358,9196401,9196417,9196418,9196440,0,0,3,3,0,1,1,1,1000361000,0,2,2,15542400,1942800,1942800,8,0,1124267,519,47663207361700,519,521,16666667,2,16,0
20260813_NV_A3_SMOKE_R0,521,522,9208847,9208896,9213268,9213344,9213375,9213376,9213415,0,0,3,3,0,1,1,1,1000361000,0,2,2,15375500,2196500,2196500,7,0,1291167,519,47663207361700,519,522,16666667,2,16,0
20260813_NV_A3_SMOKE_R0,522,523,9225414,9225492,9232278,9232307,9232318,9232318,9232331,0,0,3,3,0,1,1,1,1000361000,0,2,2,16494400,2061800,2061800,8,0,172267,522,47663257353900,522,523,16666667,2,16,0
20260813_NV_A3_SMOKE_R0,523,524,9242062,9242116,9247732,9247803,9247833,9247834,9247871,0,0,3,3,0,1,1,1,1000361000,0,2,2,14820000,1852500,1852500,8,0,1846667,523,47663277685100,523,524,16666667,2,16,0
20260813_NV_A3_SMOKE_R0,524,525,9258704,9258753,9262609,9262648,9262664,9262665,9262683,0,0,3,3,0,1,1,1,1000361000,0,2,2,16660800,1851200,1851200,9,0,5867,523,47663277685100,523,525,16666667,2,16,0
20260813_NV_A3_SMOKE_R0,525,526,9275351,9275396,9278915,9278957,9278977,9278978,9279026,0,0,3,3,0,1,1,1,1000361000,0,2,2,16658100,1850900,1850900,9,0,8567,523,47663277685100,523,526,16666667,2,16,0
20260813_NV_A3_SMOKE_R0,526,527,9292004,9292046,9295550,9295589,9295605,9295605,9295623,0,0,3,3,0,1,1,1,1000361000,0,2,2,16660800,1851200,1851200,9,0,5867,526,47663322145600,526,527,16666667,2,16,0
20260813_NV_A3_SMOKE_R0,527,528,9308668,9308700,9311488,9311522,9311534,9311534,9311550,0,0,3,3,0,1,1,1,1000361000,0,2,2,15425600,1928200,1928200,8,0,1241067,526,47663322145600,526,528,16666667,2,16,0
20260813_NV_A3_SMOKE_R0,528,529,9325336,9325372,9328681,9328718,9328732,9328733,9328752,0,0,3,3,0,1,1,1,1000361000,0,2,2,14889600,1861200,1861200,8,0,1777067,526,47663322145600,526,529,16666667,2,16,0
20260813_NV_A3_SMOKE_R0,529,530,9342007,9342042,9345384,9345430,9345444,9345445,9345492,0,0,3,3,0,1,1,1,1000361000,0,2,2,16388800,2048600,2048600,8,0,277867,526,47663322145600,526,530,16666667,2,16,0
20260813_NV_A3_SMOKE_R0,530,531,9358676,9358716,9362238,9362284,9362299,9362299,9362318,0,0,3,3,0,1,1,1,1000361000,0,2,2,14820000,1852500,1852500,8,0,1846667,530,47663388846900,530,531,16666667,2,16,0
20260813_NV_A3_SMOKE_R0,531,532,9375331,9375365,9378592,9378634,9378648,9378649,9378667,0,0,3,3,0,1,1,1,1000361000,0,2,2,16659000,1851000,1851000,9,0,7667,530,47663388846900,530,532,16666667,2,16,0
20260813_NV_A3_SMOKE_R0,532,533,9392011,9392050,9396082,9396121,9396136,9396136,9396185,0,0,3,3,0,1,1,1,1000361000,0,2,2,16655400,1850600,1850600,9,0,11267,530,47663388846900,530,533,16666667,2,16,0
20260813_NV_A3_SMOKE_R0,533,534,9408657,9408698,9412223,9412268,9412286,9412286,9412309,0,0,3,3,0,1,1,1,1000361000,0,2,2,16659000,1851000,1851000,9,0,7667,530,47663388846900,530,534,16666667,2,16,0
20260813_NV_A3_SMOKE_R0,534,535,9425366,9425413,9429107,9429150,9429166,9429167,9429188,0,0,3,3,0,1,1,1,1000361000,0,2,2,15318400,1914800,1914800,8,0,1348267,530,47663388846900,530,535,16666667,2,16,0
20260813_NV_A3_SMOKE_R0,535,536,9442039,9442086,9445453,9445493,9445508,9445508,9445526,0,0,3,3,0,1,1,1,1000361000,0,2,2,14872800,1859100,1859100,8,0,1793867,535,47663473924600,535,536,16666667,2,16,0
20260813_NV_A3_SMOKE_R0,536,537,9458673,9458711,9463989,9464069,9464123,9464123,9464206,0,0,3,3,0,1,1,1,1000361000,0,2,2,16291200,2036400,2036400,8,0,375467,535,47663473924600,535,537,16666667,2,16,0
20260813_NV_A3_SMOKE_R0,537,538,9475377,9475436,9481249,9481331,9481369,9481370,9481418,0,0,3,3,0,1,1,1,1000361000,0,2,2,14820000,1852500,1852500,8,0,1846667,537,47663509111000,537,538,16666667,2,16,0
20260813_NV_A3_SMOKE_R0,538,539,9492097,9492157,9496245,9496286,9496302,9496303,9496321,0,0,3,3,0,1,1,1,1000361000,0,2,2,14819200,1852400,1852400,8,0,1847467,538,47663527636300,538,539,16666667,2,16,0
20260813_NV_A3_SMOKE_R0,539,540,9508683,9508725,9511973,9512010,9512025,9512025,9512067,0,0,3,3,0,1,1,1,1000361000,0,2,2,16654500,1850500,1850500,9,0,12167,538,47663527636300,538,540,16666667,2,16,0
20260813_NV_A3_SMOKE_R0,540,541,9525325,9525372,9527294,9527343,9527357,9527357,9527402,0,0,3,3,0,1,1,1,1000361000,0,2,2,15269600,1908700,1908700,8,0,1397067,538,47663527636300,538,541,16666667,2,16,0
20260813_NV_A3_SMOKE_R0,541,542,9541992,9542020,9543808,9543855,9543867,9543868,9543885,0,0,3,3,0,1,1,1,1000361000,0,2,2,14893600,1861700,1861700,8,0,1773067,538,47663527636300,538,542,16666667,2,16,0
20260813_NV_A3_SMOKE_R0,542,543,9558659,9558691,9560917,9560970,9560983,9560984,9561009,0,0,3,3,0,1,1,1,1000361000,0,2,2,14828800,1853600,1853600,8,0,1837867,538,47663527636300,538,543,16666667,2,16,0
20260813_NV_A3_SMOKE_R0,543,544,9575321,9575349,9577177,9577230,9577243,9577243,9577262,0,0,3,3,0,1,1,1,1000361000,0,2,2,16654500,1850500,1850500,9,0,12167,538,47663527636300,538,544,16666667,2,16,0
20260813_NV_A3_SMOKE_R0,544,545,9591983,9592007,9593959,9594000,9594012,9594013,9594036,0,0,3,3,0,1,1,1,1000361000,0,2,2,15544200,2220600,2220600,7,0,1122467,538,47663527636300,538,545,16666667,2,16,0
20260813_NV_A3_SMOKE_R0,545,546,9608643,9608666,9610421,9610463,9610475,9610475,9610492,0,0,3,3,0,1,1,1,1000361000,0,2,2,15212800,1901600,1901600,8,0,1453867,538,47663527636300,538,546,16666667,2,16,0
20260813_NV_A3_SMOKE_R0,546,547,9625310,9625334,9627255,9627299,9627311,9627311,9627329,0,0,3,3,0,1,1,1,1000361000,0,2,2,16028800,2003600,2003600,8,0,637867,538,47663527636300,538,547,16666667,2,16,0
20260813_NV_A3_SMOKE_R0,547,548,9641980,9642006,9643772,9643817,9643832,9643832,9643851,0,0,3,3,0,1,1,1,1000361000,0,2,2,16657200,1850800,1850800,9,0,9467,538,47663527636300,538,548,16666667,2,16,0
20260813_NV_A3_SMOKE_R0,548,549,9658648,9658673,9660561,9660604,9660617,9660618,9660637,0,0,3,3,0,1,1,1,1000361000,0,2,2,14816800,1852100,1852100,8,0,1849867,538,47663527636300,538,549,16666667,2,16,0
20260813_NV_A3_SMOKE_R0,549,550,9675311,9675334,9677077,9677120,9677131,9677132,9677149,0,0,3,3,0,1,1,1,1000361000,0,2,2,15589600,1948700,1948700,8,0,1077067,538,47663527636300,538,550,16666667,2,16,0
20260813_NV_A3_SMOKE_R0,550,551,9691970,9691990,9693764,9693796,9693808,9693808,9693840,0,0,3,3,0,1,1,1,1000361000,0,2,2,15176800,1897100,1897100,8,0,1489867,538,47663527636300,538,551,16666667,2,16,0
20260813_NV_A3_SMOKE_R0,551,552,9708661,9708695,9712379,9712440,9712465,9712466,9712532,0,0,3,3,0,1,1,1,1000361000,0,2,2,14824800,1853100,1853100,8,0,1841867,538,47663527636300,538,552,16666667,2,16,0
20260813_NV_A3_SMOKE_R0,552,553,9725341,9725379,9730161,9730226,9730251,9730252,9730283,0,0,3,3,0,1,1,1,1000361000,0,2,2,14857600,1857200,1857200,8,0,1809067,552,47663757181200,552,553,16666667,2,16,0
20260813_NV_A3_SMOKE_R0,553,554,9742082,9742146,9747464,9747522,9747544,9747544,9747582,0,0,3,3,0,1,1,1,1000361000,0,2,2,15508800,1938600,1938600,8,0,1157867,553,47663773834200,553,554,16666667,2,16,0
20260813_NV_A3_SMOKE_R0,554,555,9758685,9758734,9762117,9762153,9762167,9762168,9762184,0,0,3,3,0,1,1,1,1000361000,0,2,2,14997600,1874700,1874700,8,0,1669067,554,47663792327200,554,555,16666667,2,16,0
20260813_NV_A3_SMOKE_R0,555,556,9775343,9775382,9778707,9778748,9778764,9778765,9778808,0,0,3,3,0,1,1,1,1000361000,0,2,2,16665300,1851700,1851700,9,0,1367,554,47663792327200,554,556,16666667,2,16,0
20260813_NV_A3_SMOKE_R0,556,557,9792010,9792049,9797654,9797748,9797788,9797789,9797890,0,0,3,3,0,1,1,1,1000361000,0,2,2,16656300,1850700,1850700,9,0,10367,554,47663792327200,554,557,16666667,2,16,0
20260813_NV_A3_SMOKE_R0,557,558,9808685,9808729,9813183,9813238,9813261,9813261,9813293,0,0,3,3,0,1,1,1,1000361000,0,2,2,16651800,1850200,1850200,9,0,14867,554,47663792327200,554,558,16666667,2,16,0
20260813_NV_A3_SMOKE_R0,558,559,9825360,9825417,9829647,9829692,9829709,9829709,9829731,0,0,3,3,0,1,1,1,1000361000,0,2,2,15372000,1921500,1921500,8,0,1294667,554,47663792327200,554,559,16666667,2,16,0
20260813_NV_A3_SMOKE_R0,559,560,9842042,9842095,9846880,9846974,9847005,9847007,9847050,0,0,3,3,0,1,1,1,1000361000,0,2,2,14829500,2118500,2118500,7,0,1837167,554,47663792327200,554,560,16666667,2,16,0
20260813_NV_A3_SMOKE_R0,560,561,9858766,9858837,9864909,9864962,9864984,9864984,9865015,0,0,3,3,0,1,1,1,1000361000,0,2,2,15750400,1968800,1968800,8,0,916267,560,47663892312400,560,561,16666667,2,16,0
20260813_NV_A3_SMOKE_R0,561,562,9875373,9875421,9881309,9881451,9881493,9881494,9881615,0,0,3,3,0,1,1,1,1000361000,0,2,2,15468800,1933600,1933600,8,0,1197867,560,47663892312400,560,562,16666667,2,16,0
20260813_NV_A3_SMOKE_R0,562,563,9892066,9892133,9898053,9898109,9898137,9898138,9898164,0,0,3,3,0,1,1,1,1000361000,0,2,2,14997600,1874700,1874700,8,0,1669067,560,47663892312400,560,563,16666667,2,16,0
20260813_NV_A3_SMOKE_R0,563,564,9908703,9908762,9914459,9914535,9914565,9914566,9914608,0,0,3,3,0,1,1,1,1000361000,0,2,2,16656300,1850700,1850700,9,0,10367,563,47663942284200,563,564,16666667,2,16,0
20260813_NV_A3_SMOKE_R0,564,565,9925387,9925442,9931494,9931554,9931577,9931578,9931607,0,0,3,3,0,1,1,1,1000361000,0,2,2,15163200,1895400,1895400,8,0,1503467,564,47663958955100,564,565,16666667,2,16,0
20260813_NV_A3_SMOKE_R0,565,566,9942028,9942070,9945880,9945926,9945947,9945948,9945972,0,0,3,3,0,1,1,1,1000361000,0,2,2,15238400,1904800,1904800,8,0,1428267,564,47663958955100,564,566,16666667,2,16,0
20260813_NV_A3_SMOKE_R0,566,567,9958687,9958729,9962280,9962319,9962334,9962334,9962352,0,0,3,3,0,1,1,1,1000361000,0,2,2,15593600,1949200,1949200,8,0,1073067,566,47663990400100,566,567,16666667,2,16,0
20260813_NV_A3_SMOKE_R0,567,568,9975332,9975366,9978395,9978439,9978452,9978453,9978490,0,0,3,3,0,1,1,1,1000361000,0,2,2,16066400,2008300,2008300,8,0,600267,566,47663990400100,566,568,16666667,2,16,0
20260813_NV_A3_SMOKE_R0,568,569,9991994,9992039,9995467,9995525,9995542,9995542,9995662,0,0,3,3,0,1,1,1,1000361000,0,2,2,14712600,2101800,2101800,7,0,1954067,566,47663990400100,566,569,16666667,2,16,0
20260813_NV_A3_SMOKE_R0,569,570,10008662,10008693,10011303,10011383,10011405,10011406,10011421,0,0,3,3,0,1,1,1,1000361000,0,2,2,15750400,1968800,1968800,8,0,916267,569,47664040364400,569,570,16666667,2,16,0
20260813_NV_A3_SMOKE_R0,570,571,10025323,10025352,10028116,10028150,10028162,10028163,10028179,0,0,3,3,0,1,1,1,1000361000,0,2,2,14815200,1851900,1851900,8,0,1851467,570,47664055213300,570,571,16666667,2,16,0
20260813_NV_A3_SMOKE_R0,571,572,10041990,10042023,10045913,10045983,10046011,10046012,10046048,0,0,3,3,0,1,1,1,1000361000,0,2,2,16656300,1850700,1850700,9,0,10367,570,47664055213300,570,572,16666667,2,16,0
20260813_NV_A3_SMOKE_R0,572,573,10058766,10058850,10064481,10064534,10064555,10064556,10064579,0,0,3,3,0,1,1,1,1000361000,0,2,2,15144800,1893100,1893100,8,0,1521867,572,47664090394400,572,573,16666667,2,16,0
20260813_NV_A3_SMOKE_R0,573,574,10075363,10075409,10080540,10080616,10080647,10080648,10080689,0,0,3,3,0,1,1,1,1000361000,0,2,2,15161600,1895200,1895200,8,0,1505067,572,47664090394400,572,574,16666667,2,16,0
20260813_NV_A3_SMOKE_R0,574,575,10092059,10092123,10097906,10097969,10097992,10097993,10098025,0,0,3,3,0,1,1,1,1000361000,0,2,2,16007200,2000900,2000900,8,0,659467,574,47664125545900,574,575,16666667,2,16,0
20260813_NV_A3_SMOKE_R0,575,576,10108678,10108720,10113289,10113345,10113371,10113371,10113397,0,0,3,3,0,1,1,1,1000361000,0,2,2,14712600,2101800,2101800,7,0,1954067,575,47664142214600,575,576,16666667,2,16,0
20260813_NV_A3_SMOKE_R0,576,577,10125370,10125422,10130873,10130904,10130915,10130915,10130931,0,0,3,3,0,1,1,1,1000361000,0,2,2,15750400,1968800,1968800,8,0,916267,576,47664157039900,576,577,16666667,2,16,0
20260813_NV_A3_SMOKE_R0,577,578,10142057,10142111,10147346,10147373,10147387,10147387,10147400,0,0,3,3,0,1,1,1,1000361000,0,2,2,14815200,1851900,1851900,8,0,1851467,577,47664175531900,577,578,16666667,2,16,0
20260813_NV_A3_SMOKE_R0,578,579,10158705,10158752,10162537,10162698,10162731,10162732,10162753,0,0,3,3,0,1,1,1,1000361000,0,2,2,16656300,1850700,1850700,9,0,10367,577,47664175531900,577,579,16666667,2,16,0
20260813_NV_A3_SMOKE_R0,579,580,10175344,10175386,10178955,10179001,10179018,10179019,10179066,0,0,3,3,0,1,1,1,1000361000,0,2,2,16651800,1850200,1850200,9,0,14867,577,47664175531900,577,580,16666667,2,16,0
20260813_NV_A3_SMOKE_R0,580,581,10191979,10192010,10195141,10195178,10195192,10195193,10195212,0,0,3,3,0,1,1,1,1000361000,0,2,2,16656300,1850700,1850700,9,0,10367,580,47664223666400,580,581,16666667,2,16,0
20260813_NV_A3_SMOKE_R0,581,582,10208679,10208721,10212964,10213032,10213059,10213060,10213094,0,0,3,3,0,1,1,1,1000361000,0,2,2,15796000,1974500,1974500,8,0,870667,580,47664223666400,580,582,16666667,2,16,0
20260813_NV_A3_SMOKE_R0,582,583,10225435,10225507,10231193,10231245,10231266,10231267,10231304,0,0,3,3,0,1,1,1,1000361000,0,2,2,15008700,2144100,2144100,7,0,1657967,582,47664256987100,582,583,16666667,2,16,0
20260813_NV_A3_SMOKE_R0,583,584,10242015,10242053,10245480,10245518,10245532,10245532,10245550,0,0,3,3,0,1,1,1,1000361000,0,2,2,15750400,1968800,1968800,8,0,916267,583,47664275492400,583,584,16666667,2,16,0
20260813_NV_A3_SMOKE_R0,584,585,10258689,10258733,10262713,10262755,10262771,10262772,10262815,0,0,3,3,0,1,1,1,1000361000,0,2,2,15351200,1918900,1918900,8,0,1315467,583,47664275492400,583,585,16666667,2,16,0
20260813_NV_A3_SMOKE_R0,585,586,10275340,10275380,10278931,10278975,10278992,10278992,10279040,0,0,3,3,0,1,1,1,1000361000,0,2,2,16666200,1851800,1851800,9,0,467,583,47664275492400,583,586,16666667,2,16,0
20260813_NV_A3_SMOKE_R0,586,587,10291995,10292029,10294984,10295016,10295028,10295029,10295065,0,0,3,3,0,1,1,1,1000361000,0,2,2,14974400,1871800,1871800,8,0,1692267,583,47664275492400,583,587,16666667,2,16,0
20260813_NV_A3_SMOKE_R0,587,588,10308690,10308732,10313546,10313625,10313656,10313656,10313694,0,0,3,3,0,1,1,1,1000361000,0,2,2,16651800,1850200,1850200,9,0,14867,583,47664275492400,583,588,16666667,2,16,0
20260813_NV_A3_SMOKE_R0,588,589,10325382,10325440,10331380,10331436,10331459,10331460,10331486,0,0,3,3,0,1,1,1,1000361000,0,2,2,16653600,1850400,1850400,9,0,13067,588,47664356952100,588,589,16666667,2,16,0
20260813_NV_A3_SMOKE_R0,589,590,10342037,10342093,10345364,10345395,10345405,10345406,10345420,0,0,3,3,0,1,1,1,1000361000,0,2,2,15548000,1943500,1943500,8,0,1118667,588,47664356952100,588,590,16666667,2,16,0
20260813_NV_A3_SMOKE_R0,590,591,10358650,10358657,10361249,10361285,10361303,10361304,10361324,0,0,3,3,0,1,1,1,1000361000,0,2,2,14646100,2092300,2092300,7,0,2020567,588,47664356952100,588,591,16666667,2,16,0
