Validation Information: [ CURRENT-VALIDATION-ENABLED ] | MessageID = 0xfd7b2292
vkCreateInstance(): Current Validaiton Enabled:
  - Core Checks
  - Synchronization
  - Stateless Parameter
  - Object lifetime
  - Thread Safety
  - Handle Wrapping

Objects: 1
    [0] VkInstance 0x4ce5a50

MelonPrimeDS (build 2026-08-13 18:04:33 GMT+9) (melonDS 1.1)
https://melonds.kuribo64.net
Opened "C:/Users/Admin/Documents/git/melonPrimeDS/build/debug-mingw-vulkan-validation2/portable\melonDS.toml" with FileMode 0x1 (effective mode "rb")
Opened "C:/Users/Admin/Documents/git/melonPrimeDS/build/debug-mingw-vulkan-validation2/portable\melonDS.toml" with FileMode 0x20 (effective mode "ab")
MP comm init OK
Audio output frequency: 48000 Hz
Audio output buffer size: 512 samples
[Vulkan] loaded vulkan-1.dll, instance API version 1.4.357
[Vulkan] validation layer enabled
[Vulkan] instance ok   Vulkan runtime -- vulkan-1.dll
[Vulkan] instance ok   Vulkan instance version -- 1.4.357
[Vulkan] instance ok   VK_KHR_surface -- present
[Vulkan] instance ok   VK_KHR_get_surface_capabilities2 -- present
[Vulkan] instance ok   VK_KHR_win32_surface -- present
[Vulkan] instance ok   VK_EXT_debug_utils -- present
[Vulkan/general] Loader Message: Removing layer VK_LAYER_OBS_HOOK (C:\ProgramData\obs-studio-hook\obs-vulkan32.json) because it is a duplicate of VK_LAYER_OBS_HOOK (C:\ProgramData\obs-studio-hook\obs-vulkan64.json)
[Vulkan] instance created (API 1.1.0 requested, 4 extensions, 1 layers)
[Vulkan]   instance extension: VK_KHR_surface
[Vulkan]   instance extension: VK_KHR_get_surface_capabilities2
[Vulkan]   instance extension: VK_KHR_win32_surface
[Vulkan]   instance extension: VK_EXT_debug_utils
[Vulkan] probed NVIDIA GeForce RTX 5070 Ti (NVIDIA, discrete GPU) API 1.4.341 driver 610.74.0.0: eligible
[Vulkan] NVIDIA GeForce RTX 5070 Ti ok   Device API version -- 1.4.341
[Vulkan] NVIDIA GeForce RTX 5070 Ti ok   Device-local memory -- 15995.0 MiB
[Vulkan] NVIDIA GeForce RTX 5070 Ti ok   Queue families -- family 0 supports graphics+compute (present not checked)
[Vulkan] NVIDIA GeForce RTX 5070 Ti ok   Surface support -- not checked (probe ran without a surface)
[Vulkan] NVIDIA GeForce RTX 5070 Ti ok   R8G8B8A8_UNORM storage image -- supported
[Vulkan] NVIDIA GeForce RTX 5070 Ti ok   R16G16B16A16_UINT uniform texel buffer -- supported
[Vulkan] NVIDIA GeForce RTX 5070 Ti ok   R8G8B8A8_UINT texture array -- supported
[Vulkan] NVIDIA GeForce RTX 5070 Ti ok   R32_UINT clear bitmap -- supported
[Vulkan] NVIDIA GeForce RTX 5070 Ti ok   R8G8B8A8_UNORM capture texture -- supported
[Vulkan] NVIDIA GeForce RTX 5070 Ti ok   maxBoundDescriptorSets -- maxBoundDescriptorSets = 32 (need 2)
[Vulkan] NVIDIA GeForce RTX 5070 Ti ok   maxPushConstantsSize -- maxPushConstantsSize = 256 (need 32)
[Vulkan] NVIDIA GeForce RTX 5070 Ti ok   maxPerStageDescriptorUniformBuffers -- maxPerStageDescriptorUniformBuffers = 1048576 (need 1)
[Vulkan] NVIDIA GeForce RTX 5070 Ti ok   maxPerStageDescriptorStorageBuffers -- maxPerStageDescriptorStorageBuffers = 1048576 (need 14)
[Vulkan] NVIDIA GeForce RTX 5070 Ti ok   maxDescriptorSetStorageBuffers -- maxDescriptorSetStorageBuffers = 1048576 (need 14)
[Vulkan] NVIDIA GeForce RTX 5070 Ti ok   maxPerStageDescriptorStorageImages -- maxPerStageDescriptorStorageImages = 1048576 (need 1)
[Vulkan] NVIDIA GeForce RTX 5070 Ti ok   maxPerStageDescriptorSampledImages -- maxPerStageDescriptorSampledImages = 1048576 (need 6)
[Vulkan] NVIDIA GeForce RTX 5070 Ti ok   maxPerStageDescriptorSamplers -- maxPerStageDescriptorSamplers = 1048576 (need 5)
[Vulkan] NVIDIA GeForce RTX 5070 Ti ok   maxPerStageResources -- maxPerStageResources = 4294967295 (need 22)
[Vulkan] NVIDIA GeForce RTX 5070 Ti ok   maxUniformBufferRange -- maxUniformBufferRange = 65536 (need 4096)
[Vulkan] NVIDIA GeForce RTX 5070 Ti ok   maxImageDimension2D -- maxImageDimension2D = 32768 (need 4096)
[Vulkan] NVIDIA GeForce RTX 5070 Ti ok   maxImageArrayLayers -- maxImageArrayLayers = 2048 (need 64)
[Vulkan] NVIDIA GeForce RTX 5070 Ti ok   maxComputeWorkGroupInvocations -- maxComputeWorkGroupInvocations = 1024 (need 256)
[Vulkan] NVIDIA GeForce RTX 5070 Ti ok   maxComputeWorkGroupSize[0] -- maxComputeWorkGroupSize[0] = 1024 (need 64)
[Vulkan] NVIDIA GeForce RTX 5070 Ti ok   maxComputeWorkGroupSize[1] -- maxComputeWorkGroupSize[1] = 1024 (need 16)
[Vulkan] NVIDIA GeForce RTX 5070Validation Information: [ CURRENT-VALIDATION-ENABLED ] | MessageID = 0xfd7b2292
vkCreateInstance(): Current Validaiton Enabled:
  - Core Checks
  - Synchronization
  - Stateless Parameter
  - Object lifetime
  - Thread Safety
  - Handle Wrapping

Objects: 1
    [0] VkInstance 0x4cf5790

 Ti ok   maxImageDimension2D (texcache) -- maxImageDimension2D (texcache) = 32768 (need 1024)
[Vulkan] NVIDIA GeForce RTX 5070 Ti ok   Internal resolution -- up to 16x supported
[Vulkan] selected NVIDIA GeForce RTX 5070 Ti (NVIDIA) -- score 1175, up to 16x internal resolution
[Vulkan] feature check: available device=NVIDIA GeForce RTX 5070 Ti api=1.4.341 driver=610.74.0.0 maxScale=16x reflex=yes antilag2=no
[Vulkan] loaded vulkan-1.dll, instance API version 1.4.357
[Vulkan] validation layer enabled
[Vulkan] instance ok   Vulkan runtime -- vulkan-1.dll
[Vulkan] instance ok   Vulkan instance version -- 1.4.357
[Vulkan] instance ok   VK_KHR_surface -- present
[Vulkan] instance ok   VK_KHR_get_surface_capabilities2 -- present
[Vulkan] instance ok   VK_KHR_win32_surface -- present
[Vulkan] instance ok   VK_EXT_debug_utils -- present
[Vulkan/general] Loader Message: Removing layer VK_LAYER_OBS_HOOK (C:\ProgramData\obs-studio-hook\obs-vulkan32.json) because it is a duplicate of VK_LAYER_OBS_HOOK (C:\ProgramData\obs-studio-hook\obs-vulkan64.json)
[Vulkan] instance created (API 1.1.0 requested, 4 extensions, 1 layers)
[Vulkan]   instance extension: VK_KHR_surface
[Vulkan]   instance extension: VK_KHR_get_surface_capabilities2
[Vulkan]   instance extension: VK_KHR_win32_surface
[Vulkan]   instance extension: VK_EXT_debug_utils
[Vulkan] presentation surface created backend=VK_KHR_win32_surface hwnd=0000000000040d62
[Vulkan] probed NVIDIA GeForce RTX 5070 Ti (NVIDIA, discrete GPU) API 1.4.341 driver 610.74.0.0: eligible
[Vulkan] NVIDIA GeForce RTX 5070 Ti ok   Device API version -- 1.4.341
[Vulkan] NVIDIA GeForce RTX 5070 Ti ok   Device-local memory -- 15995.0 MiB
[Vulkan] NVIDIA GeForce RTX 5070 Ti ok   Queue families -- family 0 supports graphics+compute+present
[Vulkan] NVIDIA GeForce RTX 5070 Ti ok   VK_KHR_swapchain -- present
[Vulkan] NVIDIA GeForce RTX 5070 Ti ok   Surface support -- 7 surface formats, 5 present modes
[Vulkan] NVIDIA GeForce RTX 5070 Ti ok   R8G8B8A8_UNORM storage image -- supported
[Vulkan] NVIDIA GeForce RTX 5070 Ti ok   R16G16B16A16_UINT uniform texel buffer -- supported
[Vulkan] NVIDIA GeForce RTX 5070 Ti ok   R8G8B8A8_UINT texture array -- supported
[Vulkan] NVIDIA GeForce RTX 5070 Ti ok   R32_UINT clear bitmap -- supported
[Vulkan] NVIDIA GeForce RTX 5070 Ti ok   R8G8B8A8_UNORM capture texture -- supported
[Vulkan] NVIDIA GeForce RTX 5070 Ti ok   maxBoundDescriptorSets -- maxBoundDescriptorSets = 32 (need 2)
[Vulkan] NVIDIA GeForce RTX 5070 Ti ok   maxPushConstantsSize -- maxPushConstantsSize = 256 (need 32)
[Vulkan] NVIDIA GeForce RTX 5070 Ti ok   maxPerStageDescriptorUniformBuffers -- maxPerStageDescriptorUniformBuffers = 1048576 (need 1)
[Vulkan] NVIDIA GeForce RTX 5070 Ti ok   maxPerStageDescriptorStorageBuffers -- maxPerStageDescriptorStorageBuffers = 1048576 (need 14)
[Vulkan] NVIDIA GeForce RTX 5070 Ti ok   maxDescriptorSetStorageBuffers -- maxDescriptorSetStorageBuffers = 1048576 (need 14)
[Vulkan] NVIDIA GeForce RTX 5070 Ti ok   maxPerStageDescriptorStorageImages -- maxPerStageDescriptorStorageImages = 1048576 (need 1)
[Vulkan] NVIDIA GeForce RTX 5070 Ti ok   maxPerStageDescriptorSampledImages -- maxPerStageDescriptorSampledImages = 1048576 (need 6)
[Vulkan] NVIDIA GeForce RTX 5070 Ti ok   maxPerStageDescriptorSamplers -- maxPerStageDescriptorSamplers = 1048576 (need 5)
[Vulkan] NVIDIA GeForce RTX 5070 Ti ok   maxPerStageResources -- maxPerStageResources = 4294967295 (need 22)
[Vulkan] NVIDIA GeForce RTX 5070 Ti ok   maxUniformBufferRange -- maxUniformBufferRange = 65536 (need 4096)
[Vulkan] NVIDIA GeForce RTX 5070 Ti ok   maxImageDimension2D -- maxImageDimension2D = 32768 (need 4096)
[Vulkan] NVIDIA GeForce RTX 5070 Ti ok   maxImageArrayLayers -- maxImageArrayLayers = 2048 (need 64)
[Vulkan] NVIDIA GeForce RTX 5070 Ti ok   maxComputeWorkGroupInvocations -- maxComputeWorkGroupInvocations = 1024 (need 256)
[Vulkan] NVIDIA GeForce RTX 5070 Ti ok   maxComputeWorkGroupSize[0] -- maxComputeWorkGroupSize[0] = 1024 (need 64)
[Vulkan] NVIDIA GeForce RTX 5070 Ti ok   maxComputeWorkGroupSize[1] -- maxComputeWorkGroupSize[1] = 1024 (need 16)
[Vulkan] NVIDIA GeForce RTX 5070 Ti ok   maxImageDimension2D (texcache) -- maxImageDimension2D (texcache) = 32768 (need 1024)
[Vulkan] NVIDIA GeForce RTX 5070 Ti ok   Internal resolution -- up to 16x supported
[Vulkan] selected NVIDIA GeForce RTX 5070 Ti (NVIDIA) -- score 1175, up to 16x internal resolution
[Vulkan] generic present device capabilities: caps2=yes present-id2=yes present-wait2=yes calibrated-timestamps=yes present-timing=yes present-at-absolute-time=yes present-at-relative-time=yes fifo-latest-ready=yes
[Vulkan] renderer requested=Vulkan presenter actual=Vulkan
[Vulkan] instance API 1.4.357, device API 1.4.341
[Vulkan] GPU NVIDIA GeForce RTX 5070 Ti (NVIDIA, discrete GPU) driver 610.74.0.0
[Vulkan] queues: family 0 handles graphics, compute and present
[Vulkan] device extension: VK_KHR_swapchain
[Vulkan] device extension: VK_KHR_timeline_semaphore
[Vulkan] device extension: VK_KHR_present_id
[Vulkan] device extension: VK_NV_low_latency2
[Vulkan] device extension: VK_KHR_present_id2
[Vulkan] device extension: VK_KHR_present_wait2
[Vulkan] device extension: VK_KHR_calibrated_timestamps
[Vulkan] device extension: VK_EXT_present_timing
[Vulkan] device extension: VK_KHR_present_mode_fifo_latest_ready
[Vulkan] device features: none required (core 1.1 functionality only)
[Vulkan] device-local memory 15995.0 MiB, internal resolution up to 16x
[Vulkan] NVIDIA Reflex (VK_NV_low_latency2) device creation: extension-requested=yes supported=yes device-extension-enabled=yes reason=enabled at device creation
[Vulkan] AMD Radeon Anti-Lag 2 (VK_AMD_anti_lag) device creation: extension-requested=yes supported=no device-extension-enabled=no reason=this GPU does not expose VK_AMD_anti_lag (Radeon Anti-Lag 2 is AMD-only)
[Vulkan] NVIDIA Reflex mode=off lowLatencyMode=false lowLatencyBoost=false
[Vulkan] swapchain ready: generic present pacing: policy=JustInTime authority=GenericHost caps2=yes present-id2=yes present-wait2=yes present-timing=yes absolute-timing=no relative-timing=yes target-stage=IMAGE_FIRST_PIXEL_OUT timing-queue=16 fifo-latest-ready=no presentMode=2 reason=available capabilities are optional
[Vulkan] presentation: requested-vsync=on available-present-modes=FIFO,FIFO_RELAXED,MAILBOX,IMMEDIATE,FIFO_LATEST_READY selected-present-mode=FIFO swapchain-images=3 extent=256x384 format=44 window-mode=windowed reason=VSync on: FIFO; VRR actual state is driver/display controlled
[Vulkan] presenter ready: NVIDIA Reflex (VK_NV_low_latency2): requested=off supported=yes device-extension-enabled=yes actual=inactive reason=latency markers active; low-latency pacing switched off by NvidiaReflexMode
[Vulkan] presenter ready: AMD Radeon Anti-Lag 2 (VK_AMD_anti_lag): requested=off supported=no device-extension-enabled=no actual=inactive reason=this GPU does not expose VK_AMD_anti_lag (Radeon Anti-Lag 2 is AMD-only)
[Vulkan] presenter ready: generic present pacing: policy=JustInTime authority=GenericHost caps2=yes present-id2=yes present-wait2=yes present-timing=yes absolute-timing=no relative-timing=yes target-stage=IMAGE_FIRST_PIXEL_OUT timing-queue=16 fifo-latest-ready=no presentMode=2 reason=available capabilities are optional
Opened "C:\DSMPH\melonPrimeDS最新版\balancedRom.nds" with FileMode 0x1 (effective mode "rb")
Opened "C:\DSMPH\melonPrimeDS最新版/balancedRom.sav" with FileMode 0x1 (effective mode "rb")
Opened "C:\DSMPH\melonPrimeDS最新版/balancedRom.sav" with FileMode 0x1 (effective mode "rb")
Opened "C:\DSMPH\melonPrimeDS最新版/balancedRom.sav" with FileMode 0x20 (effective mode "ab")
!! bad ROM size 66777644 (expected 67108864) rounded to 67108864
Failed to open "C:/Users/Admin/Documents/git/melonPrimeDS/build/debug-mingw-vulkan-validation2/portable\wfcsettings.bin" with FileMode 0x1 (effective mode "rb")
Resetting JIT block cache...
done resetting jit mem
done resetting jit mem
MAC: 00:09:BF:11:22:33
FW: WIFI CRC16 = GOOD
FW: AP1 CRC16 = GOOD
FW: AP2 CRC16 = GOOD
FW: AP3 CRC16 = GOOD
FW: USER0 CRC16 = GOOD
FW: USER1 CRC16 = GOOD
Opened "C:/Users/Admin/Documents/git/melonPrimeDS/build/debug-mingw-vulkan-validation2/portable\rtc.bin" with FileMode 0x1 (effective mode "rb")
Re-encrypting cart secure area
NDSCart: Initialized Key1_KeyBuf to zero
NDSCart: Initialized Key1_KeyBuf to zero
Re-encrypted cart secure area
Inserted cart with game code: AMHP
Inserted cart with ID: 00003FC2
ROM entry: 04000000 00000005
Ejected GBA cart
Failed to open "C:\DSMPH\melonPrimeDS最新版/balancedRom.mch" with FileMode 0x11 (effective mode "r")
Resetting JIT block cache...
done resetting jit mem
done resetting jit mem
MAC: 00:09:BF:11:22:33
FW: WIFI CRC16 = GOOD
FW: AP1 CRC16 = GOOD
FW: AP2 CRC16 = GOOD
FW: AP3 CRC16 = GOOD
FW: USER0 CRC16 = GOOD
FW: USER1 CRC16 = GOOD
remapping SWRAM
NDSCart: Initialized Key1_KeyBuf to zero
NDSCart: Initialized Key1_KeyBuf to zero
Secure area decryption OK
remapping DTCM 0 1000 ffffffff ffffffff
PU: region 0 = 04000033 : enabled, start: 04000000 size: 19
PU: region 0 = 04000033 : enabled, start: 04000000 size: 19
PU: region 1 = 0200002B : enabled, start: 02000000 size: 15
PU: region 1 = 0200002B : enabled, start: 02000000 size: 15
PU: region 2 = 00000000 : disabled, start: 00000000 size: 00
PU: region 2 = 00000000 : disabled, start: 00000000 size: 00
PU: region 3 = 08000035 : enabled, start: 08000000 size: 1A
PU: region 3 = 08000035 : enabled, start: 08000000 size: 1A
PU: region 4 = 0300001B : enabled, start: 03000000 size: 0D
PU: region 4 = 0300001B : enabled, start: 03000000 size: 0D
PU: region 5 = 00000000 : disabled, start: 00000000 size: 00
PU: region 5 = 00000000 : disabled, start: 00000000 size: 00
PU: region 6 = FFFF001D : enabled, start: FFFF0000 size: 0E
PU: region 6 = FFFF001D : enabled, start: FFFF0000 size: 0E
PU: region 7 = 027FF017 : enabled, start: 027FF000 size: 0B
PU: region 7 = 027FF017 : enabled, start: 027FF000 size: 0B
remapping DTCM 3000000 3004000 0 fffff000
Game is now booting
Resetting JIT block cache...
done resetting jit mem
Resetting JIT block cache...
done resetting jit mem
Renderer transition begin previous=-1 requested=3
Renderer selection requested=Vulkan presentation=VulkanOpened "C:/Users/Admin/Documents/git/melonPrimeDS/build/debug-mingw-vulkan-validation2/portable\melonDS.toml" with FileMode 0x1 (effective mode "rb")
Opened "C:/Users/Admin/Documents/git/melonPrimeDS/build/debug-mingw-vulkan-validation2/portable\melonDS.toml" with FileMode 0x20 (effective mode "ab")
[Vulkan] renderer requested=Vulkan actual=Vulkan
[Vulkan] instance API 1.4.357, device API 1.4.341
[Vulkan] GPU NVIDIA GeForce RTX 5070 Ti (NVIDIA, discrete GPU) driver 610.74.0.0
[Vulkan] queues: family 0 handles graphics, compute and present
[Vulkan] device extension: VK_KHR_swapchain
[Vulkan] device extension: VK_KHR_timeline_semaphore
[Vulkan] device extension: VK_KHR_present_id
[Vulkan] device extension: VK_NV_low_latency2
[Vulkan] device extension: VK_KHR_present_id2
[Vulkan] device extension: VK_KHR_present_wait2
[Vulkan] device extension: VK_KHR_calibrated_timestamps
[Vulkan] device extension: VK_EXT_present_timing
[Vulkan] device extension: VK_KHR_present_mode_fifo_latest_ready
[Vulkan] device features: none required (core 1.1 functionality only)
[Vulkan] device-local memory 15995.0 MiB, internal resolution up to 16x
[Vulkan] NVIDIA Reflex (VK_NV_low_latency2) device creation: extension-requested=yes supported=yes device-extension-enabled=yes reason=enabled at device creation
[Vulkan] AMD Radeon Anti-Lag 2 (VK_AMD_anti_lag) device creation: extension-requested=yes supported=no device-extension-enabled=no reason=this GPU does not expose VK_AMD_anti_lag (Radeon Anti-Lag 2 is AMD-only)
[Vulkan] descriptor pool: 6153 sets (6 rasterizer, 6147 texture) across 3 frames in flight
Failed to open "C:/Users/Admin/Documents/git/melonPrimeDS/build/debug-mingw-vulkan-validation2/portable\melonPrimeDS_vulkan_pipeline_cache.bin" with FileMode 0x1 (effective mode "rb")
[Vulkan] 3D renderer initialized on "NVIDIA GeForce RTX 5070 Ti" (up to 16x internal resolution)
Vulkan renderer init succeeded requested=Vulkan actual=Vulkan
Renderer transition complete previous=-1 actual=3
[Vulkan] internal resolution 4x -> 3D output 1024x768, tiles 128x96 (8px), tile-geometry bucket 0, capture resolve 256x192; memory raster=335.7 MiB capture-sidecar=32.0 MiB compositor-device=25.9 MiB compositor-host=7.9 MiB
[Vulkan] low-latency: NVIDIA Reflex (VK_NV_low_latency2): requested=off supported=yes device-extension-enabled=yes actual=inactive reason=latency markers active; low-latency pacing switched off by NvidiaReflexMode
[Vulkan] low-latency: AMD Radeon Anti-Lag 2 (VK_AMD_anti_lag): requested=off supported=no device-extension-enabled=no actual=inactive reason=this GPU does not expose VK_AMD_anti_lag (Radeon Anti-Lag 2 is AMD-only)
[Vulkan] low-latency: generic present pacing: policy=JustInTime authority=GenericPresentTiming caps2=yes present-id2=yes present-wait2=yes present-timing=yes absolute-timing=no relative-timing=yes target-stage=IMAGE_FIRST_PIXEL_OUT timing-queue=16 fifo-latest-ready=no presentMode=2 reason=available capabilities are optional
[Vulkan] NVIDIA Reflex mode=off lowLatencyMode=false lowLatencyBoost=false
[Vulkan] swapchain ready: generic present pacing: policy=JustInTime authority=GenericHost caps2=yes present-id2=yes present-wait2=yes present-timing=yes absolute-timing=no relative-timing=yes target-stage=IMAGE_FIRST_PIXEL_OUT timing-queue=16 fifo-latest-ready=no presentMode=2 reason=available capabilities are optional
[Vulkan] presentation: requested-vsync=on available-present-modes=FIFO,FIFO_RELAXED,MAILBOX,IMMEDIATE,FIFO_LATEST_READY selected-present-mode=FIFO swapchain-images=3 extent=256x384 format=44 window-mode=windowed reason=VSync on: FIFO; VRR actual state is driver/display controlled
[Vulkan] first frame presented extent=256x384 presentMode=FIFO
remapping DTCM ffffffff ffffffff 3000000 2ffc000
PU: region 0 = 04000033 : enabled, start: 04000000 size: 19
PU: region 1 = 0200002D : enabled, start: 02000000 size: 16
PU: region 2 = 027E0021 : enabled, start: 027E0000 size: 10
PU: region 3 = 08000035 : enabled, start: 08000000 size: 1A
PU: region 4 = 027E001B : enabled, start: 027E0000 size: 0D
PU: region 5 = 0100002F : enabled, start: 01000000 size: 17
PU: region 6 = FFFF001D : enabled, start: FFFF0000 size: 0E
PU: region 7 = 027FF017 : enabled, start: 027FF000 size: 0B
remapping DTCM 27e0000 27e4000 ffffffff ffffffff
unmapping 9 3800000 10000 1 0
PU region 0: 04000000-07FFFFFF, user=00 priv=07, 15111011/05100011
PU region 1: 02000000-027FFFFF, user=70 priv=77, 15111011/05100011
PU region 2: 027E0000-027FFFFF, user=00 priv=00, 15111011/05100011
PU region 3: 08000000-0FFFFFFF, user=00 priv=03, 15111011/05100011
PU region 4: 027E0000-027E3FFF, user=00 priv=03, 15111011/05100011
PU region 5: 01000000-01FFFFFF, user=00 priv=07, 15111011/05100011
PU region 6: FFFF0000-FFFF7FFF, user=50 priv=55, 15111011/05100011
PU region 7: 027FF000-027FFFFF, user=00 priv=03, 15111011/05100011
[Vulkan] present JIT: policy=JustInTime authority=GenericPresentTiming state=TargetSchedulingActive targetScheduling=capable targetMode=relative boundedWait=on optionalWait=available timingReady=yes timeDomainsReady=yes absoluteSupported=no relativeSupported=yes targetStage=IMAGE_FIRST_PIXEL_OUT timeDomain=PRESENT_STAGE_LOCAL domainId=1000208000 frameIntervalNs=16666667 refreshIntervalNs=1851600 dynamics=FRR relativeQuanta=0 baselineId=0 baselineSequence=0 baselineTime=0 targetValue=1871200 fallback=none
PU: region 1 = 0200002B : enabled, start: 02000000 size: 15
PU region 0: 04000000-07FFFFFF, user=00 priv=07, 15111011/05100011
PU region 1: 02000000-023FFFFF, user=70 priv=77, 15111011/05100011
PU region 2: 027E0000-027FFFFF, user=00 priv=00, 15111011/05100011
PU region 3: 08000000-0FFFFFFF, user=00 priv=03, 15111011/05100011
PU region 4: 027E0000-027E3FFF, user=00 priv=03, 15111011/05100011
PU region 5: 01000000-01FFFFFF, user=00 priv=07, 15111011/05100011
PU region 6: FFFF0000-FFFF7FFF, user=50 priv=55, 15111011/05100011
PU region 7: 027FF000-027FFFFF, user=00 priv=03, 15111011/05100011
PU: region 2 = 023E0021 : enabled, start: 023E0000 size: 10
PU region 0: 04000000-07FFFFFF, user=00 priv=07, 15111011/05100011
PU region 1: 02000000-023FFFFF, user=70 priv=77, 15111011/05100011
PU region 2: 023E0000-023FFFFF, user=00 priv=00, 15111011/05100011
PU region 3: 08000000-0FFFFFFF, user=00 priv=03, 15111011/05100011
PU region 4: 027E0000-027E3FFF, user=00 priv=03, 15111011/05100011
PU region 5: 01000000-01FFFFFF, user=00 priv=07, 15111011/05100011
PU region 6: FFFF0000-FFFF7FFF, user=50 priv=55, 15111011/05100011
PU region 7: 027FF000-027FFFFF, user=00 priv=03, 15111011/05100011
WIFI: ON
wifi: TRX power OFF
wifi: invalid channel values 0004C:00000
wifi: invalid channel values 0004C:0004F
wifi: invalid channel values 0004C:0004F
wifi: invalid channel values 0004C:0004F
WIFI: OFF
unknown ARM9 IO write32 04001060 00000000 01FF933C
unknown ARM9 IO write32 04001064 00000000 01FF933C
unknown ARM9 IO write32 04001068 00000000 01FF933C
[Vulkan] Reflex timings: reports=8 presentID=591 sim=1786621972551857..1786621972558526 renderSubmit=1786621972558696..1786621972558753 present=1786621972558754..1786621972558799 gpuRender=1786621972558747..1786621972572404 inputSample=1786621972551816
[Vulkan] present timing: id=602 target=14876000 complete=yes stages=2 jit=active lastTarget=14876000 feedbackId=602 feedbackStageTime=46145824405000 baselineSeq=602 seq=602 frameIntervalNs=16666667 refreshDurationNs=1858000 refreshIntervalNs=1858000 dynamics=FRR timingCounter=603 domainCounter=1 waitTimeouts=2 queueFull=0 fallback=none
[Vulkan] NVIDIA Reflex mode=off lowLatencyMode=false lowLatencyBoost=false
[Vulkan] swapchain ready: generic present pacing: policy=JustInTime authority=GenericHost caps2=yes present-id2=yes present-wait2=yes present-timing=yes absolute-timing=no relative-timing=yes target-stage=IMAGE_FIRST_PIXEL_OUT timing-queue=16 fifo-latest-ready=no presentMode=2 reason=available capabilities are optional
[Vulkan] presentation: requested-vsync=on available-present-modes=FIFO,FIFO_RELAXED,MAILBOX,IMMEDIATE,FIFO_LATEST_READY selected-present-mode=FIFO swapchain-images=3 extent=884x636 format=44 window-mode=windowed reason=VSync on: FIFO; VRR actual state is driver/display controlled
[Vulkan] present JIT: policy=JustInTime authority=GenericPresentTiming state=TargetSchedulingActive targetScheduling=capable targetMode=relative boundedWait=on optionalWait=available timingReady=yes timeDomainsReady=yes absoluteSupported=no relativeSupported=yes targetStage=IMAGE_FIRST_PIXEL_OUT timeDomain=PRESENT_STAGE_LOCAL domainId=1000208000 frameIntervalNs=16666667 refreshIntervalNs=1881300 dynamics=FRR relativeQuanta=0 baselineId=1 baselineSequence=1 baselineTime=46152396071200 targetValue=15632000 fallback=none
[Vulkan] NVIDIA Reflex mode=off lowLatencyMode=false lowLatencyBoost=false
[Vulkan] swapchain ready: generic present pacing: policy=JustInTime authority=GenericHost caps2=yes present-id2=yes present-wait2=yes present-timing=yes absolute-timing=no relative-timing=yes target-stage=IMAGE_FIRST_PIXEL_OUT timing-queue=16 fifo-latest-ready=no presentMode=2 reason=available capabilities are optional
[Vulkan] presentation: requested-vsync=on available-present-modes=FIFO,FIFO_RELAXED,MAILBOX,IMMEDIATE,FIFO_LATEST_READY selected-present-mode=FIFO swapchain-images=3 extent=1264x736 format=44 window-mode=windowed reason=VSync on: FIFO; VRR actual state is driver/display controlled
[Vulkan] present JIT: policy=JustInTime authority=GenericPresentTiming state=TargetSchedulingActive targetScheduling=capable targetMode=relative boundedWait=on optionalWait=available timingReady=yes timeDomainsReady=yes absoluteSupported=no relativeSupported=yes targetStage=IMAGE_FIRST_PIXEL_OUT timeDomain=PRESENT_STAGE_LOCAL domainId=1000208000 frameIntervalNs=16666667 refreshIntervalNs=1947500 dynamics=FRR relativeQuanta=0 baselineId=1 baselineSequence=1 baselineTime=46152629320100 targetValue=14844000 fallback=none
[Vulkan] NVIDIA Reflex mode=off lowLatencyMode=false lowLatencyBoost=false
[Vulkan] swapchain ready: generic present pacing: policy=JustInTime authority=GenericHost caps2=yes present-id2=yes present-wait2=yes present-timing=yes absolute-timing=no relative-timing=yes target-stage=IMAGE_FIRST_PIXEL_OUT timing-queue=16 fifo-latest-ready=no presentMode=2 reason=available capabilities are optional
[Vulkan] presentation: requested-vsync=on available-present-modes=FIFO,FIFO_RELAXED,MAILBOX,IMMEDIATE,FIFO_LATEST_READY selected-present-mode=FIFO swapchain-images=3 extent=624x416 format=44 window-mode=windowed reason=VSync on: FIFO; VRR actual state is driver/display controlled
[Vulkan] present JIT: policy=JustInTime authority=GenericPresentTiming state=TargetSchedulingActive targetScheduling=capable targetMode=relative boundedWait=on optionalWait=available timingReady=yes timeDomainsReady=yes absoluteSupported=no relativeSupported=yes targetStage=IMAGE_FIRST_PIXEL_OUT timeDomain=PRESENT_STAGE_LOCAL domainId=1000208000 frameIntervalNs=16666667 refreshIntervalNs=1903900 dynamics=FRR relativeQuanta=0 baselineId=1 baselineSequence=1 baselineTime=46152862568700 targetValue=15035200 fallback=none
[Vulkan] NVIDIA Reflex mode=off lowLatencyMode=false lowLatencyBoost=false
[Vulkan] swapchain ready: generic present pacing: policy=JustInTime authority=GenericHost caps2=yes present-id2=yes present-wait2=yes present-timing=yes absolute-timing=no relative-timing=yes target-stage=IMAGE_FIRST_PIXEL_OUT timing-queue=16 fifo-latest-ready=no presentMode=2 reason=available capabilities are optional
[Vulkan] presentation: requested-vsync=on available-present-modes=FIFO,FIFO_RELAXED,MAILBOX,IMMEDIATE,FIFO_LATEST_READY selected-present-mode=FIFO swapchain-images=3 extent=1008x704 format=44 window-mode=windowed reason=VSync on: FIFO; VRR actual state is driver/display controlled
[Vulkan] present JIT: policy=JustInTime authority=GenericPresentTiming state=TargetSchedulingActive targetScheduling=capable targetMode=relative boundedWait=on optionalWait=available timingReady=yes timeDomainsReady=yes absoluteSupported=no relativeSupported=yes targetStage=IMAGE_FIRST_PIXEL_OUT timeDomain=PRESENT_STAGE_LOCAL domainId=1000208000 frameIntervalNs=16666667 refreshIntervalNs=1875900 dynamics=FRR relativeQuanta=0 baselineId=1 baselineSequence=1 baselineTime=46153095813700 targetValue=16655400 fallback=none
[Vulkan] NVIDIA Reflex mode=off lowLatencyMode=false lowLatencyBoost=false
[Vulkan] swapchain ready: generic present pacing: policy=JustInTime authority=GenericHost caps2=yes present-id2=yes present-wait2=yes present-timing=yes absolute-timing=no relative-timing=yes target-stage=IMAGE_FIRST_PIXEL_OUT timing-queue=16 fifo-latest-ready=no presentMode=2 reason=available capabilities are optional
[Vulkan] presentation: requested-vsync=on available-present-modes=FIFO,FIFO_RELAXED,MAILBOX,IMMEDIATE,FIFO_LATEST_READY selected-present-mode=FIFO swapchain-images=3 extent=1584x836 format=44 window-mode=windowed reason=VSync on: FIFO; VRR actual state is driver/display controlled
[Vulkan] present JIT: policy=JustInTime authority=GenericPresentTiming state=TargetSchedulingActive targetScheduling=capable targetMode=relative boundedWait=on optionalWait=available timingReady=yes timeDomainsReady=yes absoluteSupported=no relativeSupported=yes targetStage=IMAGE_FIRST_PIXEL_OUT timeDomain=PRESENT_STAGE_LOCAL domainId=1000208000 frameIntervalNs=16666667 refreshIntervalNs=1853300 dynamics=FRR relativeQuanta=0 baselineId=1 baselineSequence=1 baselineTime=46153345724500 targetValue=14882400 fallback=none
[Vulkan] NVIDIA Reflex mode=off lowLatencyMode=false lowLatencyBoost=false
[Vulkan] swapchain ready: generic present pacing: policy=JustInTime authority=GenericHost caps2=yes present-id2=yes present-wait2=yes present-timing=yes absolute-timing=no relative-timing=yes target-stage=IMAGE_FIRST_PIXEL_OUT timing-queue=16 fifo-latest-ready=no presentMode=2 reason=available capabilities are optional
[Vulkan] presentation: requested-vsync=on available-present-modes=FIFO,FIFO_RELAXED,MAILBOX,IMMEDIATE,FIFO_LATEST_READY selected-present-mode=FIFO swapchain-images=3 extent=784x536 format=44 window-mode=windowed reason=VSync on: FIFO; VRR actual state is driver/display controlled
[Vulkan] present JIT: policy=JustInTime authority=GenericPresentTiming state=TargetSchedulingActive targetScheduling=capable targetMode=relative boundedWait=on optionalWait=available timingReady=yes timeDomainsReady=yes absoluteSupported=no relativeSupported=yes targetStage=IMAGE_FIRST_PIXEL_OUT timeDomain=PRESENT_STAGE_LOCAL domainId=1000208000 frameIntervalNs=16666667 refreshIntervalNs=1894500 dynamics=FRR relativeQuanta=0 baselineId=1 baselineSequence=1 baselineTime=46153582674600 targetValue=14971200 fallback=none
[Vulkan] NVIDIA Reflex mode=off lowLatencyMode=false lowLatencyBoost=false
[Vulkan] swapchain ready: generic present pacing: policy=JustInTime authority=GenericHost caps2=yes present-id2=yes present-wait2=yes present-timing=yes absolute-timing=no relative-timing=yes target-stage=IMAGE_FIRST_PIXEL_OUT timing-queue=16 fifo-latest-ready=no presentMode=2 reason=available capabilities are optional
[Vulkan] presentation: requested-vsync=on available-present-modes=FIFO,FIFO_RELAXED,MAILBOX,IMMEDIATE,FIFO_LATEST_READY selected-present-mode=FIFO swapchain-images=3 extent=1424x836 format=44 window-mode=windowed reason=VSync on: FIFO; VRR actual state is driver/display controlled
[Vulkan] present JIT: policy=JustInTime authority=GenericPresentTiming state=TargetSchedulingActive targetScheduling=capable targetMode=relative boundedWait=on optionalWait=available timingReady=yes timeDomainsReady=yes absoluteSupported=no relativeSupported=yes targetStage=IMAGE_FIRST_PIXEL_OUT timeDomain=PRESENT_STAGE_LOCAL domainId=1000208000 frameIntervalNs=16666667 refreshIntervalNs=1886700 dynamics=FRR relativeQuanta=0 baselineId=1 baselineSequence=1 baselineTime=46153799253800 targetValue=14948800 fallback=none
[Vulkan] NVIDIA Reflex mode=off lowLatencyMode=false lowLatencyBoost=false
[Vulkan] swapchain ready: generic present pacing: policy=JustInTime authority=GenericHost caps2=yes present-id2=yes present-wait2=yes present-timing=yes absolute-timing=no relative-timing=yes target-stage=IMAGE_FIRST_PIXEL_OUT timing-queue=16 fifo-latest-ready=no presentMode=2 reason=available capabilities are optional
[Vulkan] presentation: requested-vsync=on available-present-modes=FIFO,FIFO_RELAXED,MAILBOX,IMMEDIATE,FIFO_LATEST_READY selected-present-mode=FIFO swapchain-images=3 extent=704x476 format=44 window-mode=windowed reason=VSync on: FIFO; VRR actual state is driver/display controlled
[Vulkan] present JIT: policy=JustInTime authority=GenericPresentTiming state=TargetSchedulingActive targetScheduling=capable targetMode=relative boundedWait=on optionalWait=available timingReady=yes timeDomainsReady=yes absoluteSupported=no relativeSupported=yes targetStage=IMAGE_FIRST_PIXEL_OUT timeDomain=PRESENT_STAGE_LOCAL domainId=1000208000 frameIntervalNs=16666667 refreshIntervalNs=1850600 dynamics=FRR relativeQuanta=0 baselineId=1 baselineSequence=1 baselineTime=46154028807500 targetValue=14835200 fallback=none
[Vulkan] NVIDIA Reflex mode=off lowLatencyMode=false lowLatencyBoost=false
[Vulkan] swapchain ready: generic present pacing: policy=JustInTime authority=GenericHost caps2=yes present-id2=yes present-wait2=yes present-timing=yes absolute-timing=no relative-timing=yes target-stage=IMAGE_FIRST_PIXEL_OUT timing-queue=16 fifo-latest-ready=no presentMode=2 reason=available capabilities are optional
[Vulkan] presentation: requested-vsync=on available-present-modes=FIFO,FIFO_RELAXED,MAILBOX,IMMEDIATE,FIFO_LATEST_READY selected-present-mode=FIFO swapchain-images=3 extent=884x636 format=44 window-mode=windowed reason=VSync on: FIFO; VRR actual state is driver/display controlled
[Vulkan] present JIT: policy=JustInTime authority=GenericPresentTiming state=TargetSchedulingActive targetScheduling=capable targetMode=relative boundedWait=on optionalWait=available timingReady=yes timeDomainsReady=yes absoluteSupported=no relativeSupported=yes targetStage=IMAGE_FIRST_PIXEL_OUT timeDomain=PRESENT_STAGE_LOCAL domainId=1000208000 frameIntervalNs=16666667 refreshIntervalNs=1864200 dynamics=FRR relativeQuanta=0 baselineId=1 baselineSequence=1 baselineTime=46154263905400 targetValue=16655400 fallback=none
[Vulkan] NVIDIA Reflex mode=off lowLatencyMode=false lowLatencyBoost=false
[Vulkan] swapchain ready: generic present pacing: policy=JustInTime authority=GenericHost caps2=yes present-id2=yes present-wait2=yes present-timing=yes absolute-timing=no relative-timing=yes target-stage=IMAGE_FIRST_PIXEL_OUT timing-queue=16 fifo-latest-ready=no presentMode=2 reason=available capabilities are optional
[Vulkan] presentation: requested-vsync=on available-present-modes=FIFO,FIFO_RELAXED,MAILBOX,IMMEDIATE,FIFO_LATEST_READY selected-present-mode=FIFO swapchain-images=3 extent=1264x736 format=44 window-mode=windowed reason=VSync on: FIFO; VRR actual state is driver/display controlled
[Vulkan] present JIT: policy=JustInTime authority=GenericPresentTiming state=TargetSchedulingActive targetScheduling=capable targetMode=relative boundedWait=on optionalWait=available timingReady=yes timeDomainsReady=yes absoluteSupported=no relativeSupported=yes targetStage=IMAGE_FIRST_PIXEL_OUT timeDomain=PRESENT_STAGE_LOCAL domainId=1000208000 frameIntervalNs=16666667 refreshIntervalNs=1863300 dynamics=FRR relativeQuanta=0 baselineId=1 baselineSequence=1 baselineTime=46154497153500 targetValue=16655400 fallback=none
[Vulkan] NVIDIA Reflex mode=off lowLatencyMode=false lowLatencyBoost=false
[Vulkan] swapchain ready: generic present pacing: policy=JustInTime authority=GenericHost caps2=yes present-id2=yes present-wait2=yes present-timing=yes absolute-timing=no relative-timing=yes target-stage=IMAGE_FIRST_PIXEL_OUT timing-queue=16 fifo-latest-ready=no presentMode=2 reason=available capabilities are optional
[Vulkan] presentation: requested-vsync=on available-present-modes=FIFO,FIFO_RELAXED,MAILBOX,IMMEDIATE,FIFO_LATEST_READY selected-present-mode=FIFO swapchain-images=3 extent=624x416 format=44 window-mode=windowed reason=VSync on: FIFO; VRR actual state is driver/display controlled
[Vulkan] present JIT: policy=JustInTime authority=GenericPresentTiming state=TargetSchedulingActive targetScheduling=capable targetMode=relative boundedWait=on optionalWait=available timingReady=yes timeDomainsReady=yes absoluteSupported=no relativeSupported=yes targetStage=IMAGE_FIRST_PIXEL_OUT timeDomain=PRESENT_STAGE_LOCAL domainId=1000208000 frameIntervalNs=16666667 refreshIntervalNs=2011400 dynamics=FRR relativeQuanta=0 baselineId=1 baselineSequence=1 baselineTime=46154732249700 targetValue=15013600 fallback=none
[Vulkan] NVIDIA Reflex mode=off lowLatencyMode=false lowLatencyBoost=false
[Vulkan] swapchain ready: generic present pacing: policy=JustInTime authority=GenericHost caps2=yes present-id2=yes present-wait2=yes present-timing=yes absolute-timing=no relative-timing=yes target-stage=IMAGE_FIRST_PIXEL_OUT timing-queue=16 fifo-latest-ready=no presentMode=2 reason=available capabilities are optional
[Vulkan] presentation: requested-vsync=on available-present-modes=FIFO,FIFO_RELAXED,MAILBOX,IMMEDIATE,FIFO_LATEST_READY selected-present-mode=FIFO swapchain-images=3 extent=1008x704 format=44 window-mode=windowed reason=VSync on: FIFO; VRR actual state is driver/display controlled
[Vulkan] present JIT: policy=JustInTime authority=GenericPresentTiming state=TargetSchedulingActive targetScheduling=capable targetMode=relative boundedWait=on optionalWait=available timingReady=yes timeDomainsReady=yes absoluteSupported=no relativeSupported=yes targetStage=IMAGE_FIRST_PIXEL_OUT timeDomain=PRESENT_STAGE_LOCAL domainId=1000208000 frameIntervalNs=16666667 refreshIntervalNs=1852400 dynamics=FRR relativeQuanta=0 baselineId=1 baselineSequence=1 baselineTime=46154980307200 targetValue=15394400 fallback=none
[Vulkan] NVIDIA Reflex mode=off lowLatencyMode=false lowLatencyBoost=false
[Vulkan] swapchain ready: generic present pacing: policy=JustInTime authority=GenericHost caps2=yes present-id2=yes present-wait2=yes present-timing=yes absolute-timing=no relative-timing=yes target-stage=IMAGE_FIRST_PIXEL_OUT timing-queue=16 fifo-latest-ready=no presentMode=2 reason=available capabilities are optional
[Vulkan] presentation: requested-vsync=on available-present-modes=FIFO,FIFO_RELAXED,MAILBOX,IMMEDIATE,FIFO_LATEST_READY selected-present-mode=FIFO swapchain-images=3 extent=1584x836 format=44 window-mode=windowed reason=VSync on: FIFO; VRR actual state is driver/display controlled
[Vulkan] present JIT: policy=JustInTime authority=GenericPresentTiming state=TargetSchedulingActive targetScheduling=capable targetMode=relative boundedWait=on optionalWait=available timingReady=yes timeDomainsReady=yes absoluteSupported=no relativeSupported=yes targetStage=IMAGE_FIRST_PIXEL_OUT timeDomain=PRESENT_STAGE_LOCAL domainId=1000208000 frameIntervalNs=16666667 refreshIntervalNs=1952100 dynamics=FRR relativeQuanta=0 baselineId=1 baselineSequence=1 baselineTime=46155213556400 targetValue=15220800 fallback=none
[Vulkan] NVIDIA Reflex mode=off lowLatencyMode=false lowLatencyBoost=false
[Vulkan] swapchain ready: generic present pacing: policy=JustInTime authority=GenericHost caps2=yes present-id2=yes present-wait2=yes present-timing=yes absolute-timing=no relative-timing=yes target-stage=IMAGE_FIRST_PIXEL_OUT timing-queue=16 fifo-latest-ready=no presentMode=2 reason=available capabilities are optional
[Vulkan] presentation: requested-vsync=on available-present-modes=FIFO,FIFO_RELAXED,MAILBOX,IMMEDIATE,FIFO_LATEST_READY selected-present-mode=FIFO swapchain-images=3 extent=784x536 format=44 window-mode=windowed reason=VSync on: FIFO; VRR actual state is driver/display controlled
[Vulkan] present JIT: policy=JustInTime authority=GenericPresentTiming state=TargetSchedulingActive targetScheduling=capable targetMode=relative boundedWait=on optionalWait=available timingReady=yes timeDomainsReady=yes absoluteSupported=no relativeSupported=yes targetStage=IMAGE_FIRST_PIXEL_OUT timeDomain=PRESENT_STAGE_LOCAL domainId=1000208000 frameIntervalNs=16666667 refreshIntervalNs=1909700 dynamics=FRR relativeQuanta=0 baselineId=1 baselineSequence=1 baselineTime=46155448662300 targetValue=15186400 fallback=none
[Vulkan] NVIDIA Reflex mode=off lowLatencyMode=false lowLatencyBoost=false
[Vulkan] swapchain ready: generic present pacing: policy=JustInTime authority=GenericHost caps2=yes present-id2=yes present-wait2=yes present-timing=yes absolute-timing=no relative-timing=yes target-stage=IMAGE_FIRST_PIXEL_OUT timing-queue=16 fifo-latest-ready=no presentMode=2 reason=available capabilities are optional
[Vulkan] presentation: requested-vsync=on available-present-modes=FIFO,FIFO_RELAXED,MAILBOX,IMMEDIATE,FIFO_LATEST_READY selected-present-mode=FIFO swapchain-images=3 extent=1424x836 format=44 window-mode=windowed reason=VSync on: FIFO; VRR actual state is driver/display controlled
[Vulkan] present JIT: policy=JustInTime authority=GenericPresentTiming state=TargetSchedulingActive targetScheduling=capable targetMode=relative boundedWait=on optionalWait=available timingReady=yes timeDomainsReady=yes absoluteSupported=no relativeSupported=yes targetStage=IMAGE_FIRST_PIXEL_OUT timeDomain=PRESENT_STAGE_LOCAL domainId=1000208000 frameIntervalNs=16666667 refreshIntervalNs=1974800 dynamics=FRR relativeQuanta=0 baselineId=1 baselineSequence=1 baselineTime=46155678195700 targetValue=14920800 fallback=none
[Vulkan] Reflex timings: reports=8 presentID=1190 sim=1786621982535296..1786621982538853 renderSubmit=1786621982539002..1786621982539058 present=1786621982539059..1786621982539102 gpuRender=1786621982539054..1786621982555620 inputSample=1786621982535270
[Vulkan] NVIDIA Reflex mode=off lowLatencyMode=false lowLatencyBoost=false
[Vulkan] swapchain ready: generic present pacing: policy=JustInTime authority=GenericHost caps2=yes present-id2=yes present-wait2=yes present-timing=yes absolute-timing=no relative-timing=yes target-stage=IMAGE_FIRST_PIXEL_OUT timing-queue=16 fifo-latest-ready=no presentMode=2 reason=available capabilities are optional
[Vulkan] presentation: requested-vsync=on available-present-modes=FIFO,FIFO_RELAXED,MAILBOX,IMMEDIATE,FIFO_LATEST_READY selected-present-mode=FIFO swapchain-images=3 extent=704x476 format=44 window-mode=windowed reason=VSync on: FIFO; VRR actual state is driver/display controlled
[Vulkan] present JIT: policy=JustInTime authority=GenericPresentTiming state=TargetSchedulingActive targetScheduling=capable targetMode=relative boundedWait=on optionalWait=available timingReady=yes timeDomainsReady=yes absoluteSupported=no relativeSupported=yes targetStage=IMAGE_FIRST_PIXEL_OUT timeDomain=PRESENT_STAGE_LOCAL domainId=1000208000 frameIntervalNs=16666667 refreshIntervalNs=1850800 dynamics=FRR relativeQuanta=0 baselineId=1 baselineSequence=1 baselineTime=46155915153900 targetValue=14818400 fallback=none
[Vulkan] NVIDIA Reflex mode=off lowLatencyMode=false lowLatencyBoost=false
[Vulkan] swapchain ready: generic present pacing: policy=JustInTime authority=GenericHost caps2=yes present-id2=yes present-wait2=yes present-timing=yes absolute-timing=no relative-timing=yes target-stage=IMAGE_FIRST_PIXEL_OUT timing-queue=16 fifo-latest-ready=no presentMode=2 reason=available capabilities are optional
[Vulkan] presentation: requested-vsync=on available-present-modes=FIFO,FIFO_RELAXED,MAILBOX,IMMEDIATE,FIFO_LATEST_READY selected-present-mode=FIFO swapchain-images=3 extent=884x636 format=44 window-mode=windowed reason=VSync on: FIFO; VRR actual state is driver/display controlled
[Vulkan] present JIT: policy=JustInTime authority=GenericPresentTiming state=TargetSchedulingActive targetScheduling=capable targetMode=relative boundedWait=on optionalWait=available timingReady=yes timeDomainsReady=yes absoluteSupported=no relativeSupported=yes targetStage=IMAGE_FIRST_PIXEL_OUT timeDomain=PRESENT_STAGE_LOCAL domainId=1000208000 frameIntervalNs=16666667 refreshIntervalNs=1856500 dynamics=FRR relativeQuanta=0 baselineId=1 baselineSequence=1 baselineTime=46156163213400 targetValue=16657200 fallback=none
[Vulkan] NVIDIA Reflex mode=off lowLatencyMode=false lowLatencyBoost=false
[Vulkan] swapchain ready: generic present pacing: policy=JustInTime authority=GenericHost caps2=yes present-id2=yes present-wait2=yes present-timing=yes absolute-timing=no relative-timing=yes target-stage=IMAGE_FIRST_PIXEL_OUT timing-queue=16 fifo-latest-ready=no presentMode=2 reason=available capabilities are optional
[Vulkan] presentation: requested-vsync=on available-present-modes=FIFO,FIFO_RELAXED,MAILBOX,IMMEDIATE,FIFO_LATEST_READY selected-present-mode=FIFO swapchain-images=3 extent=1264x736 format=44 window-mode=windowed reason=VSync on: FIFO; VRR actual state is driver/display controlled
[Vulkan] present JIT: policy=JustInTime authority=GenericPresentTiming state=TargetSchedulingActive targetScheduling=capable targetMode=relative boundedWait=on optionalWait=available timingReady=yes timeDomainsReady=yes absoluteSupported=no relativeSupported=yes targetStage=IMAGE_FIRST_PIXEL_OUT timeDomain=PRESENT_STAGE_LOCAL domainId=1000208000 frameIntervalNs=16666667 refreshIntervalNs=1861000 dynamics=FRR relativeQuanta=0 baselineId=1 baselineSequence=1 baselineTime=46156396459200 targetValue=14845600 fallback=none
[Vulkan] NVIDIA Reflex mode=off lowLatencyMode=false lowLatencyBoost=false
[Vulkan] swapchain ready: generic present pacing: policy=JustInTime authority=GenericHost caps2=yes present-id2=yes present-wait2=yes present-timing=yes absolute-timing=no relative-timing=yes target-stage=IMAGE_FIRST_PIXEL_OUT timing-queue=16 fifo-latest-ready=no presentMode=2 reason=available capabilities are optional
[Vulkan] presentation: requested-vsync=on available-present-modes=FIFO,FIFO_RELAXED,MAILBOX,IMMEDIATE,FIFO_LATEST_READY selected-present-mode=FIFO swapchain-images=3 extent=624x416 format=44 window-mode=windowed reason=VSync on: FIFO; VRR actual state is driver/display controlled
[Vulkan] present JIT: policy=JustInTime authority=GenericPresentTiming state=TargetSchedulingActive targetScheduling=capable targetMode=relative boundedWait=on optionalWait=available timingReady=yes timeDomainsReady=yes absoluteSupported=no relativeSupported=yes targetStage=IMAGE_FIRST_PIXEL_OUT timeDomain=PRESENT_STAGE_LOCAL domainId=1000208000 frameIntervalNs=16666667 refreshIntervalNs=1920100 dynamics=FRR relativeQuanta=0 baselineId=1 baselineSequence=1 baselineTime=46156633406000 targetValue=14882400 fallback=none
[Vulkan] NVIDIA Reflex mode=off lowLatencyMode=false lowLatencyBoost=false
[Vulkan] swapchain ready: generic present pacing: policy=JustInTime authority=GenericHost caps2=yes present-id2=yes present-wait2=yes present-timing=yes absolute-timing=no relative-timing=yes target-stage=IMAGE_FIRST_PIXEL_OUT timing-queue=16 fifo-latest-ready=no presentMode=2 reason=available capabilities are optional
[Vulkan] presentation: requested-vsync=on available-present-modes=FIFO,FIFO_RELAXED,MAILBOX,IMMEDIATE,FIFO_LATEST_READY selected-present-mode=FIFO swapchain-images=3 extent=1008x704 format=44 window-mode=windowed reason=VSync on: FIFO; VRR actual state is driver/display controlled
[Vulkan] present JIT: policy=JustInTime authority=GenericPresentTiming state=TargetSchedulingActive targetScheduling=capable targetMode=relative boundedWait=on optionalWait=available timingReady=yes timeDomainsReady=yes absoluteSupported=no relativeSupported=yes targetStage=IMAGE_FIRST_PIXEL_OUT timeDomain=PRESENT_STAGE_LOCAL domainId=1000208000 frameIntervalNs=16666667 refreshIntervalNs=1951500 dynamics=FRR relativeQuanta=0 baselineId=1 baselineSequence=1 baselineTime=46156864799100 targetValue=15032800 fallback=none
[Vulkan] NVIDIA Reflex mode=off lowLatencyMode=false lowLatencyBoost=false
[Vulkan] swapchain ready: generic present pacing: policy=JustInTime authority=GenericHost caps2=yes present-id2=yes present-wait2=yes present-timing=yes absolute-timing=no relative-timing=yes target-stage=IMAGE_FIRST_PIXEL_OUT timing-queue=16 fifo-latest-ready=no presentMode=2 reason=available capabilities are optional
[Vulkan] presentation: requested-vsync=on available-present-modes=FIFO,FIFO_RELAXED,MAILBOX,IMMEDIATE,FIFO_LATEST_READY selected-present-mode=FIFO swapchain-images=3 extent=1584x836 format=44 window-mode=windowed reason=VSync on: FIFO; VRR actual state is driver/display controlled
[Vulkan] present JIT: policy=JustInTime authority=GenericPresentTiming state=TargetSchedulingActive targetScheduling=capable targetMode=relative boundedWait=on optionalWait=available timingReady=yes timeDomainsReady=yes absoluteSupported=no relativeSupported=yes targetStage=IMAGE_FIRST_PIXEL_OUT timeDomain=PRESENT_STAGE_LOCAL domainId=1000208000 frameIntervalNs=16666667 refreshIntervalNs=2003000 dynamics=FRR relativeQuanta=0 baselineId=1 baselineSequence=1 baselineTime=46157098049700 targetValue=15018400 fallback=none
[Vulkan] NVIDIA Reflex mode=off lowLatencyMode=false lowLatencyBoost=false
[Vulkan] swapchain ready: generic present pacing: policy=JustInTime authority=GenericHost caps2=yes present-id2=yes present-wait2=yes present-timing=yes absolute-timing=no relative-timing=yes target-stage=IMAGE_FIRST_PIXEL_OUT timing-queue=16 fifo-latest-ready=no presentMode=2 reason=available capabilities are optional
[Vulkan] presentation: requested-vsync=on available-present-modes=FIFO,FIFO_RELAXED,MAILBOX,IMMEDIATE,FIFO_LATEST_READY selected-present-mode=FIFO swapchain-images=3 extent=784x536 format=44 window-mode=windowed reason=VSync on: FIFO; VRR actual state is driver/display controlled
[Vulkan] present JIT: policy=JustInTime authority=GenericPresentTiming state=TargetSchedulingActive targetScheduling=capable targetMode=relative boundedWait=on optionalWait=available timingReady=yes timeDomainsReady=yes absoluteSupported=no relativeSupported=yes targetStage=IMAGE_FIRST_PIXEL_OUT timeDomain=PRESENT_STAGE_LOCAL domainId=1000208000 frameIntervalNs=16666667 refreshIntervalNs=1993500 dynamics=FRR relativeQuanta=0 baselineId=1 baselineSequence=1 baselineTime=46157329447900 targetValue=15004800 fallback=none
[Vulkan] NVIDIA Reflex mode=off lowLatencyMode=false lowLatencyBoost=false
[Vulkan] swapchain ready: generic present pacing: policy=JustInTime authority=GenericHost caps2=yes present-id2=yes present-wait2=yes present-timing=yes absolute-timing=no relative-timing=yes target-stage=IMAGE_FIRST_PIXEL_OUT timing-queue=16 fifo-latest-ready=no presentMode=2 reason=available capabilities are optional
[Vulkan] presentation: requested-vsync=on available-present-modes=FIFO,FIFO_RELAXED,MAILBOX,IMMEDIATE,FIFO_LATEST_READY selected-present-mode=FIFO swapchain-images=3 extent=1424x836 format=44 window-mode=windowed reason=VSync on: FIFO; VRR actual state is driver/display controlled
[Vulkan] present JIT: policy=JustInTime authority=GenericPresentTiming state=TargetSchedulingActive targetScheduling=capable targetMode=relative boundedWait=on optionalWait=available timingReady=yes timeDomainsReady=yes absoluteSupported=no relativeSupported=yes targetStage=IMAGE_FIRST_PIXEL_OUT timeDomain=PRESENT_STAGE_LOCAL domainId=1000208000 frameIntervalNs=16666667 refreshIntervalNs=1890100 dynamics=FRR relativeQuanta=0 baselineId=1 baselineSequence=1 baselineTime=46157583058700 targetValue=16175200 fallback=none
[Vulkan] NVIDIA Reflex mode=off lowLatencyMode=false lowLatencyBoost=false
[Vulkan] swapchain ready: generic present pacing: policy=JustInTime authority=GenericHost caps2=yes present-id2=yes present-wait2=yes present-timing=yes absolute-timing=no relative-timing=yes target-stage=IMAGE_FIRST_PIXEL_OUT timing-queue=16 fifo-latest-ready=no presentMode=2 reason=available capabilities are optional
[Vulkan] presentation: requested-vsync=on available-present-modes=FIFO,FIFO_RELAXED,MAILBOX,IMMEDIATE,FIFO_LATEST_READY selected-present-mode=FIFO swapchain-images=3 extent=704x476 format=44 window-mode=windowed reason=VSync on: FIFO; VRR actual state is driver/display controlled
[Vulkan] present JIT: policy=JustInTime authority=GenericPresentTiming state=TargetSchedulingActive targetScheduling=capable targetMode=relative boundedWait=on optionalWait=available timingReady=yes timeDomainsReady=yes absoluteSupported=no relativeSupported=yes targetStage=IMAGE_FIRST_PIXEL_OUT timeDomain=PRESENT_STAGE_LOCAL domainId=1000208000 frameIntervalNs=16666667 refreshIntervalNs=2011200 dynamics=FRR relativeQuanta=0 baselineId=1 baselineSequence=1 baselineTime=46157814455700 targetValue=15362400 fallback=none
[Vulkan] NVIDIA Reflex mode=off lowLatencyMode=false lowLatencyBoost=false
[Vulkan] swapchain ready: generic present pacing: policy=JustInTime authority=GenericHost caps2=yes present-id2=yes present-wait2=yes present-timing=yes absolute-timing=no relative-timing=yes target-stage=IMAGE_FIRST_PIXEL_OUT timing-queue=16 fifo-latest-ready=no presentMode=2 reason=available capabilities are optional
[Vulkan] presentation: requested-vsync=on available-present-modes=FIFO,FIFO_RELAXED,MAILBOX,IMMEDIATE,FIFO_LATEST_READY selected-present-mode=FIFO swapchain-images=3 extent=884x636 format=44 window-mode=windowed reason=VSync on: FIFO; VRR actual state is driver/display controlled
[Vulkan] present JIT: policy=JustInTime authority=GenericPresentTiming state=TargetSchedulingActive targetScheduling=capable targetMode=relative boundedWait=on optionalWait=available timingReady=yes timeDomainsReady=yes absoluteSupported=no relativeSupported=yes targetStage=IMAGE_FIRST_PIXEL_OUT timeDomain=PRESENT_STAGE_LOCAL domainId=1000208000 frameIntervalNs=16666667 refreshIntervalNs=1953800 dynamics=FRR relativeQuanta=0 baselineId=1 baselineSequence=1 baselineTime=46158045854400 targetValue=14948000 fallback=none
[Vulkan] NVIDIA Reflex mode=off lowLatencyMode=false lowLatencyBoost=false
[Vulkan] swapchain ready: generic present pacing: policy=JustInTime authority=GenericHost caps2=yes present-id2=yes present-wait2=yes present-timing=yes absolute-timing=no relative-timing=yes target-stage=IMAGE_FIRST_PIXEL_OUT timing-queue=16 fifo-latest-ready=no presentMode=2 reason=available capabilities are optional
[Vulkan] presentation: requested-vsync=on available-present-modes=FIFO,FIFO_RELAXED,MAILBOX,IMMEDIATE,FIFO_LATEST_READY selected-present-mode=FIFO swapchain-images=3 extent=1264x736 format=44 window-mode=windowed reason=VSync on: FIFO; VRR actual state is driver/display controlled
[Vulkan] present JIT: policy=JustInTime authority=GenericPresentTiming state=TargetSchedulingActive targetScheduling=capable targetMode=relative boundedWait=on optionalWait=available timingReady=yes timeDomainsReady=yes absoluteSupported=no relativeSupported=yes targetStage=IMAGE_FIRST_PIXEL_OUT timeDomain=PRESENT_STAGE_LOCAL domainId=1000208000 frameIntervalNs=16666667 refreshIntervalNs=1854200 dynamics=FRR relativeQuanta=0 baselineId=1 baselineSequence=1 baselineTime=46158262444800 targetValue=14832800 fallback=none
[Vulkan] NVIDIA Reflex mode=off lowLatencyMode=false lowLatencyBoost=false
[Vulkan] swapchain ready: generic present pacing: policy=JustInTime authority=GenericHost caps2=yes present-id2=yes present-wait2=yes present-timing=yes absolute-timing=no relative-timing=yes target-stage=IMAGE_FIRST_PIXEL_OUT timing-queue=16 fifo-latest-ready=no presentMode=2 reason=available capabilities are optional
[Vulkan] presentation: requested-vsync=on available-present-modes=FIFO,FIFO_RELAXED,MAILBOX,IMMEDIATE,FIFO_LATEST_READY selected-present-mode=FIFO swapchain-images=3 extent=624x416 format=44 window-mode=windowed reason=VSync on: FIFO; VRR actual state is driver/display controlled
[Vulkan] present JIT: policy=JustInTime authority=GenericPresentTiming state=TargetSchedulingActive targetScheduling=capable targetMode=relative boundedWait=on optionalWait=available timingReady=yes timeDomainsReady=yes absoluteSupported=no relativeSupported=yes targetStage=IMAGE_FIRST_PIXEL_OUT timeDomain=PRESENT_STAGE_LOCAL domainId=1000208000 frameIntervalNs=16666667 refreshIntervalNs=1850400 dynamics=FRR relativeQuanta=0 baselineId=1 baselineSequence=1 baselineTime=46158495689300 targetValue=15672800 fallback=none
[Vulkan] NVIDIA Reflex mode=off lowLatencyMode=false lowLatencyBoost=false
[Vulkan] swapchain ready: generic present pacing: policy=JustInTime authority=GenericHost caps2=yes present-id2=yes present-wait2=yes present-timing=yes absolute-timing=no relative-timing=yes target-stage=IMAGE_FIRST_PIXEL_OUT timing-queue=16 fifo-latest-ready=no presentMode=2 reason=available capabilities are optional
[Vulkan] presentation: requested-vsync=on available-present-modes=FIFO,FIFO_RELAXED,MAILBOX,IMMEDIATE,FIFO_LATEST_READY selected-present-mode=FIFO swapchain-images=3 extent=1008x704 format=44 window-mode=windowed reason=VSync on: FIFO; VRR actual state is driver/display controlled
[Vulkan] present JIT: policy=JustInTime authority=GenericPresentTiming state=TargetSchedulingActive targetScheduling=capable targetMode=relative boundedWait=on optionalWait=available timingReady=yes timeDomainsReady=yes absoluteSupported=no relativeSupported=yes targetStage=IMAGE_FIRST_PIXEL_OUT timeDomain=PRESENT_STAGE_LOCAL domainId=1000208000 frameIntervalNs=16666667 refreshIntervalNs=1882300 dynamics=FRR relativeQuanta=0 baselineId=1 baselineSequence=1 baselineTime=46158749292400 targetValue=14828000 fallback=none
[Vulkan] NVIDIA Reflex mode=off lowLatencyMode=false lowLatencyBoost=false
[Vulkan] swapchain ready: generic present pacing: policy=JustInTime authority=GenericHost caps2=yes present-id2=yes present-wait2=yes present-timing=yes absolute-timing=no relative-timing=yes target-stage=IMAGE_FIRST_PIXEL_OUT timing-queue=16 fifo-latest-ready=no presentMode=2 reason=available capabilities are optional
[Vulkan] presentation: requested-vsync=on available-present-modes=FIFO,FIFO_RELAXED,MAILBOX,IMMEDIATE,FIFO_LATEST_READY selected-present-mode=FIFO swapchain-images=3 extent=1584x836 format=44 window-mode=windowed reason=VSync on: FIFO; VRR actual state is driver/display controlled
[Vulkan] present JIT: policy=JustInTime authority=GenericPresentTiming state=TargetSchedulingActive targetScheduling=capable targetMode=relative boundedWait=on optionalWait=available timingReady=yes timeDomainsReady=yes absoluteSupported=no relativeSupported=yes targetStage=IMAGE_FIRST_PIXEL_OUT timeDomain=PRESENT_STAGE_LOCAL domainId=1000208000 frameIntervalNs=16666667 refreshIntervalNs=1854700 dynamics=FRR relativeQuanta=0 baselineId=1 baselineSequence=1 baselineTime=46158995500400 targetValue=15042400 fallback=none
[Vulkan] NVIDIA Reflex mode=off lowLatencyMode=false lowLatencyBoost=false
[Vulkan] swapchain ready: generic present pacing: policy=JustInTime authority=GenericHost caps2=yes present-id2=yes present-wait2=yes present-timing=yes absolute-timing=no relative-timing=yes target-stage=IMAGE_FIRST_PIXEL_OUT timing-queue=16 fifo-latest-ready=no presentMode=2 reason=available capabilities are optional
[Vulkan] presentation: requested-vsync=on available-present-modes=FIFO,FIFO_RELAXED,MAILBOX,IMMEDIATE,FIFO_LATEST_READY selected-present-mode=FIFO swapchain-images=3 extent=784x536 format=44 window-mode=windowed reason=VSync on: FIFO; VRR actual state is driver/display controlled
[Vulkan] present JIT: policy=JustInTime authority=GenericPresentTiming state=TargetSchedulingActive targetScheduling=capable targetMode=relative boundedWait=on optionalWait=available timingReady=yes timeDomainsReady=yes absoluteSupported=no relativeSupported=yes targetStage=IMAGE_FIRST_PIXEL_OUT timeDomain=PRESENT_STAGE_LOCAL domainId=1000208000 frameIntervalNs=16666667 refreshIntervalNs=1852600 dynamics=FRR relativeQuanta=0 baselineId=1 baselineSequence=1 baselineTime=46159228751300 targetValue=15916000 fallback=none
[Vulkan] NVIDIA Reflex mode=off lowLatencyMode=false lowLatencyBoost=false
[Vulkan] swapchain ready: generic present pacing: policy=JustInTime authority=GenericHost caps2=yes present-id2=yes present-wait2=yes present-timing=yes absolute-timing=no relative-timing=yes target-stage=IMAGE_FIRST_PIXEL_OUT timing-queue=16 fifo-latest-ready=no presentMode=2 reason=available capabilities are optional
[Vulkan] presentation: requested-vsync=on available-present-modes=FIFO,FIFO_RELAXED,MAILBOX,IMMEDIATE,FIFO_LATEST_READY selected-present-mode=FIFO swapchain-images=3 extent=1424x836 format=44 window-mode=windowed reason=VSync on: FIFO; VRR actual state is driver/display controlled
[Vulkan] present JIT: policy=JustInTime authority=GenericPresentTiming state=TargetSchedulingActive targetScheduling=capable targetMode=relative boundedWait=on optionalWait=available timingReady=yes timeDomainsReady=yes absoluteSupported=no relativeSupported=yes targetStage=IMAGE_FIRST_PIXEL_OUT timeDomain=PRESENT_STAGE_LOCAL domainId=1000208000 frameIntervalNs=16666667 refreshIntervalNs=1851500 dynamics=FRR relativeQuanta=0 baselineId=1 baselineSequence=1 baselineTime=46159463853100 targetValue=15916000 fallback=none
[Vulkan] NVIDIA Reflex mode=off lowLatencyMode=false lowLatencyBoost=false
[Vulkan] swapchain ready: generic present pacing: policy=JustInTime authority=GenericHost caps2=yes present-id2=yes present-wait2=yes present-timing=yes absolute-timing=no relative-timing=yes target-stage=IMAGE_FIRST_PIXEL_OUT timing-queue=16 fifo-latest-ready=no presentMode=2 reason=available capabilities are optional
[Vulkan] presentation: requested-vsync=on available-present-modes=FIFO,FIFO_RELAXED,MAILBOX,IMMEDIATE,FIFO_LATEST_READY selected-present-mode=FIFO swapchain-images=3 extent=704x476 format=44 window-mode=windowed reason=VSync on: FIFO; VRR actual state is driver/display controlled
[Vulkan] present JIT: policy=JustInTime authority=GenericPresentTiming state=TargetSchedulingActive targetScheduling=capable targetMode=relative boundedWait=on optionalWait=available timingReady=yes timeDomainsReady=yes absoluteSupported=no relativeSupported=yes targetStage=IMAGE_FIRST_PIXEL_OUT timeDomain=PRESENT_STAGE_LOCAL domainId=1000208000 frameIntervalNs=16666667 refreshIntervalNs=1851400 dynamics=FRR relativeQuanta=0 baselineId=1 baselineSequence=1 baselineTime=46159698955200 targetValue=15719200 fallback=none
[Vulkan] NVIDIA Reflex mode=off lowLatencyMode=false lowLatencyBoost=false
[Vulkan] swapchain ready: generic present pacing: policy=JustInTime authority=GenericHost caps2=yes present-id2=yes present-wait2=yes present-timing=yes absolute-timing=no relative-timing=yes target-stage=IMAGE_FIRST_PIXEL_OUT timing-queue=16 fifo-latest-ready=no presentMode=2 reason=available capabilities are optional
[Vulkan] presentation: requested-vsync=on available-present-modes=FIFO,FIFO_RELAXED,MAILBOX,IMMEDIATE,FIFO_LATEST_READY selected-present-mode=FIFO swapchain-images=3 extent=884x636 format=44 window-mode=windowed reason=VSync on: FIFO; VRR actual state is driver/display controlled
[Vulkan] present JIT: policy=JustInTime authority=GenericPresentTiming state=TargetSchedulingActive targetScheduling=capable targetMode=relative boundedWait=on optionalWait=available timingReady=yes timeDomainsReady=yes absoluteSupported=no relativeSupported=yes targetStage=IMAGE_FIRST_PIXEL_OUT timeDomain=PRESENT_STAGE_LOCAL domainId=1000208000 frameIntervalNs=16666667 refreshIntervalNs=1866500 dynamics=FRR relativeQuanta=0 baselineId=1 baselineSequence=1 baselineTime=46159930348900 targetValue=15284000 fallback=none
[Vulkan] NVIDIA Reflex mode=off lowLatencyMode=false lowLatencyBoost=false
[Vulkan] swapchain ready: generic present pacing: policy=JustInTime authority=GenericHost caps2=yes present-id2=yes present-wait2=yes present-timing=yes absolute-timing=no relative-timing=yes target-stage=IMAGE_FIRST_PIXEL_OUT timing-queue=16 fifo-latest-ready=no presentMode=2 reason=available capabilities are optional
[Vulkan] presentation: requested-vsync=on available-present-modes=FIFO,FIFO_RELAXED,MAILBOX,IMMEDIATE,FIFO_LATEST_READY selected-present-mode=FIFO swapchain-images=3 extent=1264x736 format=44 window-mode=windowed reason=VSync on: FIFO; VRR actual state is driver/display controlled
[Vulkan] present JIT: policy=JustInTime authority=GenericPresentTiming state=TargetSchedulingActive targetScheduling=capable targetMode=relative boundedWait=on optionalWait=available timingReady=yes timeDomainsReady=yes absoluteSupported=no relativeSupported=yes targetStage=IMAGE_FIRST_PIXEL_OUT timeDomain=PRESENT_STAGE_LOCAL domainId=1000208000 frameIntervalNs=16666667 refreshIntervalNs=1962200 dynamics=FRR relativeQuanta=0 baselineId=1 baselineSequence=1 baselineTime=46160163598400 targetValue=15119200 fallback=none
[Vulkan] NVIDIA Reflex mode=off lowLatencyMode=false lowLatencyBoost=false
[Vulkan] swapchain ready: generic present pacing: policy=JustInTime authority=GenericHost caps2=yes present-id2=yes present-wait2=yes present-timing=yes absolute-timing=no relative-timing=yes target-stage=IMAGE_FIRST_PIXEL_OUT timing-queue=16 fifo-latest-ready=no presentMode=2 reason=available capabilities are optional
[Vulkan] presentation: requested-vsync=on available-present-modes=FIFO,FIFO_RELAXED,MAILBOX,IMMEDIATE,FIFO_LATEST_READY selected-present-mode=FIFO swapchain-images=3 extent=624x416 format=44 window-mode=windowed reason=VSync on: FIFO; VRR actual state is driver/display controlled
[Vulkan] present JIT: policy=JustInTime authority=GenericPresentTiming state=TargetSchedulingActive targetScheduling=capable targetMode=relative boundedWait=on optionalWait=available timingReady=yes timeDomainsReady=yes absoluteSupported=no relativeSupported=yes targetStage=IMAGE_FIRST_PIXEL_OUT timeDomain=PRESENT_STAGE_LOCAL domainId=1000208000 frameIntervalNs=16666667 refreshIntervalNs=1979800 dynamics=FRR relativeQuanta=0 baselineId=1 baselineSequence=1 baselineTime=46160413498300 targetValue=16078400 fallback=none
[Vulkan] NVIDIA Reflex mode=off lowLatencyMode=false lowLatencyBoost=false
[Vulkan] swapchain ready: generic present pacing: policy=JustInTime authority=GenericHost caps2=yes present-id2=yes present-wait2=yes present-timing=yes absolute-timing=no relative-timing=yes target-stage=IMAGE_FIRST_PIXEL_OUT timing-queue=16 fifo-latest-ready=no presentMode=2 reason=available capabilities are optional
[Vulkan] presentation: requested-vsync=on available-present-modes=FIFO,FIFO_RELAXED,MAILBOX,IMMEDIATE,FIFO_LATEST_READY selected-present-mode=FIFO swapchain-images=3 extent=1008x704 format=44 window-mode=windowed reason=VSync on: FIFO; VRR actual state is driver/display controlled
[Vulkan] present JIT: policy=JustInTime authority=GenericPresentTiming state=TargetSchedulingActive targetScheduling=capable targetMode=relative boundedWait=on optionalWait=available timingReady=yes timeDomainsReady=yes absoluteSupported=no relativeSupported=yes targetStage=IMAGE_FIRST_PIXEL_OUT timeDomain=PRESENT_STAGE_LOCAL domainId=1000208000 frameIntervalNs=16666667 refreshIntervalNs=1971700 dynamics=FRR relativeQuanta=0 baselineId=1 baselineSequence=1 baselineTime=46160631943800 targetValue=15879200 fallback=none
[Vulkan] NVIDIA Reflex mode=off lowLatencyMode=false lowLatencyBoost=false
[Vulkan] swapchain ready: generic present pacing: policy=JustInTime authority=GenericHost caps2=yes present-id2=yes present-wait2=yes present-timing=yes absolute-timing=no relative-timing=yes target-stage=IMAGE_FIRST_PIXEL_OUT timing-queue=16 fifo-latest-ready=no presentMode=2 reason=available capabilities are optional
[Vulkan] presentation: requested-vsync=on available-present-modes=FIFO,FIFO_RELAXED,MAILBOX,IMMEDIATE,FIFO_LATEST_READY selected-present-mode=FIFO swapchain-images=3 extent=1584x836 format=44 window-mode=windowed reason=VSync on: FIFO; VRR actual state is driver/display controlled
[Vulkan] present JIT: policy=JustInTime authority=GenericPresentTiming state=TargetSchedulingActive targetScheduling=capable targetMode=relative boundedWait=on optionalWait=available timingReady=yes timeDomainsReady=yes absoluteSupported=no relativeSupported=yes targetStage=IMAGE_FIRST_PIXEL_OUT timeDomain=PRESENT_STAGE_LOCAL domainId=1000208000 frameIntervalNs=16666667 refreshIntervalNs=1859100 dynamics=FRR relativeQuanta=0 baselineId=1 baselineSequence=1 baselineTime=46160865188900 targetValue=16374600 fallback=none
[Vulkan] NVIDIA Reflex mode=off lowLatencyMode=false lowLatencyBoost=false
[Vulkan] swapchain ready: generic present pacing: policy=JustInTime authority=GenericHost caps2=yes present-id2=yes present-wait2=yes present-timing=yes absolute-timing=no relative-timing=yes target-stage=IMAGE_FIRST_PIXEL_OUT timing-queue=16 fifo-latest-ready=no presentMode=2 reason=available capabilities are optional
[Vulkan] presentation: requested-vsync=on available-present-modes=FIFO,FIFO_RELAXED,MAILBOX,IMMEDIATE,FIFO_LATEST_READY selected-present-mode=FIFO swapchain-images=3 extent=784x536 format=44 window-mode=windowed reason=VSync on: FIFO; VRR actual state is driver/display controlled
[Vulkan] present JIT: policy=JustInTime authority=GenericPresentTiming state=TargetSchedulingActive targetScheduling=capable targetMode=relative boundedWait=on optionalWait=available timingReady=yes timeDomainsReady=yes absoluteSupported=no relativeSupported=yes targetStage=IMAGE_FIRST_PIXEL_OUT timeDomain=PRESENT_STAGE_LOCAL domainId=1000208000 frameIntervalNs=16666667 refreshIntervalNs=1851100 dynamics=FRR relativeQuanta=0 baselineId=1 baselineSequence=1 baselineTime=46161096588900 targetValue=14827200 fallback=none
[Vulkan] NVIDIA Reflex mode=off lowLatencyMode=false lowLatencyBoost=false
[Vulkan] swapchain ready: generic present pacing: policy=JustInTime authority=GenericHost caps2=yes present-id2=yes present-wait2=yes present-timing=yes absolute-timing=no relative-timing=yes target-stage=IMAGE_FIRST_PIXEL_OUT timing-queue=16 fifo-latest-ready=no presentMode=2 reason=available capabilities are optional
[Vulkan] presentation: requested-vsync=on available-present-modes=FIFO,FIFO_RELAXED,MAILBOX,IMMEDIATE,FIFO_LATEST_READY selected-present-mode=FIFO swapchain-images=3 extent=1424x836 format=44 window-mode=windowed reason=VSync on: FIFO; VRR actual state is driver/display controlled
[Vulkan] present JIT: policy=JustInTime authority=GenericPresentTiming state=TargetSchedulingActive targetScheduling=capable targetMode=relative boundedWait=on optionalWait=available timingReady=yes timeDomainsReady=yes absoluteSupported=no relativeSupported=yes targetStage=IMAGE_FIRST_PIXEL_OUT timeDomain=PRESENT_STAGE_LOCAL domainId=1000208000 frameIntervalNs=16666667 refreshIntervalNs=1889300 dynamics=FRR relativeQuanta=0 baselineId=1 baselineSequence=1 baselineTime=46161329836100 targetValue=15710400 fallback=none
[Vulkan] NVIDIA Reflex mode=off lowLatencyMode=false lowLatencyBoost=false
[Vulkan] swapchain ready: generic present pacing: policy=JustInTime authority=GenericHost caps2=yes present-id2=yes present-wait2=yes present-timing=yes absolute-timing=no relative-timing=yes target-stage=IMAGE_FIRST_PIXEL_OUT timing-queue=16 fifo-latest-ready=no presentMode=2 reason=available capabilities are optional
[Vulkan] presentation: requested-vsync=on available-present-modes=FIFO,FIFO_RELAXED,MAILBOX,IMMEDIATE,FIFO_LATEST_READY selected-present-mode=FIFO swapchain-images=3 extent=704x476 format=44 window-mode=windowed reason=VSync on: FIFO; VRR actual state is driver/display controlled
[Vulkan] present JIT: policy=JustInTime authority=GenericPresentTiming state=TargetSchedulingActive targetScheduling=capable targetMode=relative boundedWait=on optionalWait=available timingReady=yes timeDomainsReady=yes absoluteSupported=no relativeSupported=yes targetStage=IMAGE_FIRST_PIXEL_OUT timeDomain=PRESENT_STAGE_LOCAL domainId=1000208000 frameIntervalNs=16666667 refreshIntervalNs=1827800 dynamics=FRR relativeQuanta=0 baselineId=1 baselineSequence=1 baselineTime=46161579744600 targetValue=16659900 fallback=none
[Vulkan] present timing results queue at capacity; timing metadata paused pending drain
[Vulkan] present JIT: policy=JustInTime authority=GenericPresentTiming state=TelemetryBootstrap targetScheduling=off targetMode=none boundedWait=on optionalWait=available timingReady=yes timeDomainsReady=yes absoluteSupported=no relativeSupported=yes targetStage=IMAGE_FIRST_PIXEL_OUT timeDomain=PRESENT_STAGE_LOCAL domainId=1000208000 frameIntervalNs=16666667 refreshIntervalNs=1875700 dynamics=FRR relativeQuanta=0 baselineId=1563 baselineSequence=17 baselineTime=46161840754600 targetValue=16881300 fallback=timing queue pressure
[Vulkan] NVIDIA Reflex mode=off lowLatencyMode=false lowLatencyBoost=false
[Vulkan] swapchain ready: generic present pacing: policy=JustInTime authority=GenericHost caps2=yes present-id2=yes present-wait2=yes present-timing=yes absolute-timing=no relative-timing=yes target-stage=IMAGE_FIRST_PIXEL_OUT timing-queue=16 fifo-latest-ready=no presentMode=2 reason=available capabilities are optional
[Vulkan] presentation: requested-vsync=on available-present-modes=FIFO,FIFO_RELAXED,MAILBOX,IMMEDIATE,FIFO_LATEST_READY selected-present-mode=FIFO swapchain-images=3 extent=704x476 format=44 window-mode=windowed reason=VSync on: FIFO; VRR actual state is driver/display controlled
[Vulkan] present JIT: policy=JustInTime authority=GenericPresentTiming state=TargetSchedulingActive targetScheduling=capable targetMode=relative boundedWait=on optionalWait=available timingReady=yes timeDomainsReady=yes absoluteSupported=no relativeSupported=yes targetStage=IMAGE_FIRST_PIXEL_OUT timeDomain=PRESENT_STAGE_LOCAL domainId=1000208000 frameIntervalNs=16666667 refreshIntervalNs=1884600 dynamics=FRR relativeQuanta=0 baselineId=1 baselineSequence=1 baselineTime=46162262830000 targetValue=15458400 fallback=none
[Vulkan] NVIDIA Reflex mode=off lowLatencyMode=false lowLatencyBoost=false
[Vulkan] swapchain ready: generic present pacing: policy=JustInTime authority=GenericHost caps2=yes present-id2=yes present-wait2=yes present-timing=yes absolute-timing=no relative-timing=yes target-stage=IMAGE_FIRST_PIXEL_OUT timing-queue=16 fifo-latest-ready=no presentMode=2 reason=available capabilities are optional
[Vulkan] presentation: requested-vsync=on available-present-modes=FIFO,FIFO_RELAXED,MAILBOX,IMMEDIATE,FIFO_LATEST_READY selected-present-mode=FIFO swapchain-images=3 extent=704x476 format=44 window-mode=windowed reason=VSync on: FIFO; VRR actual state is driver/display controlled
[Vulkan] present JIT: policy=JustInTime authority=GenericPresentTiming state=TargetSchedulingActive targetScheduling=capable targetMode=relative boundedWait=on optionalWait=available timingReady=yes timeDomainsReady=yes absoluteSupported=no relativeSupported=yes targetStage=IMAGE_FIRST_PIXEL_OUT timeDomain=PRESENT_STAGE_LOCAL domainId=1000208000 frameIntervalNs=16666667 refreshIntervalNs=1872700 dynamics=FRR relativeQuanta=0 baselineId=1 baselineSequence=1 baselineTime=46163182855800 targetValue=15484000 fallback=none
[Vulkan] NVIDIA Reflex mode=off lowLatencyMode=false lowLatencyBoost=false
[Vulkan] swapchain ready: generic present pacing: policy=JustInTime authority=GenericHost caps2=yes present-id2=yes present-wait2=yes present-timing=yes absolute-timing=no relative-timing=yes target-stage=IMAGE_FIRST_PIXEL_OUT timing-queue=16 fifo-latest-ready=no presentMode=2 reason=available capabilities are optional
[Vulkan] presentation: requested-vsync=on available-present-modes=FIFO,FIFO_RELAXED,MAILBOX,IMMEDIATE,FIFO_LATEST_READY selected-present-mode=FIFO swapchain-images=3 extent=704x476 format=44 window-mode=windowed reason=VSync on: FIFO; VRR actual state is driver/display controlled
[Vulkan] present JIT: policy=JustInTime authority=GenericPresentTiming state=TargetSchedulingActive targetScheduling=capable targetMode=relative boundedWait=on optionalWait=available timingReady=yes timeDomainsReady=yes absoluteSupported=no relativeSupported=yes targetStage=IMAGE_FIRST_PIXEL_OUT timeDomain=PRESENT_STAGE_LOCAL domainId=1000208000 frameIntervalNs=16666667 refreshIntervalNs=1870100 dynamics=FRR relativeQuanta=0 baselineId=1 baselineSequence=1 baselineTime=46164114001400 targetValue=15331200 fallback=none
[Vulkan] NVIDIA Reflex mode=off lowLatencyMode=false lowLatencyBoost=false
[Vulkan] swapchain ready: generic present pacing: policy=JustInTime authority=GenericHost caps2=yes present-id2=yes present-wait2=yes present-timing=yes absolute-timing=no relative-timing=yes target-stage=IMAGE_FIRST_PIXEL_OUT timing-queue=16 fifo-latest-ready=no presentMode=2 reason=available capabilities are optional
[Vulkan] presentation: requested-vsync=on available-present-modes=FIFO,FIFO_RELAXED,MAILBOX,IMMEDIATE,FIFO_LATEST_READY selected-present-mode=FIFO swapchain-images=3 extent=704x476 format=44 window-mode=windowed reason=VSync on: FIFO; VRR actual state is driver/display controlled
[Vulkan] present JIT: policy=JustInTime authority=GenericPresentTiming state=TargetSchedulingActive targetScheduling=capable targetMode=relative boundedWait=on optionalWait=available timingReady=yes timeDomainsReady=yes absoluteSupported=no relativeSupported=yes targetStage=IMAGE_FIRST_PIXEL_OUT timeDomain=PRESENT_STAGE_LOCAL domainId=1000208000 frameIntervalNs=16666667 refreshIntervalNs=2075500 dynamics=FRR relativeQuanta=0 baselineId=1 baselineSequence=1 baselineTime=46165046993000 targetValue=14911200 fallback=none
[Vulkan] Reflex timings: reports=8 presentID=1791 sim=1786621992554009..1786621992560508 renderSubmit=1786621992560679..1786621992560753 present=1786621992560753..1786621992560828 gpuRender=1786621992560747..1786621992575203 inputSample=1786621992553959
[Vulkan] NVIDIA Reflex mode=off lowLatencyMode=false lowLatencyBoost=false
[Vulkan] swapchain ready: generic present pacing: policy=JustInTime authority=GenericHost caps2=yes present-id2=yes present-wait2=yes present-timing=yes absolute-timing=no relative-timing=yes target-stage=IMAGE_FIRST_PIXEL_OUT timing-queue=16 fifo-latest-ready=no presentMode=2 reason=available capabilities are optional
[Vulkan] presentation: requested-vsync=on available-present-modes=FIFO,FIFO_RELAXED,MAILBOX,IMMEDIATE,FIFO_LATEST_READY selected-present-mode=FIFO swapchain-images=3 extent=704x476 format=44 window-mode=windowed reason=VSync on: FIFO; VRR actual state is driver/display controlled
[Vulkan] present JIT: policy=JustInTime authority=GenericPresentTiming state=TargetSchedulingActive targetScheduling=capable targetMode=relative boundedWait=on optionalWait=available timingReady=yes timeDomainsReady=yes absoluteSupported=no relativeSupported=yes targetStage=IMAGE_FIRST_PIXEL_OUT timeDomain=PRESENT_STAGE_LOCAL domainId=1000208000 frameIntervalNs=16666667 refreshIntervalNs=1846900 dynamics=FRR relativeQuanta=0 baselineId=1 baselineSequence=1 baselineTime=46165963323300 targetValue=16654500 fallback=none
[Vulkan] present timing results queue at capacity; timing metadata paused pending drain
[Vulkan] present JIT: policy=JustInTime authority=GenericPresentTiming state=TelemetryBootstrap targetScheduling=off targetMode=none boundedWait=on optionalWait=available timingReady=yes timeDomainsReady=yes absoluteSupported=no relativeSupported=yes targetStage=IMAGE_FIRST_PIXEL_OUT timeDomain=PRESENT_STAGE_LOCAL domainId=1000208000 frameIntervalNs=16666667 refreshIntervalNs=1946700 dynamics=FRR relativeQuanta=0 baselineId=1839 baselineSequence=30 baselineTime=46166444625900 targetValue=17520300 fallback=timing queue pressure
[Vulkan] present timing results queue grown to 32 after draining; timing metadata re-enabled (recovery 1/3, queue-full errors=0)
[Vulkan] present JIT: policy=JustInTime authority=GenericPresentTiming state=TelemetryBootstrap targetScheduling=capable targetMode=relative boundedWait=on optionalWait=available timingReady=yes timeDomainsReady=yes absoluteSupported=no relativeSupported=yes targetStage=IMAGE_FIRST_PIXEL_OUT timeDomain=PRESENT_STAGE_LOCAL domainId=1000208000 frameIntervalNs=16666667 refreshIntervalNs=1844500 dynamics=FRR relativeQuanta=0 baselineId=1839 baselineSequence=30 baselineTime=46166444625900 targetValue=17520300 fallback=none
[Vulkan] present JIT: policy=JustInTime authority=GenericPresentTiming state=TargetSchedulingActive targetScheduling=capable targetMode=relative boundedWait=on optionalWait=available timingReady=yes timeDomainsReady=yes absoluteSupported=no relativeSupported=yes targetStage=IMAGE_FIRST_PIXEL_OUT timeDomain=PRESENT_STAGE_LOCAL domainId=1000208000 frameIntervalNs=16666667 refreshIntervalNs=1844500 dynamics=FRR relativeQuanta=0 baselineId=1839 baselineSequence=30 baselineTime=46166444625900 targetValue=16600500 fallback=none
[Vulkan] NVIDIA Reflex mode=off lowLatencyMode=false lowLatencyBoost=false
[Vulkan] swapchain ready: generic present pacing: policy=JustInTime authority=GenericHost caps2=yes present-id2=yes present-wait2=yes present-timing=yes absolute-timing=no relative-timing=yes target-stage=IMAGE_FIRST_PIXEL_OUT timing-queue=16 fifo-latest-ready=no presentMode=2 reason=available capabilities are optional
[Vulkan] presentation: requested-vsync=on available-present-modes=FIFO,FIFO_RELAXED,MAILBOX,IMMEDIATE,FIFO_LATEST_READY selected-present-mode=FIFO swapchain-images=3 extent=704x476 format=44 window-mode=windowed reason=VSync on: FIFO; VRR actual state is driver/display controlled
[Vulkan] present JIT: policy=JustInTime authority=GenericPresentTiming state=TargetSchedulingActive targetScheduling=capable targetMode=relative boundedWait=on optionalWait=available timingReady=yes timeDomainsReady=yes absoluteSupported=no relativeSupported=yes targetStage=IMAGE_FIRST_PIXEL_OUT timeDomain=PRESENT_STAGE_LOCAL domainId=1000208000 frameIntervalNs=16666667 refreshIntervalNs=1848500 dynamics=FRR relativeQuanta=0 baselineId=1 baselineSequence=1 baselineTime=46166900017800 targetValue=16654500 fallback=none
[Vulkan] present timing results queue at capacity; timing metadata paused pending drain
[Vulkan] present JIT: policy=JustInTime authority=GenericPresentTiming state=TelemetryBootstrap targetScheduling=off targetMode=none boundedWait=on optionalWait=available timingReady=yes timeDomainsReady=yes absoluteSupported=no relativeSupported=yes targetStage=IMAGE_FIRST_PIXEL_OUT timeDomain=PRESENT_STAGE_LOCAL domainId=1000208000 frameIntervalNs=16666667 refreshIntervalNs=1871300 dynamics=FRR relativeQuanta=0 baselineId=1895 baselineSequence=30 baselineTime=46167373918000 targetValue=16841700 fallback=timing queue pressure
[Vulkan] present timing results queue grown to 32 after draining; timing metadata re-enabled (recovery 1/3, queue-full errors=0)
[Vulkan] present JIT: policy=JustInTime authority=GenericPresentTiming state=TelemetryBootstrap targetScheduling=capable targetMode=relative boundedWait=on optionalWait=available timingReady=yes timeDomainsReady=yes absoluteSupported=no relativeSupported=yes targetStage=IMAGE_FIRST_PIXEL_OUT timeDomain=PRESENT_STAGE_LOCAL domainId=1000208000 frameIntervalNs=16666667 refreshIntervalNs=1860200 dynamics=FRR relativeQuanta=0 baselineId=1895 baselineSequence=30 baselineTime=46167373918000 targetValue=16841700 fallback=none
[Vulkan] NVIDIA Reflex mode=off lowLatencyMode=false lowLatencyBoost=false
[Vulkan] swapchain ready: generic present pacing: policy=JustInTime authority=GenericHost caps2=yes present-id2=yes present-wait2=yes present-timing=yes absolute-timing=no relative-timing=yes target-stage=IMAGE_FIRST_PIXEL_OUT timing-queue=16 fifo-latest-ready=no presentMode=2 reason=available capabilities are optional
[Vulkan] presentation: requested-vsync=on available-present-modes=FIFO,FIFO_RELAXED,MAILBOX,IMMEDIATE,FIFO_LATEST_READY selected-present-mode=FIFO swapchain-images=3 extent=704x476 format=44 window-mode=windowed reason=VSync on: FIFO; VRR actual state is driver/display controlled
[Vulkan] present JIT: policy=JustInTime authority=GenericPresentTiming state=TargetSchedulingActive targetScheduling=capable targetMode=relative boundedWait=on optionalWait=available timingReady=yes timeDomainsReady=yes absoluteSupported=no relativeSupported=yes targetStage=IMAGE_FIRST_PIXEL_OUT timeDomain=PRESENT_STAGE_LOCAL domainId=1000208000 frameIntervalNs=16666667 refreshIntervalNs=1854900 dynamics=FRR relativeQuanta=0 baselineId=1 baselineSequence=1 baselineTime=46167827455100 targetValue=15036800 fallback=none
[Vulkan] present timing results queue at capacity; timing metadata paused pending drain
[Vulkan] present JIT: policy=JustInTime authority=GenericPresentTiming state=TelemetryBootstrap targetScheduling=off targetMode=none boundedWait=on optionalWait=available timingReady=yes timeDomainsReady=yes absoluteSupported=no relativeSupported=yes targetStage=IMAGE_FIRST_PIXEL_OUT timeDomain=PRESENT_STAGE_LOCAL domainId=1000208000 frameIntervalNs=16666667 refreshIntervalNs=1843700 dynamics=FRR relativeQuanta=0 baselineId=1950 baselineSequence=29 baselineTime=46168290251400 targetValue=16832700 fallback=timing queue pressure
[Vulkan] NVIDIA Reflex mode=off lowLatencyMode=false lowLatencyBoost=false
[Vulkan] swapchain ready: generic present pacing: policy=JustInTime authority=GenericHost caps2=yes present-id2=yes present-wait2=yes present-timing=yes absolute-timing=no relative-timing=yes target-stage=IMAGE_FIRST_PIXEL_OUT timing-queue=16 fifo-latest-ready=no presentMode=2 reason=available capabilities are optional
[Vulkan] presentation: requested-vsync=on available-present-modes=FIFO,FIFO_RELAXED,MAILBOX,IMMEDIATE,FIFO_LATEST_READY selected-present-mode=FIFO swapchain-images=3 extent=704x476 format=44 window-mode=windowed reason=VSync on: FIFO; VRR actual state is driver/display controlled
[Vulkan] present JIT: policy=JustInTime authority=GenericPresentTiming state=TargetSchedulingActive targetScheduling=capable targetMode=relative boundedWait=on optionalWait=available timingReady=yes timeDomainsReady=yes absoluteSupported=no relativeSupported=yes targetStage=IMAGE_FIRST_PIXEL_OUT timeDomain=PRESENT_STAGE_LOCAL domainId=1000208000 frameIntervalNs=16666667 refreshIntervalNs=1863800 dynamics=FRR relativeQuanta=0 baselineId=1 baselineSequence=1 baselineTime=46168747478600 targetValue=14843200 fallback=none
[Vulkan] present timing results queue at capacity; timing metadata paused pending drain
[Vulkan] present JIT: policy=JustInTime authority=GenericPresentTiming state=TelemetryBootstrap targetScheduling=off targetMode=none boundedWait=on optionalWait=available timingReady=yes timeDomainsReady=yes absoluteSupported=no relativeSupported=yes targetStage=IMAGE_FIRST_PIXEL_OUT timeDomain=PRESENT_STAGE_LOCAL domainId=1000208000 frameIntervalNs=16666667 refreshIntervalNs=1850900 dynamics=FRR relativeQuanta=0 baselineId=2005 baselineSequence=29 baselineTime=46169208432200 targetValue=16658100 fallback=timing queue pressure
[Vulkan] NVIDIA Reflex mode=off lowLatencyMode=false lowLatencyBoost=false
[Vulkan] swapchain ready: generic present pacing: policy=JustInTime authority=GenericHost caps2=yes present-id2=yes present-wait2=yes present-timing=yes absolute-timing=no relative-timing=yes target-stage=IMAGE_FIRST_PIXEL_OUT timing-queue=16 fifo-latest-ready=no presentMode=2 reason=available capabilities are optional
[Vulkan] presentation: requested-vsync=on available-present-modes=FIFO,FIFO_RELAXED,MAILBOX,IMMEDIATE,FIFO_LATEST_READY selected-present-mode=FIFO swapchain-images=3 extent=704x476 format=44 window-mode=windowed reason=VSync on: FIFO; VRR actual state is driver/display controlled
[Vulkan] present JIT: policy=JustInTime authority=GenericPresentTiming state=TargetSchedulingActive targetScheduling=capable targetMode=relative boundedWait=on optionalWait=available timingReady=yes timeDomainsReady=yes absoluteSupported=no relativeSupported=yes targetStage=IMAGE_FIRST_PIXEL_OUT timeDomain=PRESENT_STAGE_LOCAL domainId=1000208000 frameIntervalNs=16666667 refreshIntervalNs=1865900 dynamics=FRR relativeQuanta=0 baselineId=1 baselineSequence=1 baselineTime=46169682327200 targetValue=16062400 fallback=none
[Vulkan] present timing results queue at capacity; timing metadata paused pending drain
[Vulkan] present JIT: policy=JustInTime authority=GenericPresentTiming state=TelemetryBootstrap targetScheduling=off targetMode=none boundedWait=on optionalWait=available timingReady=yes timeDomainsReady=yes absoluteSupported=no relativeSupported=yes targetStage=IMAGE_FIRST_PIXEL_OUT timeDomain=PRESENT_STAGE_LOCAL domainId=1000208000 frameIntervalNs=16666667 refreshIntervalNs=1850800 dynamics=FRR relativeQuanta=0 baselineId=2063 baselineSequence=31 baselineTime=46170176596900 targetValue=16657200 fallback=timing queue pressure
[Vulkan] NVIDIA Reflex mode=off lowLatencyMode=false lowLatencyBoost=false
[Vulkan] swapchain ready: generic present pacing: policy=JustInTime authority=GenericHost caps2=yes present-id2=yes present-wait2=yes present-timing=yes absolute-timing=no relative-timing=yes target-stage=IMAGE_FIRST_PIXEL_OUT timing-queue=16 fifo-latest-ready=no presentMode=2 reason=available capabilities are optional
[Vulkan] presentation: requested-vsync=on available-present-modes=FIFO,FIFO_RELAXED,MAILBOX,IMMEDIATE,FIFO_LATEST_READY selected-present-mode=FIFO swapchain-images=3 extent=704x476 format=44 window-mode=windowed reason=VSync on: FIFO; VRR actual state is driver/display controlled
[Vulkan] present JIT: policy=JustInTime authority=GenericPresentTiming state=TargetSchedulingActive targetScheduling=capable targetMode=relative boundedWait=on optionalWait=available timingReady=yes timeDomainsReady=yes absoluteSupported=no relativeSupported=yes targetStage=IMAGE_FIRST_PIXEL_OUT timeDomain=PRESENT_STAGE_LOCAL domainId=1000208000 frameIntervalNs=16666667 refreshIntervalNs=1908500 dynamics=FRR relativeQuanta=0 baselineId=1 baselineSequence=1 baselineTime=46170611622300 targetValue=14899200 fallback=none
[Vulkan] NVIDIA Reflex mode=off lowLatencyMode=false lowLatencyBoost=false
[Vulkan] swapchain ready: generic present pacing: policy=JustInTime authority=GenericHost caps2=yes present-id2=yes present-wait2=yes present-timing=yes absolute-timing=no relative-timing=yes target-stage=IMAGE_FIRST_PIXEL_OUT timing-queue=16 fifo-latest-ready=no presentMode=2 reason=available capabilities are optional
[Vulkan] presentation: requested-vsync=on available-present-modes=FIFO,FIFO_RELAXED,MAILBOX,IMMEDIATE,FIFO_LATEST_READY selected-present-mode=FIFO swapchain-images=3 extent=704x476 format=44 window-mode=windowed reason=VSync on: FIFO; VRR actual state is driver/display controlled
[Vulkan] present JIT: policy=JustInTime authority=GenericPresentTiming state=TargetSchedulingActive targetScheduling=capable targetMode=relative boundedWait=on optionalWait=available timingReady=yes timeDomainsReady=yes absoluteSupported=no relativeSupported=yes targetStage=IMAGE_FIRST_PIXEL_OUT timeDomain=PRESENT_STAGE_LOCAL domainId=1000208000 frameIntervalNs=16666667 refreshIntervalNs=1965800 dynamics=FRR relativeQuanta=0 baselineId=1 baselineSequence=1 baselineTime=46171533499400 targetValue=15214400 fallback=none
[Vulkan] present timing results queue at capacity; timing metadata paused pending drain
[Vulkan] present JIT: policy=JustInTime authority=GenericPresentTiming state=TelemetryBootstrap targetScheduling=off targetMode=none boundedWait=on optionalWait=available timingReady=yes timeDomainsReady=yes absoluteSupported=no relativeSupported=yes targetStage=IMAGE_FIRST_PIXEL_OUT timeDomain=PRESENT_STAGE_LOCAL domainId=1000208000 frameIntervalNs=16666667 refreshIntervalNs=1852600 dynamics=FRR relativeQuanta=0 baselineId=2173 baselineSequence=30 baselineTime=46172007419900 targetValue=16660800 fallback=timing queue pressure
[Vulkan] NVIDIA Reflex mode=off lowLatencyMode=false lowLatencyBoost=false
[Vulkan] swapchain ready: generic present pacing: policy=JustInTime authority=GenericHost caps2=yes present-id2=yes present-wait2=yes present-timing=yes absolute-timing=no relative-timing=yes target-stage=IMAGE_FIRST_PIXEL_OUT timing-queue=16 fifo-latest-ready=no presentMode=2 reason=available capabilities are optional
[Vulkan] presentation: requested-vsync=on available-present-modes=FIFO,FIFO_RELAXED,MAILBOX,IMMEDIATE,FIFO_LATEST_READY selected-present-mode=FIFO swapchain-images=3 extent=704x476 format=44 window-mode=windowed reason=VSync on: FIFO; VRR actual state is driver/display controlled
[Vulkan] present JIT: policy=JustInTime authority=GenericPresentTiming state=TargetSchedulingActive targetScheduling=capable targetMode=relative boundedWait=on optionalWait=available timingReady=yes timeDomainsReady=yes absoluteSupported=no relativeSupported=yes targetStage=IMAGE_FIRST_PIXEL_OUT timeDomain=PRESENT_STAGE_LOCAL domainId=1000208000 frameIntervalNs=16666667 refreshIntervalNs=1906300 dynamics=FRR relativeQuanta=0 baselineId=1 baselineSequence=1 baselineTime=46172460943800 targetValue=16645600 fallback=none
[Vulkan] present timing results queue at capacity; timing metadata paused pending drain
[Vulkan] present JIT: policy=JustInTime authority=GenericPresentTiming state=TelemetryBootstrap targetScheduling=off targetMode=none boundedWait=on optionalWait=available timingReady=yes timeDomainsReady=yes absoluteSupported=no relativeSupported=yes targetStage=IMAGE_FIRST_PIXEL_OUT timeDomain=PRESENT_STAGE_LOCAL domainId=1000208000 frameIntervalNs=16666667 refreshIntervalNs=1946700 dynamics=FRR relativeQuanta=0 baselineId=2230 baselineSequence=31 baselineTime=46172958902500 targetValue=15573600 fallback=timing queue pressure
[Vulkan] present timing results queue grown to 32 after draining; timing metadata re-enabled (recovery 1/3, queue-full errors=0)
[Vulkan] present JIT: policy=JustInTime authority=GenericPresentTiming state=TelemetryBootstrap targetScheduling=capable targetMode=relative boundedWait=on optionalWait=available timingReady=yes timeDomainsReady=yes absoluteSupported=no relativeSupported=yes targetStage=IMAGE_FIRST_PIXEL_OUT timeDomain=PRESENT_STAGE_LOCAL domainId=1000208000 frameIntervalNs=16666667 refreshIntervalNs=1853800 dynamics=FRR relativeQuanta=0 baselineId=2230 baselineSequence=31 baselineTime=46172958902500 targetValue=15573600 fallback=none
[Vulkan] present JIT: policy=JustInTime authority=GenericPresentTiming state=TargetSchedulingActive targetScheduling=capable targetMode=relative boundedWait=on optionalWait=available timingReady=yes timeDomainsReady=yes absoluteSupported=no relativeSupported=yes targetStage=IMAGE_FIRST_PIXEL_OUT timeDomain=PRESENT_STAGE_LOCAL domainId=1000208000 frameIntervalNs=16666667 refreshIntervalNs=1853800 dynamics=FRR relativeQuanta=0 baselineId=2230 baselineSequence=31 baselineTime=46172958902500 targetValue=14830400 fallback=none
[Vulkan] NVIDIA Reflex mode=off lowLatencyMode=false lowLatencyBoost=false
[Vulkan] swapchain ready: generic present pacing: policy=JustInTime authority=GenericHost caps2=yes present-id2=yes present-wait2=yes present-timing=yes absolute-timing=no relative-timing=yes target-stage=IMAGE_FIRST_PIXEL_OUT timing-queue=16 fifo-latest-ready=no presentMode=2 reason=available capabilities are optional
[Vulkan] presentation: requested-vsync=on available-present-modes=FIFO,FIFO_RELAXED,MAILBOX,IMMEDIATE,FIFO_LATEST_READY selected-present-mode=FIFO swapchain-images=3 extent=704x476 format=44 window-mode=windowed reason=VSync on: FIFO; VRR actual state is driver/display controlled
[Vulkan] NVIDIA Reflex mode=off lowLatencyMode=false lowLatencyBoost=false
[Vulkan] swapchain ready: generic present pacing: policy=JustInTime authority=GenericHost caps2=yes present-id2=yes present-wait2=yes present-timing=yes absolute-timing=no relative-timing=yes target-stage=IMAGE_FIRST_PIXEL_OUT timing-queue=16 fifo-latest-ready=no presentMode=2 reason=available capabilities are optional
[Vulkan] presentation: requested-vsync=on available-present-modes=FIFO,FIFO_RELAXED,MAILBOX,IMMEDIATE,FIFO_LATEST_READY selected-present-mode=FIFO swapchain-images=3 extent=704x476 format=44 window-mode=windowed reason=VSync on: FIFO; VRR actual state is driver/display controlled
[Vulkan] present JIT: policy=JustInTime authority=GenericPresentTiming state=TargetSchedulingActive targetScheduling=capable targetMode=relative boundedWait=on optionalWait=available timingReady=yes timeDomainsReady=yes absoluteSupported=no relativeSupported=yes targetStage=IMAGE_FIRST_PIXEL_OUT timeDomain=PRESENT_STAGE_LOCAL domainId=1000208000 frameIntervalNs=16666667 refreshIntervalNs=1880000 dynamics=FRR relativeQuanta=0 baselineId=1 baselineSequence=1 baselineTime=46173393936800 targetValue=15060000 fallback=none
[Vulkan] present timing results queue at capacity; timing metadata paused pending drain
[Vulkan] present JIT: policy=JustInTime authority=GenericPresentTiming state=TelemetryBootstrap targetScheduling=off targetMode=none boundedWait=on optionalWait=available timingReady=yes timeDomainsReady=yes absoluteSupported=no relativeSupported=yes targetStage=IMAGE_FIRST_PIXEL_OUT timeDomain=PRESENT_STAGE_LOCAL domainId=1000208000 frameIntervalNs=16666667 refreshIntervalNs=1917700 dynamics=FRR relativeQuanta=0 baselineId=2284 baselineSequence=29 baselineTime=46173860429300 targetValue=17259300 fallback=timing queue pressure
[Vulkan] present timing results queue grown to 32 after draining; timing metadata re-enabled (recovery 1/3, queue-full errors=0)
[Vulkan] present JIT: policy=JustInTime authority=GenericPresentTiming state=TelemetryBootstrap targetScheduling=capable targetMode=relative boundedWait=on optionalWait=available timingReady=yes timeDomainsReady=yes absoluteSupported=no relativeSupported=yes targetStage=IMAGE_FIRST_PIXEL_OUT timeDomain=PRESENT_STAGE_LOCAL domainId=1000208000 frameIntervalNs=16666667 refreshIntervalNs=1851100 dynamics=FRR relativeQuanta=0 baselineId=2284 baselineSequence=29 baselineTime=46173860429300 targetValue=17259300 fallback=none
[Vulkan] NVIDIA Reflex mode=off lowLatencyMode=false lowLatencyBoost=false
[Vulkan] swapchain ready: generic present pacing: policy=JustInTime authority=GenericHost caps2=yes present-id2=yes present-wait2=yes present-timing=yes absolute-timing=no relative-timing=yes target-stage=IMAGE_FIRST_PIXEL_OUT timing-queue=16 fifo-latest-ready=no presentMode=2 reason=available capabilities are optional
[Vulkan] presentation: requested-vsync=on available-present-modes=FIFO,FIFO_RELAXED,MAILBOX,IMMEDIATE,FIFO_LATEST_READY selected-present-mode=FIFO swapchain-images=3 extent=704x476 format=44 window-mode=windowed reason=VSync on: FIFO; VRR actual state is driver/display controlled
[Vulkan] present JIT: policy=JustInTime authority=GenericPresentTiming state=TargetSchedulingActive targetScheduling=capable targetMode=relative boundedWait=on optionalWait=available timingReady=yes timeDomainsReady=yes absoluteSupported=no relativeSupported=yes targetStage=IMAGE_FIRST_PIXEL_OUT timeDomain=PRESENT_STAGE_LOCAL domainId=1000208000 frameIntervalNs=16666667 refreshIntervalNs=1968000 dynamics=FRR relativeQuanta=0 baselineId=1 baselineSequence=1 baselineTime=46174313960400 targetValue=14820800 fallback=none
[Vulkan] present timing results queue at capacity; timing metadata paused pending drain
[Vulkan] present JIT: policy=JustInTime authority=GenericPresentTiming state=TelemetryBootstrap targetScheduling=off targetMode=none boundedWait=on optionalWait=available timingReady=yes timeDomainsReady=yes absoluteSupported=no relativeSupported=yes targetStage=IMAGE_FIRST_PIXEL_OUT timeDomain=PRESENT_STAGE_LOCAL domainId=1000208000 frameIntervalNs=16666667 refreshIntervalNs=1850400 dynamics=FRR relativeQuanta=0 baselineId=2341 baselineSequence=31 baselineTime=46174811933600 targetValue=16653600 fallback=timing queue pressure
[Vulkan] NVIDIA Reflex mode=off lowLatencyMode=false lowLatencyBoost=false
[Vulkan] swapchain ready: generic present pacing: policy=JustInTime authority=GenericHost caps2=yes present-id2=yes present-wait2=yes present-timing=yes absolute-timing=no relative-timing=yes target-stage=IMAGE_FIRST_PIXEL_OUT timing-queue=16 fifo-latest-ready=no presentMode=2 reason=available capabilities are optional
[Vulkan] presentation: requested-vsync=on available-present-modes=FIFO,FIFO_RELAXED,MAILBOX,IMMEDIATE,FIFO_LATEST_READY selected-present-mode=FIFO swapchain-images=3 extent=704x476 format=44 window-mode=windowed reason=VSync on: FIFO; VRR actual state is driver/display controlled
[Vulkan] NVIDIA Reflex mode=off lowLatencyMode=false lowLatencyBoost=false
[Vulkan] swapchain ready: generic present pacing: policy=JustInTime authority=GenericHost caps2=yes present-id2=yes present-wait2=yes present-timing=yes absolute-timing=no relative-timing=yes target-stage=IMAGE_FIRST_PIXEL_OUT timing-queue=16 fifo-latest-ready=no presentMode=2 reason=available capabilities are optional
[Vulkan] presentation: requested-vsync=on available-present-modes=FIFO,FIFO_RELAXED,MAILBOX,IMMEDIATE,FIFO_LATEST_READY selected-present-mode=FIFO swapchain-images=3 extent=704x476 format=44 window-mode=windowed reason=VSync on: FIFO; VRR actual state is driver/display controlled
[Vulkan] present JIT: policy=JustInTime authority=GenericPresentTiming state=TargetSchedulingActive targetScheduling=capable targetMode=relative boundedWait=on optionalWait=available timingReady=yes timeDomainsReady=yes absoluteSupported=no relativeSupported=yes targetStage=IMAGE_FIRST_PIXEL_OUT timeDomain=PRESENT_STAGE_LOCAL domainId=1000208000 frameIntervalNs=16666667 refreshIntervalNs=1900200 dynamics=FRR relativeQuanta=0 baselineId=1 baselineSequence=1 baselineTime=46175243257600 targetValue=14968800 fallback=none
[Vulkan] Reflex timings: reports=8 presentID=2391 sim=1786622002552279..1786622002557527 renderSubmit=1786622002557819..1786622002557940 present=1786622002557941..1786622002558013 gpuRender=1786622002557932..1786622002573203 inputSample=1786622002552252
[Vulkan] present timing results queue at capacity; timing metadata paused pending drain
[Vulkan] present JIT: policy=JustInTime authority=GenericPresentTiming state=TelemetryBootstrap targetScheduling=off targetMode=none boundedWait=on optionalWait=available timingReady=yes timeDomainsReady=yes absoluteSupported=no relativeSupported=yes targetStage=IMAGE_FIRST_PIXEL_OUT timeDomain=PRESENT_STAGE_LOCAL domainId=1000208000 frameIntervalNs=16666667 refreshIntervalNs=1883700 dynamics=FRR relativeQuanta=0 baselineId=2396 baselineSequence=30 baselineTime=46175728235400 targetValue=15069600 fallback=timing queue pressure
[Vulkan] NVIDIA Reflex mode=off lowLatencyMode=false lowLatencyBoost=false
[Vulkan] swapchain ready: generic present pacing: policy=JustInTime authority=GenericHost caps2=yes present-id2=yes present-wait2=yes present-timing=yes absolute-timing=no relative-timing=yes target-stage=IMAGE_FIRST_PIXEL_OUT timing-queue=16 fifo-latest-ready=no presentMode=2 reason=available capabilities are optional
[Vulkan] presentation: requested-vsync=on available-present-modes=FIFO,FIFO_RELAXED,MAILBOX,IMMEDIATE,FIFO_LATEST_READY selected-present-mode=FIFO swapchain-images=3 extent=704x476 format=44 window-mode=windowed reason=VSync on: FIFO; VRR actual state is driver/display controlled
[Vulkan] present JIT: policy=JustInTime authority=GenericPresentTiming state=TargetSchedulingActive targetScheduling=capable targetMode=relative boundedWait=on optionalWait=available timingReady=yes timeDomainsReady=yes absoluteSupported=no relativeSupported=yes targetStage=IMAGE_FIRST_PIXEL_OUT timeDomain=PRESENT_STAGE_LOCAL domainId=1000208000 frameIntervalNs=16666667 refreshIntervalNs=1852200 dynamics=FRR relativeQuanta=0 baselineId=1 baselineSequence=1 baselineTime=46176163291300 targetValue=16660800 fallback=none
[Vulkan] NVIDIA Reflex mode=off lowLatencyMode=false lowLatencyBoost=false
[Vulkan] swapchain ready: generic present pacing: policy=JustInTime authority=GenericHost caps2=yes present-id2=yes present-wait2=yes present-timing=yes absolute-timing=no relative-timing=yes target-stage=IMAGE_FIRST_PIXEL_OUT timing-queue=16 fifo-latest-ready=no presentMode=2 reason=available capabilities are optional
[Vulkan] presentation: requested-vsync=on available-present-modes=FIFO,FIFO_RELAXED,MAILBOX,IMMEDIATE,FIFO_LATEST_READY selected-present-mode=FIFO swapchain-images=3 extent=704x476 format=44 window-mode=windowed reason=VSync on: FIFO; VRR actual state is driver/display controlled
[Vulkan] present JIT: policy=JustInTime authority=GenericPresentTiming state=TargetSchedulingActive targetScheduling=capable targetMode=relative boundedWait=on optionalWait=available timingReady=yes timeDomainsReady=yes absoluteSupported=no relativeSupported=yes targetStage=IMAGE_FIRST_PIXEL_OUT timeDomain=PRESENT_STAGE_LOCAL domainId=1000208000 frameIntervalNs=16666667 refreshIntervalNs=1851400 dynamics=FRR relativeQuanta=0 baselineId=1 baselineSequence=1 baselineTime=46177098137500 targetValue=15544000 fallback=none
[Vulkan] NVIDIA Reflex mode=off lowLatencyMode=false lowLatencyBoost=false
[Vulkan] swapchain ready: generic present pacing: policy=JustInTime authority=GenericHost caps2=yes present-id2=yes present-wait2=yes present-timing=yes absolute-timing=no relative-timing=yes target-stage=IMAGE_FIRST_PIXEL_OUT timing-queue=16 fifo-latest-ready=no presentMode=2 reason=available capabilities are optional
[Vulkan] presentation: requested-vsync=on available-present-modes=FIFO,FIFO_RELAXED,MAILBOX,IMMEDIATE,FIFO_LATEST_READY selected-present-mode=FIFO swapchain-images=3 extent=704x476 format=44 window-mode=windowed reason=VSync on: FIFO; VRR actual state is driver/display controlled
[Vulkan] present JIT: policy=JustInTime authority=GenericPresentTiming state=TargetSchedulingActive targetScheduling=capable targetMode=relative boundedWait=on optionalWait=available timingReady=yes timeDomainsReady=yes absoluteSupported=no relativeSupported=yes targetStage=IMAGE_FIRST_PIXEL_OUT timeDomain=PRESENT_STAGE_LOCAL domainId=1000208000 frameIntervalNs=16666667 refreshIntervalNs=1854800 dynamics=FRR relativeQuanta=0 baselineId=1 baselineSequence=1 baselineTime=46178029273500 targetValue=15504000 fallback=none
[Vulkan] present timing results queue at capacity; timing metadata paused pending drain
[Vulkan] present timing results queue grown to 32 after draining; timing metadata re-enabled (recovery 1/3, queue-full errors=0)
[Vulkan] present JIT: policy=JustInTime authority=GenericPresentTiming state=TelemetryBootstrap targetScheduling=capable targetMode=relative boundedWait=on optionalWait=available timingReady=yes timeDomainsReady=yes absoluteSupported=no relativeSupported=yes targetStage=IMAGE_FIRST_PIXEL_OUT timeDomain=PRESENT_STAGE_LOCAL domainId=1000208000 frameIntervalNs=16666667 refreshIntervalNs=1868200 dynamics=FRR relativeQuanta=0 baselineId=2562 baselineSequence=29 baselineTime=46178495769800 targetValue=14956000 fallback=none
[Vulkan] present JIT: policy=JustInTime authority=GenericPresentTiming state=TargetSchedulingActive targetScheduling=capable targetMode=relative boundedWait=on optionalWait=available timingReady=yes timeDomainsReady=yes absoluteSupported=no relativeSupported=yes targetStage=IMAGE_FIRST_PIXEL_OUT timeDomain=PRESENT_STAGE_LOCAL domainId=1000208000 frameIntervalNs=16666667 refreshIntervalNs=1868200 dynamics=FRR relativeQuanta=0 baselineId=2562 baselineSequence=29 baselineTime=46178495769800 targetValue=14945600 fallback=none
[Vulkan] NVIDIA Reflex mode=off lowLatencyMode=false lowLatencyBoost=false
[Vulkan] swapchain ready: generic present pacing: policy=JustInTime authority=GenericHost caps2=yes present-id2=yes present-wait2=yes present-timing=yes absolute-timing=no relative-timing=yes target-stage=IMAGE_FIRST_PIXEL_OUT timing-queue=16 fifo-latest-ready=no presentMode=2 reason=available capabilities are optional
[Vulkan] presentation: requested-vsync=on available-present-modes=FIFO,FIFO_RELAXED,MAILBOX,IMMEDIATE,FIFO_LATEST_READY selected-present-mode=FIFO swapchain-images=3 extent=704x476 format=44 window-mode=windowed reason=VSync on: FIFO; VRR actual state is driver/display controlled
[Vulkan] present JIT: policy=JustInTime authority=GenericPresentTiming state=TargetSchedulingActive targetScheduling=capable targetMode=relative boundedWait=on optionalWait=available timingReady=yes timeDomainsReady=yes absoluteSupported=no relativeSupported=yes targetStage=IMAGE_FIRST_PIXEL_OUT timeDomain=PRESENT_STAGE_LOCAL domainId=1000208000 frameIntervalNs=16666667 refreshIntervalNs=1893200 dynamics=FRR relativeQuanta=0 baselineId=1 baselineSequence=1 baselineTime=46178947457100 targetValue=14914400 fallback=none
[Vulkan] NVIDIA Reflex mode=off lowLatencyMode=false lowLatencyBoost=false
[Vulkan] swapchain ready: generic present pacing: policy=JustInTime authority=GenericHost caps2=yes present-id2=yes present-wait2=yes present-timing=yes absolute-timing=no relative-timing=yes target-stage=IMAGE_FIRST_PIXEL_OUT timing-queue=16 fifo-latest-ready=no presentMode=2 reason=available capabilities are optional
[Vulkan] presentation: requested-vsync=on available-present-modes=FIFO,FIFO_RELAXED,MAILBOX,IMMEDIATE,FIFO_LATEST_READY selected-present-mode=FIFO swapchain-images=3 extent=704x476 format=44 window-mode=windowed reason=VSync on: FIFO; VRR actual state is driver/display controlled
[Vulkan] present JIT: policy=JustInTime authority=GenericPresentTiming state=TargetSchedulingActive targetScheduling=capable targetMode=relative boundedWait=on optionalWait=available timingReady=yes timeDomainsReady=yes absoluteSupported=no relativeSupported=yes targetStage=IMAGE_FIRST_PIXEL_OUT timeDomain=PRESENT_STAGE_LOCAL domainId=1000208000 frameIntervalNs=16666667 refreshIntervalNs=1868200 dynamics=FRR relativeQuanta=0 baselineId=2646 baselineSequence=2 baselineTime=46179889704400 targetValue=15262400 fallback=none
[Vulkan] NVIDIA Reflex mode=off lowLatencyMode=false lowLatencyBoost=false
[Vulkan] swapchain ready: generic present pacing: policy=JustInTime authority=GenericHost caps2=yes present-id2=yes present-wait2=yes present-timing=yes absolute-timing=no relative-timing=yes target-stage=IMAGE_FIRST_PIXEL_OUT timing-queue=16 fifo-latest-ready=no presentMode=2 reason=available capabilities are optional
[Vulkan] presentation: requested-vsync=on available-present-modes=FIFO,FIFO_RELAXED,MAILBOX,IMMEDIATE,FIFO_LATEST_READY selected-present-mode=FIFO swapchain-images=3 extent=2560x1440 format=44 window-mode=windowed reason=VSync on: FIFO; VRR actual state is driver/display controlled
[Vulkan] present JIT: policy=JustInTime authority=GenericPresentTiming state=TargetSchedulingActive targetScheduling=capable targetMode=relative boundedWait=on optionalWait=available timingReady=yes timeDomainsReady=yes absoluteSupported=no relativeSupported=yes targetStage=IMAGE_FIRST_PIXEL_OUT timeDomain=PRESENT_STAGE_LOCAL domainId=1000208000 frameIntervalNs=16666667 refreshIntervalNs=1850900 dynamics=FRR relativeQuanta=0 baselineId=1 baselineSequence=1 baselineTime=46181733463700 targetValue=14867200 fallback=none
[Vulkan] NVIDIA Reflex mode=off lowLatencyMode=false lowLatencyBoost=false
[Vulkan] swapchain ready: generic present pacing: policy=JustInTime authority=GenericHost caps2=yes present-id2=yes present-wait2=yes present-timing=yes absolute-timing=no relative-timing=yes target-stage=IMAGE_FIRST_PIXEL_OUT timing-queue=16 fifo-latest-ready=no presentMode=2 reason=available capabilities are optional
[Vulkan] presentation: requested-vsync=on available-present-modes=FIFO,FIFO_RELAXED,MAILBOX,IMMEDIATE,FIFO_LATEST_READY selected-present-mode=FIFO swapchain-images=3 extent=704x477 format=44 window-mode=windowed reason=VSync on: FIFO; VRR actual state is driver/display controlled
[Vulkan] present JIT: policy=JustInTime authority=GenericPresentTiming state=TargetSchedulingActive targetScheduling=capable targetMode=relative boundedWait=on optionalWait=available timingReady=yes timeDomainsReady=yes absoluteSupported=no relativeSupported=yes targetStage=IMAGE_FIRST_PIXEL_OUT timeDomain=PRESENT_STAGE_LOCAL domainId=1000208000 frameIntervalNs=16666667 refreshIntervalNs=1851800 dynamics=FRR relativeQuanta=0 baselineId=2817 baselineSequence=2 baselineTime=46182741220900 targetValue=15000000 fallback=none
[Vulkan] NVIDIA Reflex mode=off lowLatencyMode=false lowLatencyBoost=false
[Vulkan] swapchain ready: generic present pacing: policy=JustInTime authority=GenericHost caps2=yes present-id2=yes present-wait2=yes present-timing=yes absolute-timing=no relative-timing=yes target-stage=IMAGE_FIRST_PIXEL_OUT timing-queue=16 fifo-latest-ready=no presentMode=2 reason=available capabilities are optional
[Vulkan] presentation: requested-vsync=on available-present-modes=FIFO,FIFO_RELAXED,MAILBOX,IMMEDIATE,FIFO_LATEST_READY selected-present-mode=FIFO swapchain-images=3 extent=2560x1440 format=44 window-mode=windowed reason=VSync on: FIFO; VRR actual state is driver/display controlled
[Vulkan] present JIT: policy=JustInTime authority=GenericPresentTiming state=TargetSchedulingActive targetScheduling=capable targetMode=relative boundedWait=on optionalWait=available timingReady=yes timeDomainsReady=yes absoluteSupported=no relativeSupported=yes targetStage=IMAGE_FIRST_PIXEL_OUT timeDomain=PRESENT_STAGE_LOCAL domainId=1000208000 frameIntervalNs=16666667 refreshIntervalNs=1851400 dynamics=FRR relativeQuanta=0 baselineId=2878 baselineSequence=2 baselineTime=46183755666400 targetValue=15474400 fallback=none
[Vulkan] NVIDIA Reflex mode=off lowLatencyMode=false lowLatencyBoost=false
[Vulkan] swapchain ready: generic present pacing: policy=JustInTime authority=GenericHost caps2=yes present-id2=yes present-wait2=yes present-timing=yes absolute-timing=no relative-timing=yes target-stage=IMAGE_FIRST_PIXEL_OUT timing-queue=16 fifo-latest-ready=no presentMode=2 reason=available capabilities are optional
[Vulkan] presentation: requested-vsync=on available-present-modes=FIFO,FIFO_RELAXED,MAILBOX,IMMEDIATE,FIFO_LATEST_READY selected-present-mode=FIFO swapchain-images=3 extent=704x477 format=44 window-mode=windowed reason=VSync on: FIFO; VRR actual state is driver/display controlled
[Vulkan] present JIT: policy=JustInTime authority=GenericPresentTiming state=TargetSchedulingActive targetScheduling=capable targetMode=relative boundedWait=on optionalWait=available timingReady=yes timeDomainsReady=yes absoluteSupported=no relativeSupported=yes targetStage=IMAGE_FIRST_PIXEL_OUT timeDomain=PRESENT_STAGE_LOCAL domainId=1000208000 frameIntervalNs=16666667 refreshIntervalNs=1950800 dynamics=FRR relativeQuanta=0 baselineId=1 baselineSequence=1 baselineTime=46184745492300 targetValue=16656300 fallback=none
[Vulkan] NVIDIA Reflex mode=off lowLatencyMode=false lowLatencyBoost=false
[Vulkan] swapchain ready: generic present pacing: policy=JustInTime authority=GenericHost caps2=yes present-id2=yes present-wait2=yes present-timing=yes absolute-timing=no relative-timing=yes target-stage=IMAGE_FIRST_PIXEL_OUT timing-queue=16 fifo-latest-ready=no presentMode=2 reason=available capabilities are optional
[Vulkan] presentation: requested-vsync=on available-present-modes=FIFO,FIFO_RELAXED,MAILBOX,IMMEDIATE,FIFO_LATEST_READY selected-present-mode=FIFO swapchain-images=3 extent=2560x1440 format=44 window-mode=windowed reason=VSync on: FIFO; VRR actual state is driver/display controlled
[Vulkan] present JIT: policy=JustInTime authority=GenericPresentTiming state=TargetSchedulingActive targetScheduling=capable targetMode=relative boundedWait=on optionalWait=available timingReady=yes timeDomainsReady=yes absoluteSupported=no relativeSupported=yes targetStage=IMAGE_FIRST_PIXEL_OUT timeDomain=PRESENT_STAGE_LOCAL domainId=1000208000 frameIntervalNs=16666667 refreshIntervalNs=2026300 dynamics=FRR relativeQuanta=0 baselineId=1 baselineSequence=1 baselineTime=46185746976400 targetValue=16210400 fallback=none
[Vulkan] Reflex timings: reports=8 presentID=2991 sim=1786622012552435..1786622012556283 renderSubmit=1786622012556461..1786622012556533 present=1786622012556534..1786622012556588 gpuRender=1786622012556529..1786622012572317 inputSample=1786622012552407
[Vulkan] NVIDIA Reflex mode=off lowLatencyMode=false lowLatencyBoost=false
[Vulkan] swapchain ready: generic present pacing: policy=JustInTime authority=GenericHost caps2=yes present-id2=yes present-wait2=yes present-timing=yes absolute-timing=no relative-timing=yes target-stage=IMAGE_FIRST_PIXEL_OUT timing-queue=16 fifo-latest-ready=no presentMode=2 reason=available capabilities are optional
[Vulkan] presentation: requested-vsync=on available-present-modes=FIFO,FIFO_RELAXED,MAILBOX,IMMEDIATE,FIFO_LATEST_READY selected-present-mode=FIFO swapchain-images=3
