run_id,sample_index,present_id,input_sample_time_us,sim_start_time_us,sim_end_time_us,render_submit_start_time_us,render_submit_end_time_us,present_start_time_us,present_end_time_us,gpu_render_start_time_us,gpu_render_end_time_us,policy,authority,reflex_mode,target_scheduling,bounded_wait,bounded_wait_attempted,present_mode,fallback_reason,swapchain_generation,target_mode,target_value_ns,target_generation_refresh_interval_ns,target_generation_refresh_duration_ns,relative_quanta,relative_accumulator_before_ns,relative_accumulator_after_ns,feedback_present_id,feedback_stage_time_ns,baseline_sequence,present_sequence,frame_interval_ns,wait_timeout_count,timing_queue_size,timing_queue_full_count,timing_queue_recovery_count
20260813_NV_A2_SMOKE_R0,0,1,453076,0,457493,599636,599700,599700,599744,0,0,2,0,0,0,1,0,2,15,2,0,0,0,0,0,0,0,0,0,0,1,16666667,0,16,0
20260813_NV_A2_SMOKE_R0,1,2,601100,601301,614866,615588,615615,615616,615662,0,0,2,3,0,1,1,1,2,0,2,2,1849900,1849900,1849900,1,0,1000000,0,0,0,2,1000000,1,16,0
20260813_NV_A2_SMOKE_R0,2,3,617056,617075,618769,618800,618809,618809,618850,0,0,2,3,0,1,1,1,2,0,2,2,16612200,1845800,1845800,9,0,54467,0,0,0,3,16666667,2,16,0
20260813_NV_A2_SMOKE_R0,3,4,632287,632307,633985,634016,634024,634024,634053,0,0,2,3,0,1,1,1,2,0,2,2,16650000,1850000,1850000,9,0,16667,2,46045785124000,2,4,16666667,2,16,0
20260813_NV_A2_SMOKE_R0,4,5,648806,648832,654926,654974,654989,654989,655005,0,0,2,3,0,1,1,1,2,0,2,2,16648200,1849800,1849800,9,0,18467,2,46045785124000,2,5,16666667,2,16,0
20260813_NV_A2_SMOKE_R0,5,6,665470,665487,667595,667630,667640,667640,667653,0,0,2,3,0,1,1,1,2,0,2,2,16656300,1850700,1850700,9,0,10367,2,46045785124000,2,6,16666667,2,16,0
20260813_NV_A2_SMOKE_R0,6,7,682154,682178,683634,683674,683683,683684,683701,0,0,2,3,0,1,1,1,2,0,2,2,16655400,1850600,1850600,9,0,11267,2,46045785124000,2,7,16666667,2,16,0
20260813_NV_A2_SMOKE_R0,7,8,698837,698868,701016,701065,701079,701080,701102,0,0,2,3,0,1,1,1,2,0,2,2,16649100,1849900,1849900,9,0,17567,2,46045785124000,2,8,16666667,2,16,0
20260813_NV_A2_SMOKE_R0,8,9,715522,715561,725232,725268,725280,725280,725294,0,0,2,3,0,1,1,1,2,0,2,2,16657200,1850800,1850800,9,0,9467,2,46045785124000,2,9,16666667,2,16,0
20260813_NV_A2_SMOKE_R0,9,10,732142,732161,737442,737484,737499,737499,737513,0,0,2,3,0,1,1,1,2,0,2,2,16650000,1850000,1850000,9,0,16667,2,46045785124000,2,10,16666667,2,16,0
20260813_NV_A2_SMOKE_R0,10,11,748813,748833,751117,751150,751159,751160,751184,0,0,2,3,0,1,1,1,2,0,2,2,16654500,1850500,1850500,9,0,12167,2,46045785124000,2,11,16666667,2,16,0
20260813_NV_A2_SMOKE_R0,11,12,765488,765513,768050,768089,768098,768099,768112,0,0,2,3,0,1,1,1,2,0,2,2,16662600,1851400,1851400,9,0,4067,2,46045785124000,2,12,16666667,2,16,0
20260813_NV_A2_SMOKE_R0,12,13,782154,782176,784784,784821,784831,784831,784844,0,0,2,3,0,1,1,1,2,0,2,2,16543800,1838200,1838200,9,0,122867,2,46045785124000,2,13,16666667,2,16,0
20260813_NV_A2_SMOKE_R0,13,14,798835,798862,801926,801978,802033,802033,802056,0,0,2,3,0,1,1,1,2,0,2,2,16624800,1847200,1847200,9,0,41867,2,46045785124000,2,14,16666667,2,16,0
20260813_NV_A2_SMOKE_R0,14,15,815556,815615,823656,823694,823705,823705,823720,0,0,2,3,0,1,1,1,2,0,2,2,16654500,1850500,1850500,9,0,12167,2,46045785124000,2,15,16666667,2,16,0
20260813_NV_A2_SMOKE_R0,15,16,832240,832300,838099,838135,838144,838144,838158,0,0,2,3,0,1,1,1,2,0,2,2,16647300,1849700,1849700,9,0,19367,2,46045785124000,2,16,16666667,2,16,0
20260813_NV_A2_SMOKE_R0,16,17,849587,849640,854198,854270,854293,854294,854323,0,0,2,3,0,1,1,1,2,0,2,2,16652700,1850300,1850300,9,0,13967,2,46045785124000,2,17,16666667,2,16,0
20260813_NV_A2_SMOKE_R0,17,18,865581,865651,871293,871350,871368,871368,871398,0,0,2,3,0,1,1,1,2,0,2,2,16653600,1850400,1850400,9,0,13067,2,46045785124000,2,18,16666667,2,16,0
20260813_NV_A2_SMOKE_R0,18,19,882280,882318,886797,886856,886875,886875,886897,0,0,2,3,0,1,1,1,2,0,2,2,16637400,1848600,1848600,9,0,29267,2,46045785124000,2,19,16666667,2,16,0
20260813_NV_A2_SMOKE_R0,19,20,898841,898873,903282,903330,903345,903346,903366,0,0,2,3,0,1,1,1,2,0,2,2,16655400,1850600,1850600,9,0,11267,2,46045785124000,2,20,16666667,2,16,0
20260813_NV_A2_SMOKE_R0,20,21,915520,915559,921382,921465,921495,921496,921534,0,0,2,3,0,1,1,1,2,0,2,2,15233600,1904200,1904200,8,0,1433067,2,46045785124000,2,21,16666667,2,16,0
20260813_NV_A2_SMOKE_R0,21,22,932254,932320,938316,938379,938397,938398,938427,0,0,2,3,0,1,1,1,2,0,2,2,16649100,1849900,1849900,9,0,17567,2,46045785124000,2,22,16666667,2,16,0
20260813_NV_A2_SMOKE_R0,22,23,948854,948896,953617,953673,953691,953692,953722,0,0,2,3,0,1,1,1,2,0,2,2,16662600,1851400,1851400,9,0,4067,22,46046107227100,22,23,16666667,2,16,0
20260813_NV_A2_SMOKE_R0,23,24,965543,965593,971129,971187,971204,971205,971235,0,0,2,3,0,1,1,1,2,0,2,2,16574400,1841600,1841600,9,0,92267,22,46046107227100,22,24,16666667,2,16,0
20260813_NV_A2_SMOKE_R0,24,25,982167,982196,984690,984732,984742,984742,984757,0,0,2,3,0,1,1,1,2,0,2,2,16632900,1848100,1848100,9,0,33767,24,46046140533900,24,25,16666667,2,16,0
20260813_NV_A2_SMOKE_R0,25,26,998866,998902,1002040,1002087,1002098,1002098,1002120,0,0,2,3,0,1,1,1,2,0,2,2,16654500,1850500,1850500,9,0,12167,24,46046140533900,24,26,16666667,2,16,0
20260813_NV_A2_SMOKE_R0,26,27,1015503,1015530,1018969,1019006,1019019,1019019,1019034,0,0,2,3,0,1,1,1,2,0,2,2,16655400,1850600,1850600,9,0,11267,24,46046140533900,24,27,16666667,2,16,0
20260813_NV_A2_SMOKE_R0,27,28,1032152,1032180,1036316,1036349,1036358,1036359,1036374,0,0,2,3,0,1,1,1,2,0,2,2,16655400,1850600,1850600,9,11267,22534,24,46046140533900,24,28,16666667,2,16,0
20260813_NV_A2_SMOKE_R0,28,29,1048821,1048842,1051505,1051537,1051546,1051546,1051559,0,0,2,3,0,1,1,1,2,0,2,2,16657200,1850800,1850800,9,0,9467,24,46046140533900,24,29,16666667,2,16,0
20260813_NV_A2_SMOKE_R0,29,30,1065483,1065505,1067810,1067843,1067854,1067854,1067867,0,0,2,3,0,1,1,1,2,0,2,2,16645500,1849500,1849500,9,0,21167,24,46046140533900,24,30,16666667,2,16,0
20260813_NV_A2_SMOKE_R0,30,31,1082177,1082208,1085173,1085297,1085357,1085358,1085394,0,0,2,3,0,1,1,1,2,0,2,2,16651800,1850200,1850200,9,0,14867,24,46046140533900,24,31,16666667,2,16,0
20260813_NV_A2_SMOKE_R0,31,32,1098897,1098951,1103026,1103107,1103131,1103132,1103167,0,0,2,3,0,1,1,1,2,0,2,2,15080000,1885000,1885000,8,0,1586667,24,46046140533900,24,32,16666667,2,16,0
20260813_NV_A2_SMOKE_R0,32,33,1116146,1116216,1121443,1121560,1121595,1121597,1121653,0,0,2,3,0,1,1,1,2,0,2,2,16652700,1850300,1850300,9,0,13967,24,46046140533900,24,33,16666667,2,16,0
20260813_NV_A2_SMOKE_R0,33,34,1132273,1132361,1138452,1138488,1138499,1138499,1138513,0,0,2,3,0,1,1,1,2,0,2,2,16662600,1851400,1851400,9,0,4067,33,46046290497900,33,34,16666667,2,16,0
20260813_NV_A2_SMOKE_R0,34,35,1148879,1148925,1157177,1157209,1157218,1157219,1157234,0,0,2,3,0,1,1,1,2,0,2,2,16584300,1842700,1842700,9,0,82367,33,46046290497900,33,35,16666667,2,16,0
20260813_NV_A2_SMOKE_R0,35,36,1165497,1165525,1169708,1169762,1169777,1169778,1169797,0,0,2,3,0,1,1,1,2,0,2,2,16634700,1848300,1848300,9,0,31967,33,46046290497900,33,36,16666667,2,16,0
20260813_NV_A2_SMOKE_R0,36,37,1182189,1182231,1187966,1188051,1188076,1188076,1188117,0,0,2,3,0,1,1,1,2,0,2,2,16656300,1850700,1850700,9,0,10367,33,46046290497900,33,37,16666667,2,16,0
20260813_NV_A2_SMOKE_R0,37,38,1198966,1199029,1204754,1204862,1204895,1204896,1204945,0,0,2,3,0,1,1,1,2,0,2,2,16655400,1850600,1850600,9,0,11267,33,46046290497900,33,38,16666667,2,16,0
20260813_NV_A2_SMOKE_R0,38,39,1215617,1215698,1221234,1221326,1221355,1221356,1221388,0,0,2,3,0,1,1,1,2,0,2,2,16665300,1851700,1851700,9,0,1367,33,46046290497900,33,39,16666667,2,16,0
20260813_NV_A2_SMOKE_R0,39,40,1232244,1232314,1237407,1237438,1237469,1237469,1237480,0,0,2,3,0,1,1,1,2,0,2,2,16597800,1844200,1844200,9,0,68867,33,46046290497900,33,40,16666667,2,16,0
20260813_NV_A2_SMOKE_R0,40,41,1248928,1248993,1254232,1254324,1254354,1254355,1254396,0,0,2,3,0,1,1,1,2,0,2,2,16638300,1848700,1848700,9,0,28367,33,46046290497900,33,41,16666667,2,16,0
20260813_NV_A2_SMOKE_R0,41,42,1265566,1265623,1271369,1271516,1271582,1271584,1271631,0,0,2,3,0,1,1,1,2,0,2,2,16656300,1850700,1850700,9,0,10367,33,46046290497900,33,42,16666667,2,16,0
20260813_NV_A2_SMOKE_R0,42,43,1282220,1282282,1291726,1291771,1291785,1291785,1291801,0,0,2,3,0,1,1,1,2,0,2,2,16655400,1850600,1850600,9,0,11267,33,46046290497900,33,43,16666667,2,16,0
20260813_NV_A2_SMOKE_R0,43,44,1298820,1298841,1302612,1302665,1302681,1302682,1302702,0,0,2,3,0,1,1,1,2,0,2,2,15265600,1908200,1908200,8,0,1401067,43,46046460784500,43,44,16666667,2,16,0
20260813_NV_A2_SMOKE_R0,44,45,1315545,1315594,1320853,1320899,1320913,1320913,1320931,0,0,2,3,0,1,1,1,2,0,2,2,15834400,1979300,1979300,8,0,832267,44,46046475614100,44,45,16666667,2,16,0
20260813_NV_A2_SMOKE_R0,45,46,1332343,1332367,1335278,1335316,1335327,1335327,1335344,0,0,2,3,0,1,1,1,2,0,2,2,16651800,1850200,1850200,9,0,14867,45,46046492275400,45,46,16666667,2,16,0
20260813_NV_A2_SMOKE_R0,46,47,1348869,1348918,1355499,1355536,1355545,1355546,1355560,0,0,2,3,0,1,1,1,2,0,2,2,16652700,1850300,1850300,9,0,13967,45,46046492275400,45,47,16666667,2,16,0
20260813_NV_A2_SMOKE_R0,47,48,1365544,1365580,1369712,1369746,1369756,1369756,1369771,0,0,2,3,0,1,1,1,2,0,2,2,16658100,1850900,1850900,9,0,8567,45,46046492275400,45,48,16666667,2,16,0
20260813_NV_A2_SMOKE_R0,48,49,1382183,1382218,1387956,1388011,1388029,1388029,1388056,0,0,2,3,0,1,1,1,2,0,2,2,16659900,1851100,1851100,9,0,6767,45,46046492275400,45,49,16666667,2,16,0
20260813_NV_A2_SMOKE_R0,49,50,1398949,1398991,1406301,1406337,1406348,1406349,1406362,0,0,2,3,0,1,1,1,2,0,2,2,16665300,1851700,1851700,9,0,1367,45,46046492275400,45,50,16666667,2,16,0
20260813_NV_A2_SMOKE_R0,50,51,1415499,1415530,1418438,1418506,1418529,1418530,1418554,0,0,2,3,0,1,1,1,2,0,2,2,16607700,1845300,1845300,9,0,58967,45,46046492275400,45,51,16666667,2,16,0
20260813_NV_A2_SMOKE_R0,51,52,1432215,1432263,1436698,1436771,1436795,1436795,1436821,0,0,2,3,0,1,1,1,2,0,2,2,16658100,1850900,1850900,9,0,8567,45,46046492275400,45,52,16666667,2,16,0
20260813_NV_A2_SMOKE_R0,52,53,1448835,1448872,1453669,1453752,1453821,1453822,1453860,0,0,2,3,0,1,1,1,2,0,2,2,16658100,1850900,1850900,9,8567,17134,45,46046492275400,45,53,16666667,2,16,0
20260813_NV_A2_SMOKE_R0,53,54,1465603,1465684,1473681,1473717,1473729,1473730,1473745,0,0,2,3,0,1,1,1,2,0,2,2,16664400,1851600,1851600,9,0,2267,45,46046492275400,45,54,16666667,2,16,0
20260813_NV_A2_SMOKE_R0,54,55,1482166,1482196,1485979,1486042,1486064,1486065,1486089,0,0,2,3,0,1,1,1,2,0,2,2,16540800,2067600,2067600,8,0,125867,54,46046642190300,54,55,16666667,2,16,0
20260813_NV_A2_SMOKE_R0,55,56,1498894,1498952,1504135,1504179,1504196,1504197,1504213,0,0,2,3,0,1,1,1,2,0,2,2,16413600,2051700,2051700,8,0,253067,55,46046658885100,55,56,16666667,2,16,0
20260813_NV_A2_SMOKE_R0,56,57,1515496,1515523,1518677,1518716,1518730,1518730,1518747,0,0,2,3,0,1,1,1,2,0,2,2,16651800,1850200,1850200,9,0,14867,56,46046671834700,56,57,16666667,2,16,0
20260813_NV_A2_SMOKE_R0,57,58,1532172,1532202,1535421,1535477,1535489,1535490,1535508,0,0,2,3,0,1,1,1,2,0,2,2,16660800,1851200,1851200,9,0,5867,56,46046671834700,56,58,16666667,2,16,0
20260813_NV_A2_SMOKE_R0,58,59,1548964,1549015,1553168,1553250,1553279,1553280,1553316,0,0,2,3,0,1,1,1,2,0,2,2,16657200,1850800,1850800,9,0,9467,56,46046671834700,56,59,16666667,2,16,0
20260813_NV_A2_SMOKE_R0,59,60,1565595,1565676,1571365,1571427,1571445,1571446,1571474,0,0,2,3,0,1,1,1,2,0,2,2,14819200,1852400,1852400,8,0,1847467,56,46046671834700,56,60,16666667,2,16,0
20260813_NV_A2_SMOKE_R0,60,61,1582209,1582308,1587727,1587798,1587818,1587818,1587845,0,0,2,3,0,1,1,1,2,0,2,2,16660800,1851200,1851200,9,0,5867,56,46046671834700,56,61,16666667,2,16,0
20260813_NV_A2_SMOKE_R0,61,62,1599160,1599221,1605573,1605675,1605719,1605720,1605767,0,0,2,3,0,1,1,1,2,0,2,2,14679000,2097000,2097000,7,0,1987667,61,46046756979300,61,62,16666667,2,16,0
20260813_NV_A2_SMOKE_R0,62,63,1615635,1615712,1621948,1622016,1622037,1622038,1622065,0,0,2,3,0,1,1,1,2,0,2,2,16651800,1850200,1850200,9,0,14867,62,46046775491800,62,63,16666667,2,16,0
20260813_NV_A2_SMOKE_R0,63,64,1632207,1632249,1636023,1636070,1636084,1636085,1636107,0,0,2,3,0,1,1,1,2,0,2,2,16647300,1849700,1849700,9,0,19367,63,46046790295600,63,64,16666667,2,16,0
20260813_NV_A2_SMOKE_R0,64,65,1648839,1648873,1652071,1652113,1652125,1652126,1652147,0,0,2,3,0,1,1,1,2,0,2,2,16654500,1850500,1850500,9,0,12167,63,46046790295600,63,65,16666667,2,16,0
20260813_NV_A2_SMOKE_R0,65,66,1665540,1665589,1671375,1671470,1671499,1671500,1671545,0,0,2,3,0,1,1,1,2,0,2,2,15122400,1890300,1890300,8,0,1544267,63,46046790295600,63,66,16666667,2,16,0
20260813_NV_A2_SMOKE_R0,66,67,1682209,1682259,1686364,1686446,1686462,1686462,1686484,0,0,2,3,0,1,1,1,2,0,2,2,16237600,2029700,2029700,8,0,429067,63,46046790295600,63,67,16666667,2,16,0
20260813_NV_A2_SMOKE_R0,67,68,1698865,1698905,1704191,1704272,1704294,1704294,1704327,0,0,2,3,0,1,1,1,2,0,2,2,15496800,1937100,1937100,8,0,1169867,67,46046856941000,67,68,16666667,2,16,0
20260813_NV_A2_SMOKE_R0,68,69,1715486,1715510,1718185,1718237,1718254,1718254,1718276,0,0,2,3,0,1,1,1,2,0,2,2,16616700,1846300,1846300,9,0,49967,68,46046873618100,68,69,16666667,2,16,0
20260813_NV_A2_SMOKE_R0,69,70,1732206,1732248,1735976,1736022,1736035,1736035,1736054,0,0,2,3,0,1,1,1,2,0,2,2,16646400,1849600,1849600,9,0,20267,69,46046886567500,69,70,16666667,2,16,0
20260813_NV_A2_SMOKE_R0,70,71,1748836,1748867,1751534,1751577,1751588,1751588,1751608,0,0,2,3,0,1,1,1,2,0,2,2,16649100,1849900,1849900,9,0,17567,70,46046905081600,70,71,16666667,2,16,0
20260813_NV_A2_SMOKE_R0,71,72,1765516,1765548,1771873,1771917,1771928,1771929,1771944,0,0,2,3,0,1,1,1,2,0,2,2,15084000,1885500,1885500,8,0,1582667,70,46046905081600,70,72,16666667,2,16,0
20260813_NV_A2_SMOKE_R0,72,73,1782150,1782172,1784296,1784332,1784345,1784345,1784359,0,0,2,3,0,1,1,1,2,0,2,2,15984800,1998100,1998100,8,0,681867,70,46046905081600,70,73,16666667,2,16,0
20260813_NV_A2_SMOKE_R0,73,74,1798840,1798871,1801737,1801775,1801787,1801788,1801806,0,0,2,3,0,1,1,1,2,0,2,2,15453600,1931700,1931700,8,0,1213067,73,46046953218800,73,74,16666667,2,16,0
20260813_NV_A2_SMOKE_R0,74,75,1815513,1815550,1819239,1819329,1819366,1819367,1819416,0,0,2,3,0,1,1,1,2,0,2,2,16616700,1846300,1846300,9,0,49967,74,46046969880900,74,75,16666667,2,16,0
20260813_NV_A2_SMOKE_R0,75,76,1832275,1832346,1838331,1838389,1838407,1838407,1838431,0,0,2,3,0,1,1,1,2,0,2,2,16648200,1849800,1849800,9,0,18467,75,46046988408900,75,76,16666667,2,16,0
20260813_NV_A2_SMOKE_R0,76,77,1848845,1848880,1853075,1853151,1853187,1853188,1853215,0,0,2,3,0,1,1,1,2,0,2,2,16649100,1849900,1849900,9,0,17567,75,46046988408900,75,77,16666667,2,16,0
20260813_NV_A2_SMOKE_R0,77,78,1865568,1865622,1870407,1870466,1870490,1870491,1870524,0,0,2,3,0,1,1,1,2,0,2,2,15250400,1906300,1906300,8,0,1416267,75,46046988408900,75,78,16666667,2,16,0
20260813_NV_A2_SMOKE_R0,78,79,1882223,1882274,1885935,1885990,1886007,1886007,1886030,0,0,2,3,0,1,1,1,2,0,2,2,15140800,1892600,1892600,8,0,1525867,75,46046988408900,75,79,16666667,2,16,0
20260813_NV_A2_SMOKE_R0,79,80,1898856,1898907,1902490,1902535,1902549,1902549,1902579,0,0,2,3,0,1,1,1,2,0,2,2,16658100,1850900,1850900,9,0,8567,79,46047055021200,79,80,16666667,2,16,0
20260813_NV_A2_SMOKE_R0,80,81,1915523,1915560,1918533,1918586,1918600,1918601,1918619,0,0,2,3,0,1,1,1,2,0,2,2,16536800,2067100,2067100,8,0,129867,80,46047071694200,80,81,16666667,2,16,0
20260813_NV_A2_SMOKE_R0,81,82,1932186,1932221,1935440,1935491,1935506,1935507,1935530,0,0,2,3,0,1,1,1,2,0,2,2,16652700,1850300,1850300,9,0,13967,81,46047086507500,81,82,16666667,2,16,0
20260813_NV_A2_SMOKE_R0,82,83,1948854,1948890,1952285,1952345,1952363,1952364,1952386,0,0,2,3,0,1,1,1,2,0,2,2,16659000,1851000,1851000,9,0,7667,82,46047103161100,82,83,16666667,2,16,0
20260813_NV_A2_SMOKE_R0,83,84,1965657,1965712,1971289,1971394,1971433,1971434,1971481,0,0,2,3,0,1,1,1,2,0,2,2,15547200,1943400,1943400,8,0,1119467,82,46047103161100,82,84,16666667,2,16,0
20260813_NV_A2_SMOKE_R0,84,85,1982300,1982380,1987981,1988061,1988089,1988090,1988123,0,0,2,3,0,1,1,1,2,0,2,2,15908800,1988600,1988600,8,0,757867,82,46047103161100,82,85,16666667,2,16,0
20260813_NV_A2_SMOKE_R0,85,86,1998892,1998949,2002710,2002759,2002781,2002782,2002826,0,0,2,3,0,1,1,1,2,0,2,2,15772800,1971600,1971600,8,0,893867,82,46047103161100,82,86,16666667,2,16,0
20260813_NV_A2_SMOKE_R0,86,87,2015519,2015560,2018674,2018720,2018735,2018735,2018752,0,0,2,3,0,1,1,1,2,0,2,2,15412800,1926600,1926600,8,0,1253867,86,46047171644200,86,87,16666667,2,16,0
20260813_NV_A2_SMOKE_R0,87,88,2032204,2032257,2038092,2038190,2038223,2038224,2038269,0,0,2,3,0,1,1,1,2,0,2,2,16619400,1846600,1846600,9,0,47267,87,46047188315100,87,88,16666667,2,16,0
20260813_NV_A2_SMOKE_R0,88,89,2048932,2049002,2054843,2054929,2054956,2054956,2054995,0,0,2,3,0,1,1,1,2,0,2,2,16648200,1849800,1849800,9,0,18467,88,46047206822700,88,89,16666667,2,16,0
20260813_NV_A2_SMOKE_R0,89,90,2065504,2065541,2070434,2070506,2070535,2070536,2070568,0,0,2,3,0,1,1,1,2,0,2,2,16648200,1849800,1849800,9,18467,36934,88,46047206822700,88,90,16666667,2,16,0
20260813_NV_A2_SMOKE_R0,90,91,2082656,2082710,2088005,2088115,2088154,2088155,2088195,0,0,2,3,0,1,1,1,2,0,2,2,15144800,1893100,1893100,8,0,1521867,90,46047240139900,90,91,16666667,2,16,0
20260813_NV_A2_SMOKE_R0,91,92,2098857,2098899,2103577,2103652,2103677,2103678,2103710,0,0,2,3,0,1,1,1,2,0,2,2,15046400,1880800,1880800,8,0,1620267,90,46047240139900,90,92,16666667,2,16,0
20260813_NV_A2_SMOKE_R0,92,93,2115575,2115632,2119721,2119775,2119795,2119795,2119818,0,0,2,3,0,1,1,1,2,0,2,2,15266400,1908300,1908300,8,0,1400267,92,46047271592400,92,93,16666667,2,16,0
20260813_NV_A2_SMOKE_R0,93,94,2132192,2132234,2137170,2137265,2137295,2137296,2137341,0,0,2,3,0,1,1,1,2,0,2,2,16428800,2053600,2053600,8,0,237867,93,46047288288000,93,94,16666667,2,16,0
20260813_NV_A2_SMOKE_R0,94,95,2148901,2148960,2153951,2154024,2154049,2154050,2154093,0,0,2,3,0,1,1,1,2,0,2,2,16652700,1850300,1850300,9,0,13967,94,46047306796200,94,95,16666667,2,16,0
20260813_NV_A2_SMOKE_R0,95,96,2165550,2165603,2171527,2171616,2171647,2171648,2171687,0,0,2,3,0,1,1,1,2,0,2,2,16659000,1851000,1851000,9,0,7667,94,46047306796200,94,96,16666667,2,16,0
20260813_NV_A2_SMOKE_R0,96,97,2182242,2182305,2188713,2188745,2188756,2188756,2188770,0,0,2,3,0,1,1,1,2,0,2,2,15461600,1932700,1932700,8,0,1205067,94,46047306796200,94,97,16666667,2,16,0
20260813_NV_A2_SMOKE_R0,97,98,2199169,2199237,2205005,2205075,2205099,2205099,2205130,0,0,2,3,0,1,1,1,2,0,2,2,15840000,1980000,1980000,8,0,826667,94,46047306796200,94,98,16666667,2,16,0
20260813_NV_A2_SMOKE_R0,98,99,2215564,2215622,2221567,2221661,2221691,2221692,2221749,0,0,2,3,0,1,1,1,2,0,2,2,15653600,1956700,1956700,8,0,1013067,98,46047373428700,98,99,16666667,2,16,0
20260813_NV_A2_SMOKE_R0,99,100,2232221,2232275,2238244,2238333,2238363,2238364,2238401,0,0,2,3,0,1,1,1,2,0,2,2,15374400,1921800,1921800,8,0,1292267,99,46047390104700,99,100,16666667,2,16,0
20260813_NV_A2_SMOKE_R0,100,101,2248886,2248944,2253984,2254063,2254098,2254099,2254130,0,0,2,3,0,1,1,1,2,0,2,2,16619400,1846600,1846600,9,0,47267,100,46047406753300,100,101,16666667,2,16,0
20260813_NV_A2_SMOKE_R0,101,102,2265531,2265575,2269321,2269374,2269392,2269392,2269414,0,0,2,3,0,1,1,1,2,0,2,2,16648200,1849800,1849800,9,0,18467,101,46047423426800,101,102,16666667,2,16,0
20260813_NV_A2_SMOKE_R0,102,103,2282202,2282239,2285227,2285272,2285287,2285288,2285308,0,0,2,3,0,1,1,1,2,0,2,2,16657200,1850800,1850800,9,0,9467,101,46047423426800,101,103,16666667,2,16,0
20260813_NV_A2_SMOKE_R0,103,104,2298851,2298890,2303825,2303910,2303939,2303940,2303975,0,0,2,3,0,1,1,1,2,0,2,2,15068800,1883600,1883600,8,0,1597867,101,46047423426800,101,104,16666667,2,16,0
20260813_NV_A2_SMOKE_R0,104,105,2315541,2315593,2319991,2320061,2320083,2320084,2320120,0,0,2,3,0,1,1,1,2,0,2,2,14992800,1874100,1874100,8,0,1673867,101,46047423426800,101,105,16666667,2,16,0
20260813_NV_A2_SMOKE_R0,105,106,2332205,2332252,2337338,2337412,2337435,2337436,2337479,0,0,2,3,0,1,1,1,2,0,2,2,16136000,2017000,2017000,8,0,530667,105,46047488194400,105,106,16666667,2,16,0
20260813_NV_A2_SMOKE_R0,106,107,2348894,2348948,2352884,2352948,2352970,2352971,2352998,0,0,2,3,0,1,1,1,2,0,2,2,16327200,2040900,2040900,8,0,339467,106,46047506723600,106,107,16666667,2,16,0
20260813_NV_A2_SMOKE_R0,107,108,2365582,2365636,2369764,2369819,2369842,2369842,2369866,0,0,2,3,0,1,1,1,2,0,2,2,16652700,1850300,1850300,9,0,13967,107,46047523378600,107,108,16666667,2,16,0
20260813_NV_A2_SMOKE_R0,108,109,2382220,2382265,2386096,2386150,2386168,2386169,2386192,0,0,2,3,0,1,1,1,2,0,2,2,16659900,1851100,1851100,9,0,6767,107,46047523378600,107,109,16666667,2,16,0
20260813_NV_A2_SMOKE_R0,109,110,2399317,2399362,2403307,2403388,2403421,2403422,2403461,0,0,2,3,0,1,1,1,2,0,2,2,15635200,1954400,1954400,8,0,1031467,107,46047523378600,107,110,16666667,2,16,0
20260813_NV_A2_SMOKE_R0,110,111,2415594,2415669,2422330,2422374,2422386,2422387,2422403,0,0,2,3,0,1,1,1,2,0,2,2,15906400,1988300,1988300,8,0,760267,107,46047523378600,107,111,16666667,2,16,0
20260813_NV_A2_SMOKE_R0,111,112,2432254,2432315,2436792,2436853,2436875,2436875,2436909,0,0,2,3,0,1,1,1,2,0,2,2,15502400,1937800,1937800,8,0,1164267,111,46047590019700,111,112,16666667,2,16,0
20260813_NV_A2_SMOKE_R0,112,113,2448866,2448910,2453310,2453386,2453415,2453416,2453450,0,0,2,3,0,1,1,1,2,0,2,2,15338400,1917300,1917300,8,0,1328267,112,46047604823900,112,113,16666667,2,16,0
20260813_NV_A2_SMOKE_R0,113,114,2465553,2465603,2469351,2469402,2469420,2469420,2469438,0,0,2,3,0,1,1,1,2,0,2,2,16621200,1846800,1846800,9,0,45467,113,46047621502100,113,114,16666667,2,16,0
20260813_NV_A2_SMOKE_R0,114,115,2482212,2482261,2487078,2487172,2487207,2487208,2487260,0,0,2,3,0,1,1,1,2,0,2,2,16649100,1849900,1849900,9,0,17567,114,46047638145500,114,115,16666667,2,16,0
20260813_NV_A2_SMOKE_R0,115,116,2498884,2498938,2504631,2504664,2504673,2504673,2504687,0,0,2,3,0,1,1,1,2,0,2,2,16657200,1850800,1850800,9,0,9467,115,46047656666700,115,116,16666667,2,16,0
20260813_NV_A2_SMOKE_R0,116,117,2515544,2515591,2520238,2520343,2520377,2520378,2520408,0,0,2,3,0,1,1,1,2,0,2,2,15011200,1876400,1876400,8,0,1655467,115,46047656666700,115,117,16666667,2,16,0
20260813_NV_A2_SMOKE_R0,117,118,2532216,2532273,2536182,2536241,2536258,2536259,2536284,0,0,2,3,0,1,1,1,2,0,2,2,14971200,1871400,1871400,8,0,1695467,115,46047656666700,115,118,16666667,2,16,0
20260813_NV_A2_SMOKE_R0,118,119,2548843,2548877,2551677,2551721,2551734,2551735,2551754,0,0,2,3,0,1,1,1,2,0,2,2,15972800,1996600,1996600,8,0,693867,118,46047704790100,118,119,16666667,2,16,0
20260813_NV_A2_SMOKE_R0,119,120,2565517,2565554,2568659,2568701,2568714,2568714,2568732,0,0,2,3,0,1,1,1,2,0,2,2,16232000,2029000,2029000,8,0,434667,119,46047719601800,119,120,16666667,2,16,0
20260813_NV_A2_SMOKE_R0,120,121,2582179,2582251,2586619,2586727,2586761,2586762,2586802,0,0,2,3,0,1,1,1,2,0,2,2,16652700,1850300,1850300,9,0,13967,120,46047738119700,120,121,16666667,2,16,0
20260813_NV_A2_SMOKE_R0,121,122,2599442,2599522,2606534,2606567,2606579,2606579,2606592,0,0,2,3,0,1,1,1,2,0,2,2,16659900,1851100,1851100,9,0,6767,121,46047756648000,121,122,16666667,2,16,0
20260813_NV_A2_SMOKE_R0,122,123,2616031,2616094,2622582,2622712,2622759,2622761,2622815,0,0,2,3,0,1,1,1,2,0,2,2,15491200,1936400,1936400,8,0,1175467,121,46047756648000,121,123,16666667,2,16,0
20260813_NV_A2_SMOKE_R0,123,124,2632265,2632354,2638614,2638651,2638662,2638663,2638678,0,0,2,3,0,1,1,1,2,0,2,2,14852600,2121800,2121800,7,0,1814067,121,46047756648000,121,124,16666667,2,16,0
20260813_NV_A2_SMOKE_R0,124,125,2648927,2648995,2655742,2655858,2655900,2655901,2655950,0,0,2,3,0,1,1,1,2,0,2,2,14613900,2087700,2087700,7,0,2052767,124,46047806557200,124,125,16666667,2,16,0
20260813_NV_A2_SMOKE_R0,125,126,2665518,2665555,2668548,2668588,2668602,2668602,2668623,0,0,2,3,0,1,1,1,2,0,2,2,15217600,1902200,1902200,8,0,1449067,125,46047826950400,125,126,16666667,2,16,0
20260813_NV_A2_SMOKE_R0,126,127,2682184,2682225,2685030,2685075,2685091,2685092,2685111,0,0,2,3,0,1,1,1,2,0,2,2,16621200,1846800,1846800,9,0,45467,126,46047839924400,126,127,16666667,2,16,0
20260813_NV_A2_SMOKE_R0,127,128,2698845,2698879,2701559,2701604,2701621,2701621,2701636,0,0,2,3,0,1,1,1,2,0,2,2,16636500,1848500,1848500,9,0,30167,127,46047852900400,127,128,16666667,2,16,0
20260813_NV_A2_SMOKE_R0,128,129,2715508,2715547,2718277,2718319,2718333,2718333,2718353,0,0,2,3,0,1,1,1,2,0,2,2,16655400,1850600,1850600,9,0,11267,127,46047852900400,127,129,16666667,2,16,0
20260813_NV_A2_SMOKE_R0,129,130,2732179,2732211,2735101,2735151,2735166,2735167,2735187,0,0,2,3,0,1,1,1,2,0,2,2,14964800,1870600,1870600,8,0,1701867,129,46047886207500,129,130,16666667,2,16,0
20260813_NV_A2_SMOKE_R0,130,131,2748861,2748906,2752125,2752177,2752197,2752197,2752218,0,0,2,3,0,1,1,1,2,0,2,2,14925600,1865700,1865700,8,0,1741067,129,46047886207500,129,131,16666667,2,16,0
20260813_NV_A2_SMOKE_R0,131,132,2765520,2765556,2768648,2768696,2768711,2768711,2768729,0,0,2,3,0,1,1,1,2,0,2,2,15905600,1988200,1988200,8,0,761067,129,46047886207500,129,132,16666667,2,16,0
20260813_NV_A2_SMOKE_R0,132,133,2782163,2782187,2784463,2784502,2784514,2784515,2784532,0,0,2,3,0,1,1,1,2,0,2,2,16623000,1847000,1847000,9,0,43667,132,46047938037800,132,133,16666667,2,16,0
20260813_NV_A2_SMOKE_R0,133,134,2798852,2798887,2801999,2802048,2802062,2802062,2802087,0,0,2,3,0,1,1,1,2,0,2,2,16647300,1849700,1849700,9,0,19367,132,46047938037800,132,134,16666667,2,16,0
20260813_NV_A2_SMOKE_R0,134,135,2815517,2815555,2819627,2819727,2819759,2819760,2819797,0,0,2,3,0,1,1,1,2,0,2,2,15036800,1879600,1879600,8,0,1629867,134,46047971358200,134,135,16666667,2,16,0
20260813_NV_A2_SMOKE_R0,135,136,2832269,2832341,2837904,2837972,2837997,2837997,2838026,0,0,2,3,0,1,1,1,2,0,2,2,14940800,1867600,1867600,8,0,1725867,134,46047971358200,134,136,16666667,2,16,0
20260813_NV_A2_SMOKE_R0,136,137,2849260,2849316,2854717,2854859,2854901,2854902,2854955,0,0,2,3,0,1,1,1,2,0,2,2,14925600,1865700,1865700,8,0,1741067,136,46048006488500,136,137,16666667,2,16,0
20260813_NV_A2_SMOKE_R0,137,138,2865590,2865674,2871951,2872033,2872059,2872060,2872093,0,0,2,3,0,1,1,1,2,0,2,2,15900000,1987500,1987500,8,0,766667,137,46048025079300,137,138,16666667,2,16,0
20260813_NV_A2_SMOKE_R0,138,139,2882239,2882296,2887757,2887788,2887799,2887799,2887812,0,0,2,3,0,1,1,1,2,0,2,2,15905600,1988200,1988200,8,0,761067,138,46048041685200,138,139,16666667,2,16,0
20260813_NV_A2_SMOKE_R0,139,140,2898917,2898983,2905167,2905220,2905231,2905231,2905243,0,0,2,3,0,1,1,1,2,0,2,2,16650900,1850100,1850100,9,0,15767,139,46048056504600,139,140,16666667,2,16,0
20260813_NV_A2_SMOKE_R0,140,141,2915573,2915630,2921490,2921582,2921617,2921618,2921656,0,0,2,3,0,1,1,1,2,0,2,2,16663500,1851500,1851500,9,0,3167,139,46048056504600,139,141,16666667,2,16,0
20260813_NV_A2_SMOKE_R0,141,142,2932215,2932261,2935937,2935984,2935999,2935999,2936017,0,0,2,3,0,1,1,1,2,0,2,2,15335200,1916900,1916900,8,0,1331467,139,46048056504600,139,142,16666667,2,16,0
20260813_NV_A2_SMOKE_R0,142,143,2948851,2948886,2951887,2951933,2951953,2951954,2951975,0,0,2,3,0,1,1,1,2,0,2,2,14779800,2111400,2111400,7,0,1886867,139,46048056504600,139,143,16666667,2,16,0
20260813_NV_A2_SMOKE_R0,143,144,2965525,2965563,2968826,2968878,2968893,2968894,2968915,0,0,2,3,0,1,1,1,2,0,2,2,16176000,2022000,2022000,8,0,490667,143,46048121302600,143,144,16666667,2,16,0
20260813_NV_A2_SMOKE_R0,144,145,2982205,2982253,2987473,2987585,2987628,2987629,2987676,0,0,2,3,0,1,1,1,2,0,2,2,15458400,1932300,1932300,8,0,1208267,144,46048139808900,144,145,16666667,2,16,0
20260813_NV_A2_SMOKE_R0,145,146,2999076,2999124,3003835,3003893,3003938,3003938,3003999,0,0,2,3,0,1,1,1,2,0,2,2,16626600,1847400,1847400,9,0,40067,145,46048158324300,145,146,16666667,2,16,0
20260813_NV_A2_SMOKE_R0,146,147,3015537,3015583,3020024,3020104,3020129,3020129,3020162,0,0,2,3,0,1,1,1,2,0,2,2,16637400,1848600,1848600,9,0,29267,146,46048173136500,146,147,16666667,2,16,0
20260813_NV_A2_SMOKE_R0,147,148,3032219,3032265,3035564,3035612,3035626,3035627,3035644,0,0,2,3,0,1,1,1,2,0,2,2,16655400,1850600,1850600,9,0,11267,147,46048189801600,147,148,16666667,2,16,0
20260813_NV_A2_SMOKE_R0,148,149,3048870,3048912,3052301,3052355,3052373,3052373,3052398,0,0,2,3,0,1,1,1,2,0,2,2,14929600,1866200,1866200,8,0,1737067,147,46048189801600,147,149,16666667,2,16,0
20260813_NV_A2_SMOKE_R0,149,150,3065526,3065564,3069104,3069154,3069170,3069171,3069192,0,0,2,3,0,1,1,1,2,0,2,2,14905600,1863200,1863200,8,0,1761067,147,46048189801600,147,150,16666667,2,16,0
20260813_NV_A2_SMOKE_R0,150,151,3082211,3082258,3087080,3087113,3087124,3087124,3087139,0,0,2,3,0,1,1,1,2,0,2,2,15768800,1971100,1971100,8,0,897867,150,46048237914800,150,151,16666667,2,16,0
20260813_NV_A2_SMOKE_R0,151,152,3098946,3099034,3105000,3105067,3105091,3105092,3105125,0,0,2,3,0,1,1,1,2,0,2,2,15836800,1979600,1979600,8,0,829867,151,46048256434200,151,152,16666667,2,16,0
20260813_NV_A2_SMOKE_R0,152,153,3115565,3115620,3119437,3119491,3119511,3119512,3119538,0,0,2,3,0,1,1,1,2,0,2,2,16651800,1850200,1850200,9,0,14867,152,46048273103400,152,153,16666667,2,16,0
20260813_NV_A2_SMOKE_R0,153,154,3132174,3132205,3134416,3134450,3134460,3134460,3134476,0,0,2,3,0,1,1,1,2,0,2,2,16660800,1851200,1851200,9,0,5867,152,46048273103400,152,154,16666667,2,16,0
20260813_NV_A2_SMOKE_R0,154,155,3148833,3148862,3151423,3151454,3151467,3151467,3151483,0,0,2,3,0,1,1,1,2,0,2,2,15594400,1949300,1949300,8,0,1072267,152,46048273103400,152,155,16666667,2,16,0
20260813_NV_A2_SMOKE_R0,155,156,3165524,3165560,3168533,3168566,3168578,3168579,3168595,0,0,2,3,0,1,1,1,2,0,2,2,15097600,2156800,2156800,7,0,1569067,152,46048273103400,152,156,16666667,2,16,0
20260813_NV_A2_SMOKE_R0,156,157,3182241,3182277,3185569,3185629,3185659,3185660,3185689,0,0,2,3,0,1,1,1,2,0,2,2,15863200,1982900,1982900,8,0,803467,156,46048337883100,156,157,16666667,2,16,0
20260813_NV_A2_SMOKE_R0,157,158,3199264,3199339,3205934,3205961,3205971,3205971,3205984,0,0,2,3,0,1,1,1,2,0,2,2,15379200,1922400,1922400,8,0,1287467,157,46048356425400,157,158,16666667,2,16,0
20260813_NV_A2_SMOKE_R0,158,159,3215564,3215627,3221312,3221380,3221408,3221409,3221444,0,0,2,3,0,1,1,1,2,0,2,2,16628400,1847600,1847600,9,0,38267,158,46048374904200,158,159,16666667,2,16,0
20260813_NV_A2_SMOKE_R0,159,160,3232203,3232247,3235961,3236003,3236019,3236019,3236049,0,0,2,3,0,1,1,1,2,0,2,2,16638300,1848700,1848700,9,0,28367,159,46048389723900,159,160,16666667,2,16,0
20260813_NV_A2_SMOKE_R0,160,161,3248867,3248915,3253491,3253571,3253601,3253602,3253641,0,0,2,3,0,1,1,1,2,0,2,2,16655400,1850600,1850600,9,0,11267,159,46048389723900,159,161,16666667,2,16,0
20260813_NV_A2_SMOKE_R0,161,162,3265593,3265664,3271812,3271838,3271848,3271848,3271862,0,0,2,3,0,1,1,1,2,0,2,2,14901600,1862700,1862700,8,0,1765067,161,46048423034900,161,162,16666667,2,16,0
20260813_NV_A2_SMOKE_R0,162,163,3282258,3282324,3288887,3288971,3289009,3289010,3289064,0,0,2,3,0,1,1,1,2,0,2,2,14884000,1860500,1860500,8,0,1782667,161,46048423034900,161,163,16666667,2,16,0
20260813_NV_A2_SMOKE_R0,163,164,3298879,3298928,3302657,3302694,3302707,3302708,3302736,0,0,2,3,0,1,1,1,2,0,2,2,16114400,2014300,2014300,8,0,552267,163,46048458189000,163,164,16666667,2,16,0
20260813_NV_A2_SMOKE_R0,164,165,3315519,3315554,3318682,3318718,3318733,3318734,3318751,0,0,2,3,0,1,1,1,2,0,2,2,15775200,1971900,1971900,8,0,891467,164,46048471168100,164,165,16666667,2,16,0
20260813_NV_A2_SMOKE_R0,165,166,3332180,3332216,3335374,3335411,3335424,3335425,3335445,0,0,2,3,0,1,1,1,2,0,2,2,16651800,1850200,1850200,9,0,14867,165,46048489690800,165,166,16666667,2,16,0
20260813_NV_A2_SMOKE_R0,166,167,3349049,3349097,3352470,3352522,3352544,3352545,3352574,0,0,2,3,0,1,1,1,2,0,2,2,16660800,1851200,1851200,9,0,5867,165,46048489690800,165,167,16666667,2,16,0
20260813_NV_A2_SMOKE_R0,167,168,3365559,3365614,3370317,3370367,3370387,3370388,3370417,0,0,2,3,0,1,1,1,2,0,2,2,15460800,1932600,1932600,8,0,1205867,165,46048489690800,165,168,16666667,2,16,0
20260813_NV_A2_SMOKE_R0,168,169,3382208,3382250,3385755,3385795,3385815,3385816,3385835,0,0,2,3,0,1,1,1,2,0,2,2,14909300,2129900,2129900,7,0,1757367,168,46048539640900,168,169,16666667,2,16,0
20260813_NV_A2_SMOKE_R0,169,170,3398996,3399036,3402999,3403062,3403087,3403088,3403135,0,0,2,3,0,1,1,1,2,0,2,2,16196800,2024600,2024600,8,0,469867,169,46048554466800,169,170,16666667,2,16,0
20260813_NV_A2_SMOKE_R0,170,171,3415610,3415688,3421147,3421218,3421250,3421251,3421285,0,0,2,3,0,1,1,1,2,0,2,2,15249600,1906200,1906200,8,0,1417067,170,46048573009900,170,171,16666667,2,16,0
20260813_NV_A2_SMOKE_R0,171,172,3432197,3432240,3435112,3435150,3435163,3435164,3435184,0,0,2,3,0,1,1,1,2,0,2,2,16647300,1849700,1849700,9,0,19367,170,46048573009900,170,172,16666667,2,16,0
20260813_NV_A2_SMOKE_R0,172,173,3448845,3448884,3452201,3452243,3452258,3452259,3452280,0,0,2,3,0,1,1,1,2,0,2,2,16647300,1849700,1849700,9,19367,38734,172,46048604454600,172,173,16666667,2,16,0
20260813_NV_A2_SMOKE_R0,173,174,3465536,3465580,3469046,3469088,3469107,3469107,3469129,0,0,2,3,0,1,1,1,2,0,2,2,14939200,1867400,1867400,8,0,1727467,172,46048604454600,172,174,16666667,2,16,0
20260813_NV_A2_SMOKE_R0,174,175,3482193,3482233,3486601,3486626,3486636,3486637,3486649,0,0,2,3,0,1,1,1,2,0,2,2,15616800,1952100,1952100,8,0,1049867,172,46048604454600,172,175,16666667,2,16,0
20260813_NV_A2_SMOKE_R0,175,176,3498934,3499016,3505490,3505517,3505529,3505529,3505542,0,0,2,3,0,1,1,1,2,0,2,2,15336800,1917100,1917100,8,0,1329867,175,46048654427100,175,176,16666667,2,16,0
20260813_NV_A2_SMOKE_R0,176,177,3515574,3515644,3520837,3520863,3520873,3520874,3520887,0,0,2,3,0,1,1,1,2,0,2,2,16032800,2004100,2004100,8,0,633867,176,46048674800300,176,177,16666667,2,16,0
20260813_NV_A2_SMOKE_R0,177,178,3532216,3532266,3536842,3536892,3536909,3536910,3536933,0,0,2,3,0,1,1,1,2,0,2,2,15775200,1971900,1971900,8,0,891467,177,46048689604600,177,178,16666667,2,16,0
20260813_NV_A2_SMOKE_R0,178,179,3548844,3548877,3551694,3551729,3551743,3551743,3551762,0,0,2,3,0,1,1,1,2,0,2,2,16647300,1849700,1849700,9,0,19367,178,46048706267800,178,179,16666667,2,16,0
20260813_NV_A2_SMOKE_R0,179,180,3565516,3565555,3568786,3568821,3568834,3568835,3568853,0,0,2,3,0,1,1,1,2,0,2,2,16654500,1850500,1850500,9,0,12167,179,46048721087000,179,180,16666667,2,16,0
20260813_NV_A2_SMOKE_R0,180,181,3582204,3582299,3585727,3585767,3585783,3585783,3585805,0,0,2,3,0,1,1,1,2,0,2,2,15312000,1914000,1914000,8,0,1354667,179,46048721087000,179,181,16666667,2,16,0
20260813_NV_A2_SMOKE_R0,181,182,3598865,3598901,3602086,3602135,3602152,3602153,3602180,0,0,2,3,0,1,1,1,2,0,2,2,16531200,2066400,2066400,8,0,135467,179,46048721087000,179,182,16666667,2,16,0
20260813_NV_A2_SMOKE_R0,182,183,3615607,3615681,3620722,3620777,3620800,3620801,3620836,0,0,2,3,0,1,1,1,2,0,2,2,15952800,1994100,1994100,8,0,713867,182,46048771073300,182,183,16666667,2,16,0
20260813_NV_A2_SMOKE_R0,183,184,3632214,3632266,3636446,3636490,3636508,3636508,3636534,0,0,2,3,0,1,1,1,2,0,2,2,15195200,1899400,1899400,8,0,1471467,183,46048791413100,183,184,16666667,2,16,0
20260813_NV_A2_SMOKE_R0,184,185,3648870,3648913,3652391,3652430,3652452,3652452,3652470,0,0,2,3,0,1,1,1,2,0,2,2,16633800,1848200,1848200,9,0,32867,184,46048804383800,184,185,16666667,2,16,0
20260813_NV_A2_SMOKE_R0,185,186,3665529,3665570,3668809,3668846,3668861,3668861,3668879,0,0,2,3,0,1,1,1,2,0,2,2,16639200,1848800,1848800,9,0,27467,185,46048821049000,185,186,16666667,2,16,0
20260813_NV_A2_SMOKE_R0,186,187,3682202,3682244,3685767,3685806,3685827,3685827,3685851,0,0,2,3,0,1,1,1,2,0,2,2,16655400,1850600,1850600,9,0,11267,185,46048821049000,185,187,16666667,2,16,0
20260813_NV_A2_SMOKE_R0,187,188,3698873,3698919,3703768,3703796,3703806,3703806,3703821,0,0,2,3,0,1,1,1,2,0,2,2,14876800,1859600,1859600,8,0,1789867,185,46048821049000,185,188,16666667,2,16,0
20260813_NV_A2_SMOKE_R0,188,189,3715580,3715641,3720134,3720189,3720212,3720213,3720243,0,0,2,3,0,1,1,1,2,0,2,2,15216000,1902000,1902000,8,0,1450667,185,46048821049000,185,189,16666667,2,16,0
20260813_NV_A2_SMOKE_R0,189,190,3732236,3732291,3736992,3737019,3737029,3737029,3737042,0,0,2,3,0,1,1,1,2,0,2,2,15001000,2143000,2143000,7,0,1665667,189,46048889517600,189,190,16666667,2,16,0
20260813_NV_A2_SMOKE_R0,190,191,3748894,3748944,3752415,3752454,3752469,3752470,3752491,0,0,2,3,0,1,1,1,2,0,2,2,15715200,1964400,1964400,8,0,951467,190,46048906195400,190,191,16666667,2,16,0
20260813_NV_A2_SMOKE_R0,191,192,3765525,3765563,3768573,3768609,3768623,3768624,3768642,0,0,2,3,0,1,1,1,2,0,2,2,16639200,1848800,1848800,9,0,27467,190,46048906195400,190,192,16666667,2,16,0
20260813_NV_A2_SMOKE_R0,192,193,3782164,3782191,3784614,3784646,3784658,3784659,3784676,0,0,2,3,0,1,1,1,2,0,2,2,16652700,1850300,1850300,9,0,13967,190,46048906195400,190,193,16666667,2,16,0
20260813_NV_A2_SMOKE_R0,193,194,3798876,3798914,3803054,3803120,3803152,3803153,3803195,0,0,2,3,0,1,1,1,2,0,2,2,14864000,1858000,1858000,8,0,1802667,190,46048906195400,190,194,16666667,2,16,0
20260813_NV_A2_SMOKE_R0,194,195,3815601,3815675,3822018,3822047,3822057,3822058,3822071,0,0,2,3,0,1,1,1,2,0,2,2,15158400,1894800,1894800,8,0,1508267,194,46048972851800,194,195,16666667,2,16,0
20260813_NV_A2_SMOKE_R0,195,196,3832242,3832316,3839240,3839310,3839337,3839338,3839377,0,0,2,3,0,1,1,1,2,0,2,2,15001000,2143000,2143000,7,0,1665667,195,46048991334000,195,196,16666667,2,16,0
20260813_NV_A2_SMOKE_R0,196,197,3848863,3848907,3854114,3854198,3854230,3854231,3854267,0,0,2,3,0,1,1,1,2,0,2,2,15715200,1964400,1964400,8,0,951467,196,46049008015400,196,197,16666667,2,16,0
20260813_NV_A2_SMOKE_R0,197,198,3865812,3865890,3873255,3873346,3873382,3873384,3873441,0,0,2,3,0,1,1,1,2,0,2,2,16647300,1849700,1849700,9,0,19367,197,46049024684900,197,198,16666667,2,16,0
20260813_NV_A2_SMOKE_R0,198,199,3882289,3882366,3888107,3888175,3888207,3888207,3888240,0,0,2,3,0,1,1,1,2,0,2,2,16647300,1849700,1849700,9,19367,38734,198,46049043199300,198,199,16666667,2,16,0
20260813_NV_A2_SMOKE_R0,199,200,3898826,3898850,3900565,3900603,3900613,3900613,3900630,0,0,2,3,0,1,1,1,2,0,2,2,14901600,1862700,1862700,8,0,1765067,198,46049043199300,198,200,16666667,2,16,0
20260813_NV_A2_SMOKE_R0,200,201,3915478,3915498,3917048,3917077,3917088,3917088,3917104,0,0,2,3,0,1,1,1,2,0,2,2,15688000,1961000,1961000,8,0,978667,198,46049043199300,198,201,16666667,2,16,0
20260813_NV_A2_SMOKE_R0,201,202,3932153,3932176,3934643,3934674,3934686,3934687,3934710,0,0,2,3,0,1,1,1,2,0,2,2,15136800,1892100,1892100,8,0,1529867,201,46049085770500,201,202,16666667,2,16,0
20260813_NV_A2_SMOKE_R0,202,203,3948842,3948875,3951653,3951692,3951706,3951707,3951727,0,0,2,3,0,1,1,1,2,0,2,2,15001000,2143000,2143000,7,0,1665667,202,46049104283800,202,203,16666667,2,16,0
20260813_NV_A2_SMOKE_R0,203,204,3965511,3965542,3968488,3968522,3968535,3968535,3968558,0,0,2,3,0,1,1,1,2,0,2,2,15715200,1964400,1964400,8,0,951467,203,46049120947000,203,204,16666667,2,16,0
20260813_NV_A2_SMOKE_R0,204,205,3982155,3982179,3983852,3983888,3983901,3983901,3983917,0,0,2,3,0,1,1,1,2,0,2,2,16649100,1849900,1849900,9,0,17567,203,46049120947000,203,205,16666667,2,16,0
20260813_NV_A2_SMOKE_R0,205,206,3998845,3998874,4001364,4001403,4001417,4001418,4001439,0,0,2,3,0,1,1,1,2,0,2,2,16654500,1850500,1850500,9,0,12167,205,46049152403100,205,206,16666667,2,16,0
20260813_NV_A2_SMOKE_R0,206,207,4015555,4015606,4019322,4019371,4019392,4019393,4019418,0,0,2,3,0,1,1,1,2,0,2,2,15530400,1941300,1941300,8,0,1136267,206,46049170933000,206,207,16666667,2,16,0
20260813_NV_A2_SMOKE_R0,207,208,4032197,4032240,4037322,4037452,4037509,4037510,4037557,0,0,2,3,0,1,1,1,2,0,2,2,16054400,2006800,2006800,8,0,612267,206,46049170933000,206,208,16666667,2,16,0
20260813_NV_A2_SMOKE_R0,208,209,4048938,4049014,4054544,4054619,4054645,4054646,4054687,0,0,2,3,0,1,1,1,2,0,2,2,15756000,1969500,1969500,8,0,910667,208,46049206077900,208,209,16666667,2,16,0
20260813_NV_A2_SMOKE_R0,209,210,4065559,4065610,4069515,4069559,4069576,4069576,4069599,0,0,2,3,0,1,1,1,2,0,2,2,15121600,1890200,1890200,8,0,1545067,209,46049222753400,209,210,16666667,2,16,0
20260813_NV_A2_SMOKE_R0,210,211,4082214,4082259,4085583,4085621,4085636,4085637,4085657,0,0,2,3,0,1,1,1,2,0,2,2,16636500,1848500,1848500,9,0,30167,210,46049237563800,210,211,16666667,2,16,0
20260813_NV_A2_SMOKE_R0,211,212,4098876,4098923,4102922,4102965,4102982,4102982,4103009,0,0,2,3,0,1,1,1,2,0,2,2,16649100,1849900,1849900,9,0,17567,211,46049254230200,211,212,16666667,2,16,0
20260813_NV_A2_SMOKE_R0,212,213,4115532,4115571,4118682,4118722,4118737,4118738,4118765,0,0,2,3,0,1,1,1,2,0,2,2,16651800,1850200,1850200,9,0,14867,211,46049254230200,211,213,16666667,2,16,0
20260813_NV_A2_SMOKE_R0,213,214,4132202,4132248,4135851,4135905,4135924,4135925,4135953,0,0,2,3,0,1,1,1,2,0,2,2,14842400,1855300,1855300,8,0,1824267,211,46049254230200,211,214,16666667,2,16,0
20260813_NV_A2_SMOKE_R0,214,215,4148909,4148972,4152633,4152681,4152698,4152699,4152722,0,0,2,3,0,1,1,1,2,0,2,2,15064800,1883100,1883100,8,0,1601867,211,46049254230200,211,215,16666667,2,16,0
20260813_NV_A2_SMOKE_R0,215,216,4165538,4165588,4171232,4171298,4171324,4171325,4171358,0,0,2,3,0,1,1,1,2,0,2,2,14751100,2107300,2107300,7,0,1915567,215,46049320858600,215,216,16666667,2,16,0
20260813_NV_A2_SMOKE_R0,216,217,4182234,4182292,4187041,4187096,4187119,4187119,4187154,0,0,2,3,0,1,1,1,2,0,2,2,15658400,1957300,1957300,8,0,1008267,216,46049339376400,216,217,16666667,2,16,0
20260813_NV_A2_SMOKE_R0,217,218,4198983,4199030,4203208,4203273,4203298,4203299,4203339,0,0,2,3,0,1,1,1,2,0,2,2,16647300,1849700,1849700,9,0,19367,217,46049357903000,217,218,16666667,2,16,0
20260813_NV_A2_SMOKE_R0,218,219,4215587,4215666,4222776,4222947,4222995,4222996,4223044,0,0,2,3,0,1,1,1,2,0,2,2,16647300,1849700,1849700,9,19367,38734,218,46049372713000,218,219,16666667,2,16,0
20260813_NV_A2_SMOKE_R0,219,220,4232220,4232284,4238099,4238163,4238188,4238189,4238226,0,0,2,3,0,1,1,1,2,0,2,2,14877600,1859700,1859700,8,0,1789067,219,46049393056100,219,220,16666667,2,16,0
20260813_NV_A2_SMOKE_R0,220,221,4248874,4248920,4252556,4252598,4252614,4252615,4252635,0,0,2,3,0,1,1,1,2,0,2,2,15582400,1947800,1947800,8,0,1084267,219,46049393056100,219,221,16666667,2,16,0
20260813_NV_A2_SMOKE_R0,221,222,4265526,4265566,4269022,4269061,4269075,4269076,4269097,0,0,2,3,0,1,1,1,2,0,2,2,15048000,1881000,1881000,8,0,1618667,221,46049422683500,221,222,16666667,2,16,0
20260813_NV_A2_SMOKE_R0,222,223,4282172,4282202,4284762,4284797,4284811,4284811,4284829,0,0,2,3,0,1,1,1,2,0,2,2,14751100,2107300,2107300,7,0,1915567,222,46049437493600,222,223,16666667,2,16,0
20260813_NV_A2_SMOKE_R0,223,224,4298849,4298885,4301933,4301971,4301984,4301984,4302008,0,0,2,3,0,1,1,1,2,0,2,2,15658400,1957300,1957300,8,0,1008267,223,46049454151700,223,224,16666667,2,16,0
20260813_NV_A2_SMOKE_R0,224,225,4315607,4315641,4319256,4319311,4319329,4319330,4319356,0,0,2,3,0,1,1,1,2,0,2,2,16647300,1849700,1849700,9,0,19367,224,46049472662700,224,225,16666667,2,16,0
20260813_NV_A2_SMOKE_R0,225,226,4332179,4332222,4335570,4335608,4335622,4335622,4335644,0,0,2,3,0,1,1,1,2,0,2,2,16647300,1849700,1849700,9,19367,38734,225,46049487483600,225,226,16666667,2,16,0
20260813_NV_A2_SMOKE_R0,226,227,4348841,4348877,4351658,4351697,4351710,4351711,4351728,0,0,2,3,0,1,1,1,2,0,2,2,14864000,1858000,1858000,8,0,1802667,225,46049487483600,225,227,16666667,2,16,0
20260813_NV_A2_SMOKE_R0,227,228,4365697,4365741,4370108,4370177,4370210,4370211,4370247,0,0,2,3,0,1,1,1,2,0,2,2,15404800,1925600,1925600,8,0,1261867,225,46049487483600,225,228,16666667,2,16,0
20260813_NV_A2_SMOKE_R0,228,229,4382287,4382366,4387595,4387648,4387670,4387671,4387708,0,0,2,3,0,1,1,1,2,0,2,2,15048000,1881000,1881000,8,0,1618667,228,46049539314800,228,229,16666667,2,16,0
20260813_NV_A2_SMOKE_R0,229,230,4398991,4399049,4404415,4404494,4404527,4404528,4404574,0,0,2,3,0,1,1,1,2,0,2,2,14751100,2107300,2107300,7,0,1915567,229,46049555945100,229,230,16666667,2,16,0
20260813_NV_A2_SMOKE_R0,230,231,4415568,4415629,4419929,4419996,4420025,4420026,4420062,0,0,2,3,0,1,1,1,2,0,2,2,15658400,1957300,1957300,8,0,1008267,230,46049574488400,230,231,16666667,2,16,0
20260813_NV_A2_SMOKE_R0,231,232,4432222,4432273,4435890,4435936,4435952,4435952,4435973,0,0,2,3,0,1,1,1,2,0,2,2,16651800,1850200,1850200,9,0,14867,231,46049589287400,231,232,16666667,2,16,0
20260813_NV_A2_SMOKE_R0,232,233,4448845,4448886,4451534,4451567,4451580,4451580,4451596,0,0,2,3,0,1,1,1,2,0,2,2,16654500,1850500,1850500,9,0,12167,232,46049604071300,232,233,16666667,2,16,0
20260813_NV_A2_SMOKE_R0,233,234,4465486,4465510,4467533,4467561,4467570,4467571,4467585,0,0,2,3,0,1,1,1,2,0,2,2,15329600,1916200,1916200,8,0,1337067,232,46049604071300,232,234,16666667,2,16,0
20260813_NV_A2_SMOKE_R0,234,235,4482166,4482193,4484603,4484633,4484645,4484646,4484662,0,0,2,3,0,1,1,1,2,0,2,2,15551200,1943900,1943900,8,0,1115467,232,46049604071300,232,235,16666667,2,16,0
20260813_NV_A2_SMOKE_R0,235,236,4498845,4498882,4503740,4503825,4503858,4503859,4503907,0,0,2,3,0,1,1,1,2,0,2,2,14721000,2103000,2103000,7,0,1945667,235,46049654071200,235,236,16666667,2,16,0
20260813_NV_A2_SMOKE_R0,236,237,4515626,4515702,4521025,4521160,4521197,4521198,4521230,0,0,2,3,0,1,1,1,2,0,2,2,15064800,1883100,1883100,8,0,1601867,236,46049672624200,236,237,16666667,2,16,0
20260813_NV_A2_SMOKE_R0,237,238,4532212,4532260,4535863,4535903,4535920,4535920,4535950,0,0,2,3,0,1,1,1,2,0,2,2,16639200,1848800,1848800,9,0,27467,237,46049691081500,237,238,16666667,2,16,0
20260813_NV_A2_SMOKE_R0,238,239,4548859,4548897,4551830,4551868,4551883,4551883,4551901,0,0,2,3,0,1,1,1,2,0,2,2,16651800,1850200,1850200,9,0,14867,238,46049704056500,238,239,16666667,2,16,0
20260813_NV_A2_SMOKE_R0,239,240,4565517,4565552,4568632,4568667,4568680,4568681,4568699,0,0,2,3,0,1,1,1,2,0,2,2,16650900,1850100,1850100,9,0,15767,238,46049704056500,238,240,16666667,2,16,0
20260813_NV_A2_SMOKE_R0,240,241,4582183,4582246,4585861,4585930,4585966,4585967,4586004,0,0,2,3,0,1,1,1,2,0,2,2,15857600,1982200,1982200,8,0,809067,238,46049704056500,238,241,16666667,2,16,0
20260813_NV_A2_SMOKE_R0,241,242,4599529,4599606,4605995,4606087,4606123,4606124,4606176,0,0,2,3,0,1,1,1,2,0,2,2,15506400,1938300,1938300,8,0,1160267,241,46049754081500,241,242,16666667,2,16,0
20260813_NV_A2_SMOKE_R0,242,243,4615610,4615684,4621317,4621383,4621408,4621409,4621448,0,0,2,3,0,1,1,1,2,0,2,2,14721000,2103000,2103000,7,0,1945667,242,46049776274400,242,243,16666667,2,16,0
20260813_NV_A2_SMOKE_R0,243,244,4632230,4632283,4636304,4636344,4636360,4636360,4636381,0,0,2,3,0,1,1,1,2,0,2,2,15064800,1883100,1883100,8,0,1601867,243,46049789251100,243,244,16666667,2,16,0
20260813_NV_A2_SMOKE_R0,244,245,4648863,4648920,4651924,4651964,4651978,4651978,4651996,0,0,2,3,0,1,1,1,2,0,2,2,16640100,1848900,1848900,9,0,26567,244,46049805871100,244,245,16666667,2,16,0
20260813_NV_A2_SMOKE_R0,245,246,4665534,4665579,4670663,4670728,4670754,4670755,4670780,0,0,2,3,0,1,1,1,2,0,2,2,16651800,1850200,1850200,9,0,14867,245,46049820680000,245,246,16666667,2,16,0
20260813_NV_A2_SMOKE_R0,246,247,4682235,4682293,4687462,4687530,4687554,4687555,4687590,0,0,2,3,0,1,1,1,2,0,2,2,16653600,1850400,1850400,9,0,13067,245,46049820680000,245,247,16666667,2,16,0
20260813_NV_A2_SMOKE_R0,247,248,4698960,4699018,4702968,4703012,4703029,4703030,4703052,0,0,2,3,0,1,1,1,2,0,2,2,15672800,1959100,1959100,8,0,993867,245,46049820680000,245,248,16666667,2,16,0
20260813_NV_A2_SMOKE_R0,248,249,4715539,4715589,4720676,4720750,4720778,4720779,4720820,0,0,2,3,0,1,1,1,2,0,2,2,14981600,1872700,1872700,8,0,1685067,245,46049820680000,245,249,16666667,2,16,0
20260813_NV_A2_SMOKE_R0,249,250,4732207,4732260,4737354,4737411,4737438,4737439,4737467,0,0,2,3,0,1,1,1,2,0,2,2,15244600,2177800,2177800,7,0,1422067,249,46049889159000,249,250,16666667,2,16,0
20260813_NV_A2_SMOKE_R0,250,251,4748879,4748933,4752591,4752643,4752659,4752659,4752680,0,0,2,3,0,1,1,1,2,0,2,2,15554400,1944300,1944300,8,0,1112267,250,46049905843700,250,251,16666667,2,16,0
20260813_NV_A2_SMOKE_R0,251,252,4765552,4765607,4771259,4771286,4771296,4771296,4771310,0,0,2,3,0,1,1,1,2,0,2,2,16647300,1849700,1849700,9,0,19367,250,46049905843700,250,252,16666667,2,16,0
20260813_NV_A2_SMOKE_R0,252,253,4782237,4782296,4786592,4786648,4786669,4786669,4786701,0,0,2,3,0,1,1,1,2,0,2,2,16654500,1850500,1850500,9,0,12167,252,46049941004000,252,253,16666667,2,16,0
20260813_NV_A2_SMOKE_R0,253,254,4799003,4799062,4803383,4803428,4803447,4803448,4803472,0,0,2,3,0,1,1,1,2,0,2,2,15240000,1905000,1905000,8,0,1426667,252,46049941004000,252,254,16666667,2,16,0
20260813_NV_A2_SMOKE_R0,254,255,4815556,4815610,4820716,4820782,4820809,4820810,4820845,0,0,2,3,0,1,1,1,2,0,2,2,16516000,2064500,2064500,8,0,150667,252,46049941004000,252,255,16666667,2,16,0
20260813_NV_A2_SMOKE_R0,255,256,4832260,4832322,4836896,4836943,4836967,4836968,4836994,0,0,2,3,0,1,1,1,2,0,2,2,16360000,2045000,2045000,8,0,306667,255,46049989120300,255,256,16666667,2,16,0
20260813_NV_A2_SMOKE_R0,256,257,4848858,4848904,4853606,4853694,4853729,4853730,4853774,0,0,2,3,0,1,1,1,2,0,2,2,15033600,1879200,1879200,8,0,1633067,256,46050007628800,256,257,16666667,2,16,0
20260813_NV_A2_SMOKE_R0,257,258,4865511,4865539,4867461,4867503,4867514,4867515,4867531,0,0,2,3,0,1,1,1,2,0,2,2,16656300,1850700,1850700,9,0,10367,256,46050007628800,256,258,16666667,2,16,0
20260813_NV_A2_SMOKE_R0,258,259,4882163,4882189,4883853,4883893,4883904,4883904,4883922,0,0,2,3,0,1,1,1,2,0,2,2,16648200,1849800,1849800,9,0,18467,258,46050035440000,258,259,16666667,2,16,0
20260813_NV_A2_SMOKE_R0,259,260,4898830,4898859,4901633,4901681,4901699,4901700,4901734,0,0,2,3,0,1,1,1,2,0,2,2,15931200,1991400,1991400,8,0,735467,258,46050035440000,258,260,16666667,2,16,0
20260813_NV_A2_SMOKE_R0,260,261,4915593,4915651,4919782,4919841,4919864,4919865,4919894,0,0,2,3,0,1,1,1,2,0,2,2,15618400,1952300,1952300,8,0,1048267,260,46050070602500,260,261,16666667,2,16,0
20260813_NV_A2_SMOKE_R0,261,262,4932200,4932240,4935778,4935815,4935830,4935830,4935858,0,0,2,3,0,1,1,1,2,0,2,2,16409600,2051200,2051200,8,0,257067,261,46050089107100,261,262,16666667,2,16,0
20260813_NV_A2_SMOKE_R0,262,263,4948838,4948868,4951430,4951474,4951487,4951488,4951507,0,0,2,3,0,1,1,1,2,0,2,2,16360000,2045000,2045000,8,0,306667,262,46050103908600,262,263,16666667,2,16,0
20260813_NV_A2_SMOKE_R0,263,264,4965504,4965533,4967305,4967348,4967360,4967360,4967380,0,0,2,3,0,1,1,1,2,0,2,2,15033600,1879200,1879200,8,0,1633067,263,46050120578700,263,264,16666667,2,16,0
20260813_NV_A2_SMOKE_R0,264,265,4982175,4982205,4983877,4983922,4983934,4983934,4983955,0,0,2,3,0,1,1,1,2,0,2,2,16644600,1849400,1849400,9,0,22067,263,46050120578700,263,265,16666667,2,16,0
20260813_NV_A2_SMOKE_R0,265,266,4998840,4998870,5000642,5000688,5000700,5000701,5000721,0,0,2,3,0,1,1,1,2,0,2,2,16648200,1849800,1849800,9,0,18467,265,46050152044100,265,266,16666667,2,16,0
20260813_NV_A2_SMOKE_R0,266,267,5015499,5015528,5017170,5017211,5017222,5017223,5017243,0,0,2,3,0,1,1,1,2,0,2,2,15732000,1966500,1966500,8,0,934667,265,46050152044100,265,267,16666667,2,16,0
20260813_NV_A2_SMOKE_R0,267,268,5032163,5032187,5033914,5033954,5033964,5033965,5033984,0,0,2,3,0,1,1,1,2,0,2,2,15568000,1946000,1946000,8,0,1098667,267,46050185361900,267,268,16666667,2,16,0
20260813_NV_A2_SMOKE_R0,268,269,5048833,5048858,5050496,5050541,5050554,5050555,5050576,0,0,2,3,0,1,1,1,2,0,2,2,16409600,2051200,2051200,8,0,257067,268,46050202024400,268,269,16666667,2,16,0
20260813_NV_A2_SMOKE_R0,269,270,5065495,5065517,5067230,5067272,5067283,5067283,5067303,0,0,2,3,0,1,1,1,2,0,2,2,16360000,2045000,2045000,8,0,306667,269,46050218699100,269,270,16666667,2,16,0
20260813_NV_A2_SMOKE_R0,270,271,5082172,5082200,5083865,5083911,5083923,5083924,5083943,0,0,2,3,0,1,1,1,2,0,2,2,15033600,1879200,1879200,8,0,1633067,270,46050235362000,270,271,16666667,2,16,0
20260813_NV_A2_SMOKE_R0,271,272,5098829,5098858,5100591,5100632,5100642,5100643,5100663,0,0,2,3,0,1,1,1,2,0,2,2,16645500,1849500,1849500,9,0,21167,270,46050235362000,270,272,16666667,2,16,0
20260813_NV_A2_SMOKE_R0,272,273,5115506,5115530,5117131,5117169,5117180,5117181,5117198,0,0,2,3,0,1,1,1,2,0,2,2,16650000,1850000,1850000,9,0,16667,272,46050268667600,272,273,16666667,2,16,0
20260813_NV_A2_SMOKE_R0,273,274,5132157,5132184,5133909,5133950,5133961,5133962,5133981,0,0,2,3,0,1,1,1,2,0,2,2,15568000,1946000,1946000,8,0,1098667,272,46050268667600,272,274,16666667,2,16,0
20260813_NV_A2_SMOKE_R0,274,275,5148820,5148849,5150447,5150484,5150496,5150496,5150512,0,0,2,3,0,1,1,1,2,0,2,2,14590800,2084400,2084400,7,0,2075867,272,46050268667600,272,275,16666667,2,16,0
20260813_NV_A2_SMOKE_R0,275,276,5165475,5165493,5167112,5167141,5167151,5167151,5167167,0,0,2,3,0,1,1,1,2,0,2,2,14924800,1865600,1865600,8,0,1741867,275,46050318647600,275,276,16666667,2,16,0
20260813_NV_A2_SMOKE_R0,276,277,5182146,5182166,5184133,5184172,5184186,5184186,5184207,0,0,2,3,0,1,1,1,2,0,2,2,14728000,2104000,2104000,7,0,1938667,276,46050337163000,276,277,16666667,2,16,0
20260813_NV_A2_SMOKE_R0,277,278,5199013,5199067,5204204,5204288,5204322,5204323,5204375,0,0,2,3,0,1,1,1,2,0,2,2,15466400,1933300,1933300,8,0,1200267,277,46050353831600,277,278,16666667,2,16,0
20260813_NV_A2_SMOKE_R0,278,279,5215738,5215823,5221928,5222003,5222034,5222034,5222072,0,0,2,3,0,1,1,1,2,0,2,2,16646400,1849600,1849600,9,0,20267,278,46050374204300,278,279,16666667,2,16,0
20260813_NV_A2_SMOKE_R0,279,280,5232211,5232256,5235830,5235869,5235883,5235884,5235903,0,0,2,3,0,1,1,1,2,0,2,2,16650000,1850000,1850000,9,0,16667,279,46050390823100,279,280,16666667,2,16,0
20260813_NV_A2_SMOKE_R0,280,281,5248858,5248897,5251991,5252030,5252045,5252046,5252065,0,0,2,3,0,1,1,1,2,0,2,2,15432800,1929100,1929100,8,0,1233867,279,46050390823100,279,281,16666667,2,16,0
20260813_NV_A2_SMOKE_R0,281,282,5265526,5265564,5268613,5268649,5268662,5268662,5268679,0,0,2,3,0,1,1,1,2,0,2,2,16347200,2043400,2043400,8,0,319467,279,46050390823100,279,282,16666667,2,16,0
20260813_NV_A2_SMOKE_R0,282,283,5282196,5282236,5286784,5286908,5286981,5286982,5287034,0,0,2,3,0,1,1,1,2,0,2,2,15379200,1922400,1922400,8,0,1287467,282,46050437108700,282,283,16666667,2,16,0
20260813_NV_A2_SMOKE_R0,283,284,5298944,5299027,5304338,5304395,5304424,5304425,5304452,0,0,2,3,0,1,1,1,2,0,2,2,14983200,1872900,1872900,8,0,1683467,282,46050437108700,282,284,16666667,2,16,0
20260813_NV_A2_SMOKE_R0,284,285,5315531,5315578,5318864,5318901,5318916,5318917,5318943,0,0,2,3,0,1,1,1,2,0,2,2,16644600,1849400,1849400,9,0,22067,284,46050472276600,284,285,16666667,2,16,0
20260813_NV_A2_SMOKE_R0,285,286,5332204,5332250,5337714,5337778,5337808,5337809,5337844,0,0,2,3,0,1,1,1,2,0,2,2,16656300,1850700,1850700,9,0,10367,285,46050487099800,285,286,16666667,2,16,0
20260813_NV_A2_SMOKE_R0,286,287,5348864,5348905,5353102,5353160,5353184,5353185,5353214,0,0,2,3,0,1,1,1,2,0,2,2,16651800,1850200,1850200,9,0,14867,286,46050507482200,286,287,16666667,2,16,0
20260813_NV_A2_SMOKE_R0,287,288,5365868,5365935,5371639,5371726,5371764,5371765,5371821,0,0,2,3,0,1,1,1,2,0,2,2,15328800,1916100,1916100,8,0,1337867,286,46050507482200,286,288,16666667,2,16,0
20260813_NV_A2_SMOKE_R0,288,289,5382271,5382344,5387540,5387592,5387616,5387617,5387644,0,0,2,3,0,1,1,1,2,0,2,2,15279200,1909900,1909900,8,0,1387467,286,46050507482200,286,289,16666667,2,16,0
20260813_NV_A2_SMOKE_R0,289,290,5399068,5399143,5405185,5405222,5405232,5405233,5405246,0,0,2,3,0,1,1,1,2,0,2,2,15424500,2203500,2203500,7,0,1242167,289,46050555573600,289,290,16666667,2,16,0
20260813_NV_A2_SMOKE_R0,290,291,5415620,5415696,5422015,5422092,5422123,5422124,5422171,0,0,2,3,0,1,1,1,2,0,2,2,15424800,1928100,1928100,8,0,1241867,290,46050574127500,290,291,16666667,2,16,0
20260813_NV_A2_SMOKE_R0,291,292,5432208,5432253,5435496,5435534,5435548,5435548,5435568,0,0,2,3,0,1,1,1,2,0,2,2,16647300,1849700,1849700,9,0,19367,291,46050590760100,291,292,16666667,2,16,0
20260813_NV_A2_SMOKE_R0,292,293,5448861,5448901,5452560,5452605,5452622,5452622,5452648,0,0,2,3,0,1,1,1,2,0,2,2,16650000,1850000,1850000,9,0,16667,292,46050603721600,292,293,16666667,2,16,0
20260813_NV_A2_SMOKE_R0,293,294,5465532,5465571,5468867,5468906,5468920,5468920,5468939,0,0,2,3,0,1,1,1,2,0,2,2,15291200,1911400,1911400,8,0,1375467,293,46050620390900,293,294,16666667,2,16,0
20260813_NV_A2_SMOKE_R0,294,295,5482186,5482223,5485223,5485267,5485281,5485282,5485300,0,0,2,3,0,1,1,1,2,0,2,2,16002400,2000300,2000300,8,0,664267,293,46050620390900,293,295,16666667,2,16,0
20260813_NV_A2_SMOKE_R0,295,296,5498842,5498874,5501681,5501713,5501726,5501726,5501742,0,0,2,3,0,1,1,1,2,0,2,2,16174400,2021800,2021800,8,0,492267,295,46050653699900,295,296,16666667,2,16,0
20260813_NV_A2_SMOKE_R0,296,297,5515510,5515543,5518110,5518146,5518159,5518160,5518177,0,0,2,3,0,1,1,1,2,0,2,2,15424500,2203500,2203500,7,0,1242167,296,46050670375300,296,297,16666667,2,16,0
20260813_NV_A2_SMOKE_R0,297,298,5532171,5532202,5534758,5534792,5534805,5534805,5534822,0,0,2,3,0,1,1,1,2,0,2,2,15424800,1928100,1928100,8,0,1241867,297,46050687034800,297,298,16666667,2,16,0
20260813_NV_A2_SMOKE_R0,298,299,5548818,5548841,5550704,5550748,5550768,5550769,5550784,0,0,2,3,0,1,1,1,2,0,2,2,16647300,1849700,1849700,9,0,19367,298,46050705546100,298,299,16666667,2,16,0
20260813_NV_A2_SMOKE_R0,299,300,5565499,5565528,5568215,5568252,5568267,5568268,5568292,0,0,2,3,0,1,1,1,2,0,2,2,16650000,1850000,1850000,9,0,16667,299,46050720355900,299,300,16666667,2,16,0
20260813_NV_A2_SMOKE_R0,300,301,5582176,5582236,5584718,5584751,5584763,5584763,5584780,0,0,2,3,0,1,1,1,2,0,2,2,15204000,1900500,1900500,8,0,1462667,299,46050720355900,299,301,16666667,2,16,0
20260813_NV_A2_SMOKE_R0,301,302,5598903,5598939,5602368,5602427,5602449,5602449,5602487,0,0,2,3,0,1,1,1,2,0,2,2,15790400,1973800,1973800,8,0,876267,299,46050720355900,299,302,16666667,2,16,0
20260813_NV_A2_SMOKE_R0,302,303,5615839,5615913,5620966,5621021,5621043,5621044,5621072,0,0,2,3,0,1,1,1,2,0,2,2,16174400,2021800,2021800,8,0,492267,302,46050770345200,302,303,16666667,2,16,0
20260813_NV_A2_SMOKE_R0,303,304,5632230,5632283,5636750,5636796,5636814,5636815,5636842,0,0,2,3,0,1,1,1,2,0,2,2,15424500,2203500,2203500,7,0,1242167,303,46050790699300,303,304,16666667,2,16,0
20260813_NV_A2_SMOKE_R0,304,305,5648886,5648936,5654225,5654302,5654333,5654334,5654373,0,0,2,3,0,1,1,1,2,0,2,2,15424800,1928100,1928100,8,0,1241867,304,46050805501300,304,305,16666667,2,16,0
20260813_NV_A2_SMOKE_R0,305,306,5665532,5665574,5668968,5669008,5669023,5669024,5669045,0,0,2,3,0,1,1,1,2,0,2,2,16647300,1849700,1849700,9,0,19367,305,46050824031200,305,306,16666667,2,16,0
20260813_NV_A2_SMOKE_R0,306,307,5682190,5682234,5685227,5685263,5685277,5685277,5685294,0,0,2,3,0,1,1,1,2,0,2,2,16650000,1850000,1850000,9,0,16667,306,46050836968100,306,307,16666667,2,16,0
20260813_NV_A2_SMOKE_R0,307,308,5698859,5698901,5701944,5701980,5701994,5701994,5702014,0,0,2,3,0,1,1,1,2,0,2,2,15132800,1891600,1891600,8,0,1533867,306,46050836968100,306,308,16666667,2,16,0
20260813_NV_A2_SMOKE_R0,308,309,5715516,5715552,5718481,5718525,5718540,5718540,5718559,0,0,2,3,0,1,1,1,2,0,2,2,15618400,1952300,1952300,8,0,1048267,306,46050836968100,306,309,16666667,2,16,0
20260813_NV_A2_SMOKE_R0,309,310,5732179,5732212,5735000,5735034,5735047,5735048,5735065,0,0,2,3,0,1,1,1,2,0,2,2,16551200,2068900,2068900,8,0,115467,309,46050886949000,309,310,16666667,2,16,0
20260813_NV_A2_SMOKE_R0,310,311,5748841,5748874,5751542,5751585,5751597,5751598,5751614,0,0,2,3,0,1,1,1,2,0,2,2,15424500,2203500,2203500,7,0,1242167,310,46050903621200,310,311,16666667,2,16,0
20260813_NV_A2_SMOKE_R0,311,312,5765521,5765559,5768660,5768699,5768713,5768714,5768735,0,0,2,3,0,1,1,1,2,0,2,2,16647300,1849700,1849700,9,0,19367,310,46050903621200,310,312,16666667,2,16,0
20260813_NV_A2_SMOKE_R0,312,313,5782163,5782190,5785072,5785106,5785119,5785120,5785136,0,0,2,3,0,1,1,1,2,0,2,2,16652700,1850300,1850300,9,0,13967,312,46050938785200,312,313,16666667,2,16,0
20260813_NV_A2_SMOKE_R0,313,314,5798851,5798904,5802049,5802080,5802092,5802093,5802109,0,0,2,3,0,1,1,1,2,0,2,2,16650900,1850100,1850100,9,0,15767,312,46050938785200,312,314,16666667,2,16,0
20260813_NV_A2_SMOKE_R0,314,315,5815513,5815549,5822275,5822303,5822313,5822313,5822329,0,0,2,3,0,1,1,1,2,0,2,2,15589600,1948700,1948700,8,0,1077067,312,46050938785200,312,315,16666667,2,16,0
20260813_NV_A2_SMOKE_R0,315,316,5832207,5832247,5838068,5838110,5838126,5838127,5838148,0,0,2,3,0,1,1,1,2,0,2,2,16244000,2030500,2030500,8,0,422667,312,46050938785200,312,316,16666667,2,16,0
20260813_NV_A2_SMOKE_R0,316,317,5848922,5848952,5853796,5853844,5853863,5853863,5853891,0,0,2,3,0,1,1,1,2,0,2,2,15773800,2253400,2253400,7,0,892867,316,46051007271000,316,317,16666667,2,16,0
20260813_NV_A2_SMOKE_R0,317,318,5865522,5865595,5870008,5870049,5870071,5870071,5870089,0,0,2,3,0,1,1,1,2,0,2,2,15424800,1928100,1928100,8,0,1241867,317,46051022096900,317,318,16666667,2,16,0
20260813_NV_A2_SMOKE_R0,318,319,5882187,5882234,5886880,5886909,5886921,5886922,5886938,0,0,2,3,0,1,1,1,2,0,2,2,16647300,1849700,1849700,9,0,19367,318,46051040602700,318,319,16666667,2,16,0
20260813_NV_A2_SMOKE_R0,319,320,5898822,5898844,5902599,5902625,5902634,5902634,5902646,0,0,2,3,0,1,1,1,2,0,2,2,16650900,1850100,1850100,9,0,15767,319,46051055413300,319,320,16666667,2,16,0
20260813_NV_A2_SMOKE_R0,320,321,5915487,5915512,5919943,5919992,5920011,5920011,5920038,0,0,2,3,0,1,1,1,2,0,2,2,15056800,1882100,1882100,8,0,1609867,319,46051055413300,319,321,16666667,2,16,0
20260813_NV_A2_SMOKE_R0,321,322,5932206,5932252,5936700,5936750,5936773,5936773,5936800,0,0,2,3,0,1,1,1,2,0,2,2,15433600,1929200,1929200,8,0,1233067,319,46051055413300,319,322,16666667,2,16,0
20260813_NV_A2_SMOKE_R0,322,323,5948900,5948947,5954643,5954678,5954696,5954697,5954713,0,0,2,3,0,1,1,1,2,0,2,2,16244000,2030500,2030500,8,0,422667,322,46051105388700,322,323,16666667,2,16,0
20260813_NV_A2_SMOKE_R0,323,324,5965493,5965523,5968108,5968139,5968152,5968152,5968170,0,0,2,3,0,1,1,1,2,0,2,2,15773800,2253400,2253400,7,0,892867,323,46051123904600,323,324,16666667,2,16,0
20260813_NV_A2_SMOKE_R0,324,325,5982143,5982161,5983981,5984010,5984021,5984022,5984035,0,0,2,3,0,1,1,1,2,0,2,2,15424800,1928100,1928100,8,0,1241867,324,46051136869600,324,325,16666667,2,16,0
20260813_NV_A2_SMOKE_R0,325,326,5998819,5998840,6000564,6000598,6000608,6000609,6000624,0,0,2,3,0,1,1,1,2,0,2,2,16652700,1850300,1850300,9,0,13967,324,46051136869600,324,326,16666667,2,16,0
20260813_NV_A2_SMOKE_R0,326,327,6015634,6015662,6018059,6018090,6018103,6018103,6018121,0,0,2,3,0,1,1,1,2,0,2,2,16654500,1850500,1850500,9,0,12167,326,46051170188300,326,327,16666667,2,16,0
20260813_NV_A2_SMOKE_R0,327,328,6032181,6032218,6034876,6034911,6034925,6034925,6034944,0,0,2,3,0,1,1,1,2,0,2,2,15004800,1875600,1875600,8,0,1661867,326,46051170188300,326,328,16666667,2,16,0
20260813_NV_A2_SMOKE_R0,328,329,6048834,6048862,6051644,6051675,6051687,6051688,6051703,0,0,2,3,0,1,1,1,2,0,2,2,15703200,1962900,1962900,8,0,963467,326,46051170188300,326,329,16666667,2,16,0
20260813_NV_A2_SMOKE_R0,329,330,6065514,6065546,6068365,6068397,6068409,6068409,6068426,0,0,2,3,0,1,1,1,2,0,2,2,16137600,2017200,2017200,8,0,529067,329,46051220163100,329,330,16666667,2,16,0
20260813_NV_A2_SMOKE_R0,330,331,6082418,6082450,6085691,6085735,6085756,6085756,6085779,0,0,2,3,0,1,1,1,2,0,2,2,14924800,1865600,1865600,8,0,1741867,330,46051236837400,330,331,16666667,2,16,0
20260813_NV_A2_SMOKE_R0,331,332,6098954,6099005,6103597,6103678,6103712,6103713,6103757,0,0,2,3,0,1,1,1,2,0,2,2,16647300,1849700,1849700,9,0,19367,331,46051255354300,331,332,16666667,2,16,0
20260813_NV_A2_SMOKE_R0,332,333,6115587,6115661,6121437,6121491,6121511,6121512,6121548,0,0,2,3,0,1,1,1,2,0,2,2,16650900,1850100,1850100,9,0,15767,332,46051271994300,332,333,16666667,2,16,0
20260813_NV_A2_SMOKE_R0,333,334,6132182,6132215,6134637,6134670,6134681,6134682,6134698,0,0,2,3,0,1,1,1,2,0,2,2,15011200,1876400,1876400,8,0,1655467,332,46051271994300,332,334,16666667,2,16,0
20260813_NV_A2_SMOKE_R0,334,335,6148844,6148877,6151955,6151992,6152005,6152005,6152030,0,0,2,3,0,1,1,1,2,0,2,2,15323200,1915400,1915400,8,0,1343467,332,46051271994300,332,335,16666667,2,16,0
20260813_NV_A2_SMOKE_R0,335,336,6165516,6165561,6170620,6170712,6170758,6170759,6170807,0,0,2,3,0,1,1,1,2,0,2,2,16068800,2008600,2008600,8,0,597867,335,46051320129400,335,336,16666667,2,16,0
20260813_NV_A2_SMOKE_R0,336,337,6182290,6182383,6187890,6187939,6187959,6187959,6187987,0,0,2,3,0,1,1,1,2,0,2,2,15597400,2228200,2228200,7,0,1069267,336,46051340502900,336,337,16666667,2,16,0
20260813_NV_A2_SMOKE_R0,337,338,6198891,6198935,6202765,6202826,6202853,6202853,6202887,0,0,2,3,0,1,1,1,2,0,2,2,15385600,1923200,1923200,8,0,1281067,337,46051357149500,337,338,16666667,2,16,0
20260813_NV_A2_SMOKE_R0,338,339,6215603,6215674,6220814,6220858,6220875,6220876,6220901,0,0,2,3,0,1,1,1,2,0,2,2,16647300,1849700,1849700,9,0,19367,338,46051373841700,338,339,16666667,2,16,0
20260813_NV_A2_SMOKE_R0,339,340,6232189,6232228,6235800,6235841,6235856,6235856,6235877,0,0,2,3,0,1,1,1,2,0,2,2,16650900,1850100,1850100,9,0,15767,339,46051388609700,339,340,16666667,2,16,0
20260813_NV_A2_SMOKE_R0,340,341,6249185,6249234,6253585,6253652,6253681,6253682,6253721,0,0,2,3,0,1,1,1,2,0,2,2,14975200,1871900,1871900,8,0,1691467,340,46051405285800,340,341,16666667,2,16,0
20260813_NV_A2_SMOKE_R0,341,342,6265588,6265658,6270135,6270188,6270210,6270210,6270237,0,0,2,3,0,1,1,1,2,0,2,2,15239200,1904900,1904900,8,0,1427467,340,46051405285800,340,342,16666667,2,16,0
20260813_NV_A2_SMOKE_R0,342,343,6282172,6282203,6284851,6284881,6284894,6284894,6284910,0,0,2,3,0,1,1,1,2,0,2,2,14798700,2114100,2114100,7,0,1867967,342,46051438582900,342,343,16666667,2,16,0
20260813_NV_A2_SMOKE_R0,343,344,6298831,6298859,6301297,6301330,6301342,6301343,6301362,0,0,2,3,0,1,1,1,2,0,2,2,15597400,2228200,2228200,7,0,1069267,343,46051453418400,343,344,16666667,2,16,0
20260813_NV_A2_SMOKE_R0,344,345,6315512,6315549,6320305,6320380,6320414,6320415,6320459,0,0,2,3,0,1,1,1,2,0,2,2,15284000,1910500,1910500,8,0,1382667,344,46051471933100,344,345,16666667,2,16,0
20260813_NV_A2_SMOKE_R0,345,346,6332250,6332315,6337375,6337425,6337444,6337444,6337472,0,0,2,3,0,1,1,1,2,0,2,2,16647300,1849700,1849700,9,0,19367,345,46051490456700,345,346,16666667,2,16,0
20260813_NV_A2_SMOKE_R0,346,347,6348888,6348940,6354568,6354594,6354605,6354606,6354619,0,0,2,3,0,1,1,1,2,0,2,2,16650900,1850100,1850100,9,0,15767,346,46051505239800,346,347,16666667,2,16,0
20260813_NV_A2_SMOKE_R0,347,348,6365575,6365624,6369561,6369601,6369618,6369618,6369638,0,0,2,3,0,1,1,1,2,0,2,2,14945600,1868200,1868200,8,0,1721067,346,46051505239800,346,348,16666667,2,16,0
20260813_NV_A2_SMOKE_R0,348,349,6382200,6382245,6387699,6387779,6387813,6387814,6387857,0,0,2,3,0,1,1,1,2,0,2,2,15163200,1895400,1895400,8,0,1503467,346,46051505239800,346,349,16666667,2,16,0
20260813_NV_A2_SMOKE_R0,349,350,6399563,6399641,6405673,6405784,6405829,6405830,6405884,0,0,2,3,0,1,1,1,2,0,2,2,14683900,2097700,2097700,7,0,1982767,349,46051557090100,349,350,16666667,2,16,0
20260813_NV_A2_SMOKE_R0,350,351,6415607,6415688,6421410,6421461,6421483,6421483,6421509,0,0,2,3,0,1,1,1,2,0,2,2,15597400,2228200,2228200,7,0,1069267,350,46051575599800,350,351,16666667,2,16,0
20260813_NV_A2_SMOKE_R0,351,352,6432204,6432253,6437051,6437133,6437167,6437168,6437215,0,0,2,3,0,1,1,1,2,0,2,2,16648200,1849800,1849800,9,0,18467,351,46051590381400,351,352,16666667,2,16,0
20260813_NV_A2_SMOKE_R0,352,353,6448907,6448971,6455026,6455053,6455063,6455063,6455080,0,0,2,3,0,1,1,1,2,0,2,2,16653600,1850400,1850400,9,0,13067,352,46051607066800,352,353,16666667,2,16,0
20260813_NV_A2_SMOKE_R0,353,354,6465601,6465665,6471422,6471504,6471517,6471517,6471531,0,0,2,3,0,1,1,1,2,0,2,2,16656300,1850700,1850700,9,0,10367,352,46051607066800,352,354,16666667,2,16,0
20260813_NV_A2_SMOKE_R0,354,355,6482193,6482233,6485964,6486002,6486016,6486017,6486033,0,0,2,3,0,1,1,1,2,0,2,2,14739200,2105600,2105600,7,0,1927467,352,46051607066800,352,355,16666667,2,16,0
20260813_NV_A2_SMOKE_R0,355,356,6498843,6498876,6501686,6501720,6501733,6501734,6501751,0,0,2,3,0,1,1,1,2,0,2,2,15452800,1931600,1931600,8,0,1213867,355,46051655186700,355,356,16666667,2,16,0
20260813_NV_A2_SMOKE_R0,356,357,6515501,6515530,6518331,6518365,6518376,6518377,6518393,0,0,2,3,0,1,1,1,2,0,2,2,15903200,1987900,1987900,8,0,763467,356,46051670003800,356,357,16666667,2,16,0
20260813_NV_A2_SMOKE_R0,357,358,6532172,6532204,6534937,6534974,6534988,6534988,6535013,0,0,2,3,0,1,1,1,2,0,2,2,14910400,1863800,1863800,8,0,1756267,357,46051686666500,357,358,16666667,2,16,0
20260813_NV_A2_SMOKE_R0,358,359,6548834,6548862,6551644,6551676,6551687,6551687,6551704,0,0,2,3,0,1,1,1,2,0,2,2,16646400,1849600,1849600,9,0,20267,357,46051686666500,357,359,16666667,2,16,0
20260813_NV_A2_SMOKE_R0,359,360,6565503,6565532,6568287,6568320,6568333,6568333,6568350,0,0,2,3,0,1,1,1,2,0,2,2,16657200,1850800,1850800,9,0,9467,359,46051719985400,359,360,16666667,2,16,0
20260813_NV_A2_SMOKE_R0,360,361,6582171,6582235,6585003,6585037,6585051,6585051,6585068,0,0,2,3,0,1,1,1,2,0,2,2,14912800,1864100,1864100,8,0,1753867,359,46051719985400,359,361,16666667,2,16,0
20260813_NV_A2_SMOKE_R0,361,362,6599065,6599096,6601739,6601780,6601799,6601800,6601823,0,0,2,3,0,1,1,1,2,0,2,2,15080000,1885000,1885000,8,0,1586667,359,46051719985400,359,362,16666667,2,16,0
20260813_NV_A2_SMOKE_R0,362,363,6615571,6615633,6620160,6620206,6620233,6620234,6620261,0,0,2,3,0,1,1,1,2,0,2,2,16653600,2081700,2081700,8,0,13067,362,46051769973300,362,363,16666667,2,16,0
20260813_NV_A2_SMOKE_R0,363,364,6632182,6632223,6635255,6635293,6635308,6635308,6635332,0,0,2,3,0,1,1,1,2,0,2,2,15432200,2204600,2204600,7,0,1234467,363,46051788483700,363,364,16666667,2,16,0
20260813_NV_A2_SMOKE_R0,364,365,6649305,6649354,6654206,6654278,6654310,6654311,6654406,0,0,2,3,0,1,1,1,2,0,2,2,15173600,1896700,1896700,8,0,1493067,364,46051805139800,364,365,16666667,2,16,0
20260813_NV_A2_SMOKE_R0,365,366,6665715,6665797,6673492,6673518,6673529,6673530,6673543,0,0,2,3,0,1,1,1,2,0,2,2,16646400,1849600,1849600,9,0,20267,365,46051823678900,365,366,16666667,2,16,0
20260813_NV_A2_SMOKE_R0,366,367,6682246,6682318,6688285,6688340,6688362,6688363,6688388,0,0,2,3,0,1,1,1,2,0,2,2,16657200,1850800,1850800,9,0,9467,366,46051842140400,366,367,16666667,2,16,0
20260813_NV_A2_SMOKE_R0,367,368,6698859,6698901,6703750,6703803,6703832,6703832,6703863,0,0,2,3,0,1,1,1,2,0,2,2,14891200,1861400,1861400,8,0,1775467,366,46051842140400,366,368,16666667,2,16,0
20260813_NV_A2_SMOKE_R0,368,369,6715576,6715640,6722498,6722526,6722536,6722536,6722549,0,0,2,3,0,1,1,1,2,0,2,2,15033600,1879200,1879200,8,0,1633067,366,46051842140400,366,369,16666667,2,16,0
20260813_NV_A2_SMOKE_R0,369,370,6732231,6732287,6737510,6737537,6737546,6737547,6737559,0,0,2,3,0,1,1,1,2,0,2,2,16653600,2081700,2081700,8,0,13067,369,46051890261700,369,370,16666667,2,16,0
20260813_NV_A2_SMOKE_R0,370,371,6748863,6748904,6752461,6752496,6752510,6752510,6752529,0,0,2,3,0,1,1,1,2,0,2,2,15432200,2204600,2204600,7,0,1234467,370,46051906958900,370,371,16666667,2,16,0
20260813_NV_A2_SMOKE_R0,371,372,6765513,6765548,6768425,6768461,6768479,6768479,6768494,0,0,2,3,0,1,1,1,2,0,2,2,16650000,1850000,1850000,9,0,16667,370,46051906958900,370,372,16666667,2,16,0
20260813_NV_A2_SMOKE_R0,372,373,6782189,6782221,6785661,6785696,6785719,6785719,6785738,0,0,2,3,0,1,1,1,2,0,2,2,15265600,1908200,1908200,8,0,1401067,372,46051936566500,372,373,16666667,2,16,0
20260813_NV_A2_SMOKE_R0,373,374,6798878,6798913,6802397,6802449,6802466,6802467,6802499,0,0,2,3,0,1,1,1,2,0,2,2,16654500,1850500,1850500,9,0,12167,373,46051955086100,373,374,16666667,2,16,0
20260813_NV_A2_SMOKE_R0,374,375,6815597,6815666,6820558,6820606,6820628,6820628,6820656,0,0,2,3,0,1,1,1,2,0,2,2,14948800,1868600,1868600,8,0,1717867,374,46051971758000,374,375,16666667,2,16,0
20260813_NV_A2_SMOKE_R0,375,376,6832210,6832261,6837308,6837335,6837347,6837348,6837361,0,0,2,3,0,1,1,1,2,0,2,2,15275200,1909400,1909400,8,0,1391467,374,46051971758000,374,376,16666667,2,16,0
20260813_NV_A2_SMOKE_R0,376,377,6849182,6849254,6854947,6854999,6855021,6855022,6855051,0,0,2,3,0,1,1,1,2,0,2,2,15769600,1971200,1971200,8,0,897067,376,46052005052000,376,377,16666667,2,16,0
20260813_NV_A2_SMOKE_R0,377,378,6865974,6866027,6872490,6872588,6872624,6872625,6872670,0,0,2,3,0,1,1,1,2,0,2,2,14897600,1862200,1862200,8,0,1769067,377,46052023574300,377,378,16666667,2,16,0
20260813_NV_A2_SMOKE_R0,378,379,6882254,6882323,6889541,6889592,6889621,6889622,6889650,0,0,2,3,0,1,1,1,2,0,2,2,16650000,1850000,1850000,9,0,16667,378,46052042115600,378,379,16666667,2,16,0
20260813_NV_A2_SMOKE_R0,379,380,6898851,6898887,6902346,6902381,6902402,6902403,6902418,0,0,2,3,0,1,1,1,2,0,2,2,15265600,1908200,1908200,8,0,1401067,379,46052058740600,379,380,16666667,2,16,0
20260813_NV_A2_SMOKE_R0,380,381,6915507,6915538,6919197,6919233,6919247,6919248,6919274,0,0,2,3,0,1,1,1,2,0,2,2,16654500,1850500,1850500,9,0,12167,380,46052071702200,380,381,16666667,2,16,0
20260813_NV_A2_SMOKE_R0,381,382,6932170,6932204,6934821,6934854,6934866,6934866,6934884,0,0,2,3,0,1,1,1,2,0,2,2,14940000,1867500,1867500,8,0,1726667,381,46052088364200,381,382,16666667,2,16,0
20260813_NV_A2_SMOKE_R0,382,383,6948847,6948880,6951996,6952032,6952046,6952046,6952074,0,0,2,3,0,1,1,1,2,0,2,2,15192000,1899000,1899000,8,0,1474667,381,46052088364200,381,383,16666667,2,16,0
20260813_NV_A2_SMOKE_R0,383,384,6965502,6965532,6968389,6968423,6968435,6968435,6968460,0,0,2,3,0,1,1,1,2,0,2,2,15769600,1971200,1971200,8,0,897067,383,46052119837200,383,384,16666667,2,16,0
20260813_NV_A2_SMOKE_R0,384,385,6982154,6982178,6984480,6984522,6984536,6984537,6984556,0,0,2,3,0,1,1,1,2,0,2,2,15128800,1891100,1891100,8,0,1537867,383,46052119837200,383,385,16666667,2,16,0
20260813_NV_A2_SMOKE_R0,385,386,6998879,6998925,7002513,7002557,7002577,7002577,7002598,0,0,2,3,0,1,1,1,2,0,2,2,16647300,1849700,1849700,9,0,19367,385,46052153164100,385,386,16666667,2,16,0
20260813_NV_A2_SMOKE_R0,386,387,7015529,7015569,7018968,7019006,7019021,7019021,7019040,0,0,2,3,0,1,1,1,2,0,2,2,16657200,1850800,1850800,9,0,9467,386,46052171678500,386,387,16666667,2,16,0
20260813_NV_A2_SMOKE_R0,387,388,7032190,7032227,7035239,7035274,7035287,7035288,7035315,0,0,2,3,0,1,1,1,2,0,2,2,14867200,1858400,1858400,8,0,1799467,387,46052188330700,387,388,16666667,2,16,0
20260813_NV_A2_SMOKE_R0,388,389,7048849,7048884,7052145,7052181,7052195,7052195,7052214,0,0,2,3,0,1,1,1,2,0,2,2,14993600,1874200,1874200,8,0,1673067,387,46052188330700,387,389,16666667,2,16,0
20260813_NV_A2_SMOKE_R0,389,390,7065504,7065536,7068686,7068721,7068736,7068736,7068754,0,0,2,3,0,1,1,1,2,0,2,2,15367100,2195300,2195300,7,0,1299567,389,46052219804900,389,390,16666667,2,16,0
20260813_NV_A2_SMOKE_R0,390,391,7082425,7082470,7086944,7087011,7087039,7087040,7087076,0,0,2,3,0,1,1,1,2,0,2,2,15131900,2161700,2161700,7,0,1534767,390,46052236470300,390,391,16666667,2,16,0
20260813_NV_A2_SMOKE_R0,391,392,7099369,7099445,7105930,7106035,7106075,7106076,7106135,0,0,2,3,0,1,1,1,2,0,2,2,15072800,1884100,1884100,8,0,1593867,391,46052256850200,391,392,16666667,2,16,0
20260813_NV_A2_SMOKE_R0,392,393,7116130,7116204,7122968,7122993,7123004,7123004,7123017,0,0,2,3,0,1,1,1,2,0,2,2,16647300,1849700,1849700,9,0,19367,392,46052277187100,392,393,16666667,2,16,0
20260813_NV_A2_SMOKE_R0,393,394,7132208,7132263,7138555,7138585,7138595,7138596,7138609,0,0,2,3,0,1,1,1,2,0,2,2,16657200,1850800,1850800,9,0,9467,393,46052291962400,393,394,16666667,2,16,0
20260813_NV_A2_SMOKE_R0,394,395,7148918,7148985,7155886,7155954,7155982,7155983,7156016,0,0,2,3,0,1,1,1,2,0,2,2,14863200,1857900,1857900,8,0,1803467,393,46052291962400,393,395,16666667,2,16,0
20260813_NV_A2_SMOKE_R0,395,396,7165540,7165586,7170893,7170958,7170983,7170984,7171031,0,0,2,3,0,1,1,1,2,0,2,2,14982400,1872800,1872800,8,0,1684267,393,46052291962400,393,396,16666667,2,16,0
20260813_NV_A2_SMOKE_R0,396,397,7182225,7182276,7187905,7187963,7187986,7187986,7188028,0,0,2,3,0,1,1,1,2,0,2,2,15215900,2173700,2173700,7,0,1450767,396,46052340125300,396,397,16666667,2,16,0
20260813_NV_A2_SMOKE_R0,397,398,7199062,7199108,7203465,7203540,7203572,7203573,7203613,0,0,2,3,0,1,1,1,2,0,2,2,15131900,2161700,2161700,7,0,1534767,397,46052356788000,397,398,16666667,2,16,0
20260813_NV_A2_SMOKE_R0,398,399,7215615,7215693,7221103,7221151,7221172,7221173,7221200,0,0,2,3,0,1,1,1,2,0,2,2,15025600,1878200,1878200,8,0,1641067,398,46052373468500,398,399,16666667,2,16,0
20260813_NV_A2_SMOKE_R0,399,400,7232208,7232247,7235486,7235521,7235535,7235535,7235551,0,0,2,3,0,1,1,1,2,0,2,2,16647300,1849700,1849700,9,0,19367,399,46052391922700,399,400,16666667,2,16,0
20260813_NV_A2_SMOKE_R0,400,401,7248856,7248896,7252434,7252470,7252483,7252484,7252505,0,0,2,3,0,1,1,1,2,0,2,2,16657200,1850800,1850800,9,0,9467,400,46052404914200,400,401,16666667,2,16,0
20260813_NV_A2_SMOKE_R0,401,402,7265508,7265541,7268381,7268414,7268426,7268427,7268446,0,0,2,3,0,1,1,1,2,0,2,2,14851200,1856400,1856400,8,0,1815467,400,46052404914200,400,402,16666667,2,16,0
20260813_NV_A2_SMOKE_R0,402,403,7282180,7282212,7285320,7285358,7285376,7285376,7285393,0,0,2,3,0,1,1,1,2,0,2,2,14943200,1867900,1867900,8,0,1723467,400,46052404914200,400,403,16666667,2,16,0
20260813_NV_A2_SMOKE_R0,403,404,7298869,7298908,7303077,7303216,7303269,7303270,7303308,0,0,2,3,0,1,1,1,2,0,2,2,15074500,2153500,2153500,7,0,1592167,403,46052454900800,403,404,16666667,2,16,0
20260813_NV_A2_SMOKE_R0,404,405,7315597,7315668,7322654,7322681,7322692,7322692,7322706,0,0,2,3,0,1,1,1,2,0,2,2,15131900,2161700,2161700,7,0,1534767,404,46052471584600,404,405,16666667,2,16,0
20260813_NV_A2_SMOKE_R0,405,406,7332253,7332316,7338267,7338327,7338355,7338356,7338384,0,0,2,3,0,1,1,1,2,0,2,2,14984000,1873000,1873000,8,0,1682667,405,46052493785100,405,406,16666667,2,16,0
20260813_NV_A2_SMOKE_R0,406,407,7348864,7348904,7352245,7352288,7352303,7352303,7352324,0,0,2,3,0,1,1,1,2,0,2,2,16647300,1849700,1849700,9,0,19367,406,46052508556100,406,407,16666667,2,16,0
20260813_NV_A2_SMOKE_R0,407,408,7366001,7366052,7370670,7370745,7370778,7370778,7370822,0,0,2,3,0,1,1,1,2,0,2,2,16657200,1850800,1850800,9,0,9467,407,46052521541200,407,408,16666667,2,16,0
20260813_NV_A2_SMOKE_R0,408,409,7382208,7382256,7387938,7388007,7388037,7388038,7388076,0,0,2,3,0,1,1,1,2,0,2,2,14836800,1854600,1854600,8,0,1829867,407,46052521541200,407,409,16666667,2,16,0
20260813_NV_A2_SMOKE_R0,409,410,7398990,7399049,7404656,7404767,7404817,7404818,7404885,0,0,2,3,0,1,1,1,2,0,2,2,14912800,1864100,1864100,8,0,1753867,407,46052521541200,407,410,16666667,2,16,0
20260813_NV_A2_SMOKE_R0,410,411,7415697,7415754,7420308,7420360,7420379,7420380,7420407,0,0,2,3,0,1,1,1,2,0,2,2,15597600,1949700,1949700,8,0,1069067,410,46052573372600,410,411,16666667,2,16,0
20260813_NV_A2_SMOKE_R0,411,412,7432227,7432278,7437157,7437217,7437235,7437236,7437262,0,0,2,3,0,1,1,1,2,0,2,2,14876800,1859600,1859600,8,0,1789867,411,46052588175700,411,412,16666667,2,16,0
20260813_NV_A2_SMOKE_R0,412,413,7448896,7448944,7452539,7452574,7452590,7452590,7452608,0,0,2,3,0,1,1,1,2,0,2,2,16650000,1850000,1850000,9,0,16667,412,46052606704100,412,413,16666667,2,16,0
20260813_NV_A2_SMOKE_R0,413,414,7465507,7465538,7468020,7468052,7468065,7468065,7468084,0,0,2,3,0,1,1,1,2,0,2,2,15164000,1895500,1895500,8,0,1502667,413,46052621503900,413,414,16666667,2,16,0
20260813_NV_A2_SMOKE_R0,414,415,7482173,7482206,7485249,7485319,7485346,7485346,7485366,0,0,2,3,0,1,1,1,2,0,2,2,16650000,1850000,1850000,9,0,16667,413,46052621503900,413,415,16666667,2,16,0
20260813_NV_A2_SMOKE_R0,415,416,7498842,7498875,7502020,7502057,7502071,7502072,7502092,0,0,2,3,0,1,1,1,2,0,2,2,14909600,1863700,1863700,8,0,1757067,415,46052652970300,415,416,16666667,2,16,0
20260813_NV_A2_SMOKE_R0,416,417,7515512,7515546,7519048,7519088,7519104,7519104,7519126,0,0,2,3,0,1,1,1,2,0,2,2,15050400,1881300,1881300,8,0,1616267,416,46052671491800,416,417,16666667,2,16,0
20260813_NV_A2_SMOKE_R0,417,418,7532165,7532193,7534950,7534982,7534995,7534996,7535012,0,0,2,3,0,1,1,1,2,0,2,2,15597600,1949700,1949700,8,0,1069067,417,46052688143300,417,418,16666667,2,16,0
20260813_NV_A2_SMOKE_R0,418,419,7548836,7548866,7551474,7551504,7551517,7551517,7551533,0,0,2,3,0,1,1,1,2,0,2,2,14876800,1859600,1859600,8,0,1789867,418,46052702959500,418,419,16666667,2,16,0
20260813_NV_A2_SMOKE_R0,419,420,7565487,7565510,7567612,7567640,7567650,7567650,7567664,0,0,2,3,0,1,1,1,2,0,2,2,16650000,1850000,1850000,9,0,16667,419,46052719625000,419,420,16666667,2,16,0
20260813_NV_A2_SMOKE_R0,420,421,7582164,7582219,7585062,7585095,7585108,7585108,7585126,0,0,2,3,0,1,1,1,2,0,2,2,15164000,1895500,1895500,8,0,1502667,420,46052736284600,420,421,16666667,2,16,0
20260813_NV_A2_SMOKE_R0,421,422,7598869,7598909,7603558,7603630,7603669,7603670,7603710,0,0,2,3,0,1,1,1,2,0,2,2,16650000,1850000,1850000,9,0,16667,420,46052736284600,420,422,16666667,2,16,0
20260813_NV_A2_SMOKE_R0,422,423,7615876,7615946,7623284,7623386,7623432,7623433,7623484,0,0,2,3,0,1,1,1,2,0,2,2,14909600,1863700,1863700,8,0,1757067,422,46052773314700,422,423,16666667,2,16,0
20260813_NV_A2_SMOKE_R0,423,424,7632655,7632733,7640345,7640439,7640482,7640483,7640531,0,0,2,3,0,1,1,1,2,0,2,2,15007200,1875900,1875900,8,0,1659467,422,46052773314700,422,424,16666667,2,16,0
20260813_NV_A2_SMOKE_R0,424,425,7648890,7648943,7656132,7656204,7656236,7656236,7656276,0,0,2,3,0,1,1,1,2,0,2,2,15597600,1949700,1949700,8,0,1069067,424,46052808434200,424,425,16666667,2,16,0
20260813_NV_A2_SMOKE_R0,425,426,7665573,7665631,7669992,7670038,7670056,7670056,7670085,0,0,2,3,0,1,1,1,2,0,2,2,14876800,1859600,1859600,8,0,1789867,425,46052825139600,425,426,16666667,2,16,0
20260813_NV_A2_SMOKE_R0,426,427,7682205,7682246,7686018,7686057,7686072,7686073,7686095,0,0,2,3,0,1,1,1,2,0,2,2,16650000,1850000,1850000,9,0,16667,426,46052838091700,426,427,16666667,2,16,0
20260813_NV_A2_SMOKE_R0,427,428,7698934,7699003,7702597,7702652,7702676,7702676,7702704,0,0,2,3,0,1,1,1,2,0,2,2,15164000,1895500,1895500,8,0,1502667,427,46052854755400,427,428,16666667,2,16,0
20260813_NV_A2_SMOKE_R0,428,429,7715565,7715624,7720235,7720287,7720314,7720314,7720338,0,0,2,3,0,1,1,1,2,0,2,2,16650000,1850000,1850000,9,0,16667,427,46052854755400,427,429,16666667,2,16,0
20260813_NV_A2_SMOKE_R0,429,430,7732190,7732231,7737243,7737323,7737358,7737359,7737407,0,0,2,3,0,1,1,1,2,0,2,2,14909600,1863700,1863700,8,0,1757067,429,46052888050400,429,430,16666667,2,16,0
20260813_NV_A2_SMOKE_R0,430,431,7748890,7748949,7754958,7755019,7755035,7755035,7755048,0,0,2,3,0,1,1,1,2,0,2,2,14973600,1871700,1871700,8,0,1693067,430,46052906588000,430,431,16666667,2,16,0
20260813_NV_A2_SMOKE_R0,431,432,7765556,7765609,7770946,7771011,7771037,7771038,7771075,0,0,2,3,0,1,1,1,2,0,2,2,15597600,1949700,1949700,8,0,1069067,431,46052923222500,431,432,16666667,2,16,0
20260813_NV_A2_SMOKE_R0,432,433,7782234,7782278,7787167,7787287,7787324,7787325,7787362,0,0,2,3,0,1,1,1,2,0,2,2,14876800,1859600,1859600,8,0,1789867,432,46052939930600,432,433,16666667,2,16,0
20260813_NV_A2_SMOKE_R0,433,434,7799094,7799153,7804280,7804336,7804361,7804361,7804395,0,0,2,3,0,1,1,1,2,0,2,2,16650000,1850000,1850000,9,0,16667,433,46052956580800,433,434,16666667,2,16,0
20260813_NV_A2_SMOKE_R0,434,435,7815556,7815609,7819870,7819911,7819927,7819928,7819954,0,0,2,3,0,1,1,1,2,0,2,2,15164000,1895500,1895500,8,0,1502667,434,46052973232900,434,435,16666667,2,16,0
20260813_NV_A2_SMOKE_R0,435,436,7832537,7832590,7838726,7838838,7838873,7838874,7838920,0,0,2,3,0,1,1,1,2,0,2,2,16650000,1850000,1850000,9,0,16667,434,46052973232900,434,436,16666667,2,16,0
20260813_NV_A2_SMOKE_R0,436,437,7849156,7849219,7854776,7854831,7854853,7854854,7854881,0,0,2,3,0,1,1,1,2,0,2,2,14909600,1863700,1863700,8,0,1757067,436,46053008413800,436,437,16666667,2,16,0
20260813_NV_A2_SMOKE_R0,437,438,7865530,7865575,7870799,7870870,7870901,7870902,7870940,0,0,2,3,0,1,1,1,2,0,2,2,14943200,1867900,1867900,8,0,1723467,436,46053008413800,436,438,16666667,2,16,0
20260813_NV_A2_SMOKE_R0,438,439,7882263,7882345,7889070,7889128,7889151,7889152,7889181,0,0,2,3,0,1,1,1,2,0,2,2,15597600,1949700,1949700,8,0,1069067,438,46053039855600,438,439,16666667,2,16,0
20260813_NV_A2_SMOKE_R0,439,440,7898847,7898884,7903327,7903398,7903428,7903428,7903463,0,0,2,3,0,1,1,1,2,0,2,2,14876800,1859600,1859600,8,0,1789867,439,46053058386500,439,440,16666667,2,16,0
20260813_NV_A2_SMOKE_R0,440,441,7915569,7915631,7921603,7921629,7921639,7921639,7921653,0,0,2,3,0,1,1,1,2,0,2,2,16650000,1850000,1850000,9,0,16667,440,46053073205500,440,441,16666667,2,16,0
20260813_NV_A2_SMOKE_R0,441,442,7932254,7932316,7938130,7938197,7938225,7938226,7938256,0,0,2,3,0,1,1,1,2,0,2,2,15164000,1895500,1895500,8,0,1502667,441,46053089842000,441,442,16666667,2,16,0
20260813_NV_A2_SMOKE_R0,442,443,7948837,7948863,7951028,7951058,7951068,7951069,7951082,0,0,2,3,0,1,1,1,2,0,2,2,16647300,1849700,1849700,9,0,19367,441,46053089842000,441,443,16666667,2,16,0
20260813_NV_A2_SMOKE_R0,443,444,7965498,7965527,7968228,7968264,7968278,7968278,7968299,0,0,2,3,0,1,1,1,2,0,2,2,14902400,1862800,1862800,8,0,1764267,443,46053119471700,443,444,16666667,2,16,0
20260813_NV_A2_SMOKE_R0,444,445,7982186,7982221,7985192,7985234,7985250,7985251,7985271,0,0,2,3,0,1,1,1,2,0,2,2,14917600,1864700,1864700,8,0,1749067,443,46053119471700,443,445,16666667,2,16,0
20260813_NV_A2_SMOKE_R0,445,446,7998839,7998874,8001633,8001670,8001684,8001685,8001703,0,0,2,3,0,1,1,1,2,0,2,2,15501600,1937700,1937700,8,0,1165067,445,46053154642500,445,446,16666667,2,16,0
20260813_NV_A2_SMOKE_R0,446,447,8015526,8015567,8018668,8018703,8018717,8018717,8018736,0,0,2,3,0,1,1,1,2,0,2,2,14876800,1859600,1859600,8,0,1789867,446,46053169451500,446,447,16666667,2,16,0
20260813_NV_A2_SMOKE_R0,447,448,8032188,8032233,8037131,8037206,8037244,8037245,8037295,0,0,2,3,0,1,1,1,2,0,2,2,16650000,1850000,1850000,9,0,16667,447,46053187970300,447,448,16666667,2,16,0
20260813_NV_A2_SMOKE_R0,448,449,8048908,8048968,8053880,8053926,8053949,8053949,8053979,0,0,2,3,0,1,1,1,2,0,2,2,15164000,1895500,1895500,8,0,1502667,448,46053206479900,448,449,16666667,2,16,0
20260813_NV_A2_SMOKE_R0,449,450,8065523,8065565,8070725,8070808,8070843,8070844,8070890,0,0,2,3,0,1,1,1,2,0,2,2,16647300,1849700,1849700,9,0,19367,449,46053223122400,449,450,16666667,2,16,0
20260813_NV_A2_SMOKE_R0,450,451,8082239,8082306,8088823,8088864,8088875,8088875,8088889,0,0,2,3,0,1,1,1,2,0,2,2,14902400,1862800,1862800,8,0,1764267,450,46053239801900,450,451,16666667,2,16,0
20260813_NV_A2_SMOKE_R0,451,452,8098884,8098923,8102471,8102511,8102526,8102526,8102548,0,0,2,3,0,1,1,1,2,0,2,2,14899200,1862400,1862400,8,0,1767467,450,46053239801900,450,452,16666667,2,16,0
20260813_NV_A2_SMOKE_R0,452,453,8115506,8115536,8118818,8118855,8118869,8118870,8118887,0,0,2,3,0,1,1,1,2,0,2,2,15920800,1990100,1990100,8,0,745867,452,46053271247000,452,453,16666667,2,16,0
20260813_NV_A2_SMOKE_R0,453,454,8132170,8132202,8134660,8134694,8134705,8134706,8134721,0,0,2,3,0,1,1,1,2,0,2,2,14876800,1859600,1859600,8,0,1789867,453,46053287933600,453,454,16666667,2,16,0
20260813_NV_A2_SMOKE_R0,454,455,8149056,8149097,8153865,8153936,8153972,8153972,8154015,0,0,2,3,0,1,1,1,2,0,2,2,16649100,1849900,1849900,9,0,17567,453,46053287933600,453,455,16666667,2,16,0
20260813_NV_A2_SMOKE_R0,455,456,8165481,8165502,8167223,8167256,8167267,8167268,8167284,0,0,2,3,0,1,1,1,2,0,2,2,16657200,1850800,1850800,9,0,9467,455,46053323122500,455,456,16666667,2,16,0
20260813_NV_A2_SMOKE_R0,456,457,8182158,8182185,8184819,8184864,8184880,8184881,8184908,0,0,2,3,0,1,1,1,2,0,2,2,14821600,1852700,1852700,8,0,1845067,455,46053323122500,455,457,16666667,2,16,0
20260813_NV_A2_SMOKE_R0,457,458,8198971,8199015,8203066,8203115,8203136,8203137,8203162,0,0,2,3,0,1,1,1,2,0,2,2,14894400,1861800,1861800,8,0,1772267,455,46053323122500,455,458,16666667,2,16,0
20260813_NV_A2_SMOKE_R0,458,459,8215562,8215611,8221000,8221054,8221076,8221077,8221111,0,0,2,3,0,1,1,1,2,0,2,2,14589400,2084200,2084200,7,0,2077267,458,46053371230100,458,459,16666667,2,16,0
20260813_NV_A2_SMOKE_R0,459,460,8232197,8232238,8235485,8235520,8235533,8235533,8235550,0,0,2,3,0,1,1,1,2,0,2,2,16388000,2048500,2048500,8,0,278667,459,46053389754300,459,460,16666667,2,16,0
20260813_NV_A2_SMOKE_R0,460,461,8248871,8248916,8252930,8252972,8252989,8252990,8253013,0,0,2,3,0,1,1,1,2,0,2,2,14904000,1863000,1863000,8,0,1762667,460,46053406398900,460,461,16666667,2,16,0
20260813_NV_A2_SMOKE_R0,461,462,8265510,8265544,8268589,8268624,8268638,8268638,8268659,0,0,2,3,0,1,1,1,2,0,2,2,15101600,1887700,1887700,8,0,1565067,460,46053406398900,460,462,16666667,2,16,0
20260813_NV_A2_SMOKE_R0,462,463,8282180,8282221,8285347,8285380,8285395,8285396,8285412,0,0,2,3,0,1,1,1,2,0,2,2,16653600,1850400,1850400,9,0,13067,462,46053439728100,462,463,16666667,2,16,0
20260813_NV_A2_SMOKE_R0,463,464,8298841,8298876,8301998,8302039,8302054,8302054,8302073,0,0,2,3,0,1,1,1,2,0,2,2,14821600,1852700,1852700,8,0,1845067,463,46053454536400,463,464,16666667,2,16,0
20260813_NV_A2_SMOKE_R0,464,465,8315524,8315568,8321271,8321336,8321365,8321365,8321399,0,0,2,3,0,1,1,1,2,0,2,2,14877600,1859700,1859700,8,0,1789067,463,46053454536400,463,465,16666667,2,16,0
20260813_NV_A2_SMOKE_R0,465,466,8332240,8332302,8337882,8337938,8337962,8337963,8337996,0,0,2,3,0,1,1,1,2,0,2,2,14589400,2084200,2084200,7,0,2077267,465,46053489695100,465,466,16666667,2,16,0
20260813_NV_A2_SMOKE_R0,466,467,8348873,8348915,8352783,8352827,8352845,8352846,8352870,0,0,2,3,0,1,1,1,2,0,2,2,16388000,2048500,2048500,8,0,278667,466,46053506365400,466,467,16666667,2,16,0
20260813_NV_A2_SMOKE_R0,467,468,8365519,8365556,8369203,8369241,8369255,8369256,8369275,0,0,2,3,0,1,1,1,2,0,2,2,14885600,1860700,1860700,8,0,1781067,467,46053523024500,467,468,16666667,2,16,0
20260813_NV_A2_SMOKE_R0,468,469,8382196,8382237,8385701,8385735,8385749,8385750,8385770,0,0,2,3,0,1,1,1,2,0,2,2,15050400,1881300,1881300,8,0,1616267,467,46053523024500,467,469,16666667,2,16,0
20260813_NV_A2_SMOKE_R0,469,470,8398948,8398990,8403902,8403990,8404025,8404027,8404078,0,0,2,3,0,1,1,1,2,0,2,2,16650000,1850000,1850000,9,0,16667,469,46053556351100,469,470,16666667,2,16,0
20260813_NV_A2_SMOKE_R0,470,471,8416164,8416235,8422667,8422733,8422757,8422757,8422793,0,0,2,3,0,1,1,1,2,0,2,2,14821600,1852700,1852700,8,0,1845067,470,46053573033900,470,471,16666667,2,16,0
20260813_NV_A2_SMOKE_R0,471,472,8432205,8432247,8436189,8436241,8436266,8436266,8436321,0,0,2,3,0,1,1,1,2,0,2,2,14862400,1857800,1857800,8,0,1804267,470,46053573033900,470,472,16666667,2,16,0
20260813_NV_A2_SMOKE_R0,472,473,8448858,8448902,8452540,8452577,8452592,8452592,8452613,0,0,2,3,0,1,1,1,2,0,2,2,15727200,1965900,1965900,8,0,939467,472,46053610039700,472,473,16666667,2,16,0
20260813_NV_A2_SMOKE_R0,473,474,8465509,8465539,8468269,8468307,8468319,8468319,8468334,0,0,2,3,0,1,1,1,2,0,2,2,14868000,1858500,1858500,8,0,1798667,473,46053621131300,473,474,16666667,2,16,0
20260813_NV_A2_SMOKE_R0,474,475,8482179,8482218,8485228,8485259,8485272,8485272,8485291,0,0,2,3,0,1,1,1,2,0,2,2,15207200,1900900,1900900,8,0,1459467,474,46053637806600,474,475,16666667,2,16,0
20260813_NV_A2_SMOKE_R0,475,476,8498845,8498881,8503062,8503146,8503202,8503203,8503253,0,0,2,3,0,1,1,1,2,0,2,2,15036000,1879500,1879500,8,0,1630667,475,46053654460700,475,476,16666667,2,16,0
20260813_NV_A2_SMOKE_R0,476,477,8515603,8515674,8521060,8521175,8521214,8521214,8521240,0,0,2,3,0,1,1,1,2,0,2,2,16650000,1850000,1850000,9,0,16667,476,46053673004500,476,477,16666667,2,16,0
20260813_NV_A2_SMOKE_R0,477,478,8532194,8532227,8535103,8535137,8535151,8535151,8535169,0,0,2,3,0,1,1,1,2,0,2,2,14821600,1852700,1852700,8,0,1845067,477,46053689614400,477,478,16666667,2,16,0
20260813_NV_A2_SMOKE_R0,478,479,8548830,8548858,8551779,8551813,8551829,8551830,8551846,0,0,2,3,0,1,1,1,2,0,2,2,14851200,1856400,1856400,8,0,1815467,478,46053704443300,478,479,16666667,2,16,0
20260813_NV_A2_SMOKE_R0,479,480,8565503,8565531,8568227,8568260,8568274,8568274,8568291,0,0,2,3,0,1,1,1,2,0,2,2,16556000,2069500,2069500,8,0,110667,479,46053721104000,479,480,16666667,2,16,0
20260813_NV_A2_SMOKE_R0,480,481,8582172,8582231,8585137,8585174,8585188,8585188,8585207,0,0,2,3,0,1,1,1,2,0,2,2,16288800,2036100,2036100,8,0,377867,480,46053735916200,480,481,16666667,2,16,0
20260813_NV_A2_SMOKE_R0,481,482,8598848,8598882,8602180,8602222,8602242,8602242,8602260,0,0,2,3,0,1,1,1,2,0,2,2,14876000,1859500,1859500,8,0,1790667,481,46053754429400,481,482,16666667,2,16,0
20260813_NV_A2_SMOKE_R0,482,483,8615581,8615627,8619779,8619822,8619839,8619839,8619863,0,0,2,3,0,1,1,1,2,0,2,2,14995200,1874400,1874400,8,0,1671467,481,46053754429400,481,483,16666667,2,16,0
20260813_NV_A2_SMOKE_R0,483,484,8632210,8632259,8637829,8637919,8637954,8637955,8638002,0,0,2,3,0,1,1,1,2,0,2,2,16650000,1850000,1850000,9,0,16667,483,46053787744500,483,484,16666667,2,16,0
20260813_NV_A2_SMOKE_R0,484,485,8648928,8648999,8654247,8654274,8654284,8654284,8654298,0,0,2,3,0,1,1,1,2,0,2,2,14821600,1852700,1852700,8,0,1845067,484,46053806278100,484,485,16666667,2,16,0
20260813_NV_A2_SMOKE_R0,485,486,8665530,8665569,8670233,8670297,8670329,8670330,8670364,0,0,2,3,0,1,1,1,2,0,2,2,14844000,1855500,1855500,8,0,1822667,484,46053806278100,484,486,16666667,2,16,0
20260813_NV_A2_SMOKE_R0,486,487,8682211,8682257,8686167,8686203,8686218,8686218,8686237,0,0,2,3,0,1,1,1,2,0,2,2,14795900,2113700,2113700,7,0,1870767,486,46053839572700,486,487,16666667,2,16,0
20260813_NV_A2_SMOKE_R0,487,488,8698840,8698870,8701607,8701638,8701650,8701650,8701667,0,0,2,3,0,1,1,1,2,0,2,2,16288800,2036100,2036100,8,0,377867,487,46053854382200,487,488,16666667,2,16,0
20260813_NV_A2_SMOKE_R0,488,489,8715502,8715532,8718513,8718545,8718558,8718559,8718577,0,0,2,3,0,1,1,1,2,0,2,2,14862400,1857800,1857800,8,0,1804267,488,46053871049500,488,489,16666667,2,16,0
20260813_NV_A2_SMOKE_R0,489,490,8732181,8732215,8735078,8735117,8735134,8735135,8735152,0,0,2,3,0,1,1,1,2,0,2,2,14972000,1871500,1871500,8,0,1694667,488,46053871049500,488,490,16666667,2,16,0
20260813_NV_A2_SMOKE_R0,490,491,8748842,8748875,8751874,8751908,8751925,8751926,8751947,0,0,2,3,0,1,1,1,2,0,2,2,16650900,1850100,1850100,9,0,15767,490,46053906226300,490,491,16666667,2,16,0
20260813_NV_A2_SMOKE_R0,491,492,8765505,8765538,8768462,8768495,8768508,8768508,8768527,0,0,2,3,0,1,1,1,2,0,2,2,14821600,1852700,1852700,8,0,1845067,491,46053921035200,491,492,16666667,2,16,0
20260813_NV_A2_SMOKE_R0,492,493,8782180,8782215,8785689,8785724,8785738,8785738,8785758,0,0,2,3,0,1,1,1,2,0,2,2,14836800,1854600,1854600,8,0,1829867,491,46053921035200,491,493,16666667,2,16,0
20260813_NV_A2_SMOKE_R0,493,494,8798924,8798966,8804148,8804248,8804288,8804289,8804335,0,0,2,3,0,1,1,1,2,0,2,2,14795900,2113700,2113700,7,0,1870767,493,46053954351500,493,494,16666667,2,16,0
20260813_NV_A2_SMOKE_R0,494,495,8815610,8815684,8821884,8821940,8821965,8821965,8821997,0,0,2,3,0,1,1,1,2,0,2,2,16288800,2036100,2036100,8,0,377867,494,46053972902000,494,495,16666667,2,16,0
20260813_NV_A2_SMOKE_R0,495,496,8832252,8832308,8836358,8836403,8836422,8836423,8836451,0,0,2,3,0,1,1,1,2,0,2,2,14851200,1856400,1856400,8,0,1815467,495,46053991363600,495,496,16666667,2,16,0
20260813_NV_A2_SMOKE_R0,496,497,8849312,8849365,8854322,8854399,8854433,8854434,8854480,0,0,2,3,0,1,1,1,2,0,2,2,14943200,1867900,1867900,8,0,1723467,495,46053991363600,495,497,16666667,2,16,0
20260813_NV_A2_SMOKE_R0,497,498,8865578,8865647,8869926,8869973,8869992,8869992,8870021,0,0,2,3,0,1,1,1,2,0,2,2,16654500,1850500,1850500,9,0,12167,497,46054022853800,497,498,16666667,2,16,0
20260813_NV_A2_SMOKE_R0,498,499,8882202,8882243,8885791,8885827,8885843,8885843,8885861,0,0,2,3,0,1,1,1,2,0,2,2,14821600,1852700,1852700,8,0,1845067,498,46054037657400,498,499,16666667,2,16,0
20260813_NV_A2_SMOKE_R0,499,500,8898851,8898888,8902098,8902135,8902150,8902150,8902169,0,0,2,3,0,1,1,1,2,0,2,2,14829600,1853700,1853700,8,0,1837067,498,46054037657400,498,500,16666667,2,16,0
20260813_NV_A2_SMOKE_R0,500,501,8915535,8915576,8919287,8919328,8919346,8919346,8919367,0,0,2,3,0,1,1,1,2,0,2,2,14795900,2113700,2113700,7,0,1870767,500,46054070970500,500,501,16666667,2,16,0
20260813_NV_A2_SMOKE_R0,501,502,8932164,8932190,8933957,8933996,8934007,8934007,8934025,0,0,2,3,0,1,1,1,2,0,2,2,16288800,2036100,2036100,8,0,377867,501,46054087642600,501,502,16666667,2,16,0
20260813_NV_A2_SMOKE_R0,502,503,8948828,8948856,8951597,8951636,8951648,8951648,8951669,0,0,2,3,0,1,1,1,2,0,2,2,14841600,1855200,1855200,8,0,1825067,502,46054104293400,502,503,16666667,2,16,0
20260813_NV_A2_SMOKE_R0,503,504,8965501,8965530,8968202,8968239,8968256,8968257,8968273,0,0,2,3,0,1,1,1,2,0,2,2,14912800,1864100,1864100,8,0,1753867,502,46054104293400,502,504,16666667,2,16,0
20260813_NV_A2_SMOKE_R0,504,505,8982169,8982201,8985017,8985051,8985065,8985065,8985089,0,0,2,3,0,1,1,1,2,0,2,2,16653600,1850400,1850400,9,0,13067,504,46054137619600,504,505,16666667,2,16,0
20260813_NV_A2_SMOKE_R0,505,506,8998921,8998957,9001723,9001771,9001789,9001789,9001815,0,0,2,3,0,1,1,1,2,0,2,2,14821600,1852700,1852700,8,0,1845067,505,46054154280600,505,506,16666667,2,16,0
20260813_NV_A2_SMOKE_R0,506,507,9015594,9015663,9022733,9022823,9022839,9022839,9022856,0,0,2,3,0,1,1,1,2,0,2,2,14824800,1853100,1853100,8,0,1841867,506,46054170952200,506,507,16666667,2,16,0
20260813_NV_A2_SMOKE_R0,507,508,9032263,9032334,9038895,9038938,9038950,9038950,9038966,0,0,2,3,0,1,1,1,2,0,2,2,14795900,2113700,2113700,7,0,1870767,507,46054191275300,507,508,16666667,2,16,0
20260813_NV_A2_SMOKE_R0,508,509,9048877,9048923,9052797,9052835,9052853,9052853,9052875,0,0,2,3,0,1,1,1,2,0,2,2,16288800,2036100,2036100,8,0,377867,508,46054207952400,508,509,16666667,2,16,0
20260813_NV_A2_SMOKE_R0,509,510,9065549,9065591,9068973,9069011,9069026,9069027,9069046,0,0,2,3,0,1,1,1,2,0,2,2,14836000,1854500,1854500,8,0,1830667,509,46054222767400,509,510,16666667,2,16,0
20260813_NV_A2_SMOKE_R0,510,511,9082201,9082245,9086514,9086565,9086586,9086586,9086612,0,0,2,3,0,1,1,1,2,0,2,2,14900000,1862500,1862500,8,0,1766667,509,46054222767400,509,511,16666667,2,16,0
20260813_NV_A2_SMOKE_R0,511,512,9099103,9099146,9102850,9102911,9102940,9102941,9102974,0,0,2,3,0,1,1,1,2,0,2,2,16650900,1850100,1850100,9,0,15767,511,46054256089500,511,512,16666667,2,16,0
20260813_NV_A2_SMOKE_R0,512,513,9116140,9116216,9122907,9122965,9122988,9122989,9123021,0,0,2,3,0,1,1,1,2,0,2,2,14821600,1852700,1852700,8,0,1845067,512,46054270924300,512,513,16666667,2,16,0
20260813_NV_A2_SMOKE_R0,513,514,9132176,9132209,9134310,9134353,9134364,9134364,9134382,0,0,2,3,0,1,1,1,2,0,2,2,14820000,1852500,1852500,8,0,1846667,512,46054270924300,512,514,16666667,2,16,0
20260813_NV_A2_SMOKE_R0,514,515,9148826,9148850,9150709,9150748,9150759,9150759,9150777,0,0,2,3,0,1,1,1,2,0,2,2,14679000,2097000,2097000,7,0,1987667,514,46054302367200,514,515,16666667,2,16,0
20260813_NV_A2_SMOKE_R0,515,516,9165506,9165535,9167393,9167437,9167451,9167451,9167472,0,0,2,3,0,1,1,1,2,0,2,2,16288800,2036100,2036100,8,0,377867,515,46054319038600,515,516,16666667,2,16,0
20260813_NV_A2_SMOKE_R0,516,517,9182166,9182194,9184108,9184153,9184167,9184167,9184186,0,0,2,3,0,1,1,1,2,0,2,2,14819200,1852400,1852400,8,0,1847467,515,46054319038600,515,517,16666667,2,16,0
20260813_NV_A2_SMOKE_R0,517,518,9198833,9198863,9200684,9200729,9200741,9200742,9200760,0,0,2,3,0,1,1,1,2,0,2,2,16196000,2024500,2024500,8,0,470667,515,46054319038600,515,518,16666667,2,16,0
20260813_NV_A2_SMOKE_R0,518,519,9215628,9215654,9217558,9217600,9217612,9217613,9217633,0,0,2,3,0,1,1,1,2,0,2,2,14818400,1852300,1852300,8,0,1848267,515,46054319038600,515,519,16666667,2,16,0
20260813_NV_A2_SMOKE_R0,519,520,9232159,9232185,9233937,9233978,9233990,9233991,9234008,0,0,2,3,0,1,1,1,2,0,2,2,14828000,1853500,1853500,8,0,1838667,515,46054319038600,515,520,16666667,2,16,0
20260813_NV_A2_SMOKE_R0,520,521,9248825,9248852,9250726,9250766,9250778,9250778,9250798,0,0,2,3,0,1,1,1,2,0,2,2,15476000,1934500,1934500,8,0,1190667,515,46054319038600,515,521,16666667,2,16,0
20260813_NV_A2_SMOKE_R0,521,522,9265493,9265520,9267290,9267333,9267345,9267345,9267365,0,0,2,3,0,1,1,1,2,0,2,2,16648200,1849800,1849800,9,0,18467,515,46054319038600,515,522,16666667,2,16,0
20260813_NV_A2_SMOKE_R0,522,523,9282155,9282181,9284050,9284091,9284103,9284104,9284124,0,0,2,3,0,1,1,1,2,0,2,2,14832800,1854100,1854100,8,0,1833867,515,46054319038600,515,523,16666667,2,16,0
20260813_NV_A2_SMOKE_R0,523,524,9298817,9298841,9300555,9300590,9300601,9300601,9300617,0,0,2,3,0,1,1,1,2,0,2,2,14821600,1852700,1852700,8,0,1845067,515,46054319038600,515,524,16666667,2,16,0
20260813_NV_A2_SMOKE_R0,524,525,9315476,9315494,9317415,9317475,9317495,9317496,9317510,0,0,2,3,0,1,1,1,2,0,2,2,16648200,1849800,1849800,9,0,18467,524,46054470833000,524,525,16666667,2,16,0
20260813_NV_A2_SMOKE_R0,525,526,9332166,9332194,9334823,9334859,9334872,9334872,9334896,0,0,2,3,0,1,1,1,2,0,2,2,16659000,1851000,1851000,9,0,7667,525,46054485641700,525,526,16666667,2,16,0
20260813_NV_A2_SMOKE_R0,526,527,9348851,9348892,9353845,9353900,9353922,9353923,9353962,0,0,2,3,0,1,1,1,2,0,2,2,14815200,1851900,1851900,8,0,1851467,526,46054504155600,526,527,16666667,2,16,0
20260813_NV_A2_SMOKE_R0,527,528,9365550,9365604,9371870,9371907,9371921,9371921,9371934,0,0,2,3,0,1,1,1,2,0,2,2,14816000,1852000,1852000,8,0,1850667,526,46054504155600,526,528,16666667,2,16,0
20260813_NV_A2_SMOKE_R0,528,529,9382234,9382295,9388090,9388150,9388175,9388176,9388206,0,0,2,3,0,1,1,1,2,0,2,2,16327200,2040900,2040900,8,0,339467,528,46054541143300,528,529,16666667,2,16,0
20260813_NV_A2_SMOKE_R0,529,530,9399360,9399429,9404458,9404547,9404581,9404582,9404623,0,0,2,3,0,1,1,1,2,0,2,2,15950400,1993800,1993800,8,0,716267,529,46054556054900,529,530,16666667,2,16,0
20260813_NV_A2_SMOKE_R0,530,531,9415614,9415686,9421160,9421213,9421234,9421235,9421262,0,0,2,3,0,1,1,1,2,0,2,2,14820800,1852600,1852600,8,0,1845867,530,46054574510000,530,531,16666667,2,16,0
20260813_NV_A2_SMOKE_R0,531,532,9432200,9432247,9435140,9435180,9435194,9435194,9435215,0,0,2,3,0,1,1,1,2,0,2,2,16659000,1851000,1851000,9,0,7667,530,46054574510000,530,532,16666667,2,16,0
20260813_NV_A2_SMOKE_R0,532,533,9448848,9448885,9451869,9451905,9451918,9451918,9451938,0,0,2,3,0,1,1,1,2,0,2,2,16650900,1850100,1850100,9,0,15767,532,46054605968000,532,533,16666667,2,16,0
20260813_NV_A2_SMOKE_R0,533,534,9465514,9465546,9468399,9468433,9468451,9468451,9468467,0,0,2,3,0,1,1,1,2,0,2,2,15323200,1915400,1915400,8,0,1343467,532,46054605968000,532,534,16666667,2,16,0
20260813_NV_A2_SMOKE_R0,534,535,9482173,9482209,9484873,9484904,9484916,9484917,9484933,0,0,2,3,0,1,1,1,2,0,2,2,16060000,2007500,2007500,8,0,606667,532,46054605968000,532,535,16666667,2,16,0
20260813_NV_A2_SMOKE_R0,535,536,9498835,9498869,9501429,9501461,9501473,9501474,9501490,0,0,2,3,0,1,1,1,2,0,2,2,16341600,2042700,2042700,8,0,325067,535,46054654089500,535,536,16666667,2,16,0
20260813_NV_A2_SMOKE_R0,536,537,9515517,9515554,9520579,9520635,9520658,9520659,9520691,0,0,2,3,0,1,1,1,2,0,2,2,14820800,1852600,1852600,8,0,1845867,536,46054670760400,536,537,16666667,2,16,0
20260813_NV_A2_SMOKE_R0,537,538,9532231,9532286,9537603,9537655,9537679,9537680,9537709,0,0,2,3,0,1,1,1,2,0,2,2,14848800,1856100,1856100,8,0,1817867,536,46054670760400,536,538,16666667,2,16,0
20260813_NV_A2_SMOKE_R0,538,539,9548874,9548923,9553674,9553725,9553751,9553752,9553777,0,0,2,3,0,1,1,1,2,0,2,2,16650900,1850100,1850100,9,0,15767,538,46054705912600,538,539,16666667,2,16,0
20260813_NV_A2_SMOKE_R0,539,540,9565540,9565591,9571782,9571878,9571918,9571919,9571950,0,0,2,3,0,1,1,1,2,0,2,2,16665300,1851700,1851700,9,0,1367,539,46054722590600,539,540,16666667,2,16,0
20260813_NV_A2_SMOKE_R0,540,541,9582240,9582353,9588625,9588679,9588701,9588701,9588739,0,0,2,3,0,1,1,1,2,0,2,2,16664400,1851600,1851600,9,0,2267,540,46054741113100,540,541,16666667,2,16,0
20260813_NV_A2_SMOKE_R0,541,542,9599015,9599075,9605060,9605143,9605178,9605179,9605223,0,0,2,3,0,1,1,1,2,0,2,2,15156800,1894600,1894600,8,0,1509867,540,46054741113100,540,542,16666667,2,16,0
20260813_NV_A2_SMOKE_R0,542,543,9615832,9615894,9622650,9622681,9622691,9622692,9622706,0,0,2,3,0,1,1,1,2,0,2,2,14820800,1852600,1852600,8,0,1845867,540,46054741113100,540,543,16666667,2,16,0
20260813_NV_A2_SMOKE_R0,543,544,9632867,9632940,9639192,9639257,9639285,9639286,9639321,0,0,2,3,0,1,1,1,2,0,2,2,15719200,1964900,1964900,8,0,947467,543,46054791046300,543,544,16666667,2,16,0
20260813_NV_A2_SMOKE_R0,544,545,9648878,9648931,9655177,9655240,9655271,9655272,9655311,0,0,2,3,0,1,1,1,2,0,2,2,16659000,1851000,1851000,9,0,7667,544,46054807741100,544,545,16666667,2,16,0
20260813_NV_A2_SMOKE_R0,545,546,9665544,9665592,9669351,9669392,9669408,9669409,9669432,0,0,2,3,0,1,1,1,2,0,2,2,16650900,1850100,1850100,9,0,15767,545,46054824396800,545,546,16666667,2,16,0
20260813_NV_A2_SMOKE_R0,546,547,9682187,9682222,9685386,9685418,9685431,9685432,9685450,0,0,2,3,0,1,1,1,2,0,2,2,15230400,1903800,1903800,8,0,1436267,545,46054824396800,545,547,16666667,2,16,0
20260813_NV_A2_SMOKE_R0,547,548,9698849,9698883,9701857,9701895,9701913,9701913,9701931,0,0,2,3,0,1,1,1,2,0,2,2,15774400,1971800,1971800,8,0,892267,545,46054824396800,545,548,16666667,2,16,0
20260813_NV_A2_SMOKE_R0,548,549,9715529,9715572,9721302,9721379,9721409,9721410,9721452,0,0,2,3,0,1,1,1,2,0,2,2,16618400,2077300,2077300,8,0,48267,548,46054870680400,548,549,16666667,2,16,0
20260813_NV_A2_SMOKE_R0,549,550,9732255,9732328,9737718,9737780,9737809,9737810,9737840,0,0,2,3,0,1,1,1,2,0,2,2,14820800,1852600,1852600,8,0,1845867,549,46054891042600,549,550,16666667,2,16,0
20260813_NV_A2_SMOKE_R0,550,551,9748839,9748870,9751700,9751733,9751746,9751746,9751764,0,0,2,3,0,1,1,1,2,0,2,2,14837600,1854700,1854700,8,0,1829067,549,46054891042600,549,551,16666667,2,16,0
20260813_NV_A2_SMOKE_R0,551,552,9765500,9765527,9767989,9768021,9768033,9768034,9768050,0,0,2,3,0,1,1,1,2,0,2,2,16663500,1851500,1851500,9,0,3167,549,46054891042600,549,552,16666667,2,16,0
20260813_NV_A2_SMOKE_R0,552,553,9782182,9782215,9785346,9785383,9785397,9785397,9785414,0,0,2,3,0,1,1,1,2,0,2,2,14840800,1855100,1855100,8,0,1825867,552,46054937324100,552,553,16666667,2,16,0
20260813_NV_A2_SMOKE_R0,553,554,9798841,9798879,9801816,9801852,9801866,9801866,9801885,0,0,2,3,0,1,1,1,2,0,2,2,14823200,1852900,1852900,8,0,1843467,552,46054937324100,552,554,16666667,2,16,0
20260813_NV_A2_SMOKE_R0,554,555,9815526,9815566,9820236,9820296,9820320,9820321,9820363,0,0,2,3,0,1,1,1,2,0,2,2,15134400,1891800,1891800,8,0,1532267,554,46054970640800,554,555,16666667,2,16,0
20260813_NV_A2_SMOKE_R0,555,556,9832215,9832265,9838269,9838369,9838412,9838413,9838456,0,0,2,3,0,1,1,1,2,0,2,2,16072800,2009100,2009100,8,0,593867,555,46054989174600,555,556,16666667,2,16,0
20260813_NV_A2_SMOKE_R0,556,557,9849173,9849246,9857003,9857077,9857112,9857113,9857152,0,0,2,3,0,1,1,1,2,0,2,2,14977600,1872200,1872200,8,0,1689067,556,46055007662400,556,557,16666667,2,16,0
20260813_NV_A2_SMOKE_R0,557,558,9865589,9865656,9871127,9871194,9871223,9871224,9871259,0,0,2,3,0,1,1,1,2,0,2,2,16662600,1851400,1851400,9,0,4067,556,46055007662400,556,558,16666667,2,16,0
20260813_NV_A2_SMOKE_R0,558,559,9882194,9882237,9887648,9887715,9887749,9887750,9887787,0,0,2,3,0,1,1,1,2,0,2,2,15722400,1965300,1965300,8,0,944267,558,46055039109300,558,559,16666667,2,16,0
20260813_NV_A2_SMOKE_R0,559,560,9898886,9898932,9902750,9902794,9902809,9902809,9902830,0,0,2,3,0,1,1,1,2,0,2,2,14840800,1855100,1855100,8,0,1825867,559,46055055797800,559,560,16666667,2,16,0
20260813_NV_A2_SMOKE_R0,560,561,9915517,9915553,9918770,9918804,9918817,9918817,9918839,0,0,2,3,0,1,1,1,2,0,2,2,16663500,1851500,1851500,9,0,3167,560,46055070604500,560,561,16666667,2,16,0
20260813_NV_A2_SMOKE_R0,561,562,9932143,9932161,9933850,9933878,9933888,9933889,9933901,0,0,2,3,0,1,1,1,2,0,2,2,15713600,1964200,1964200,8,0,953067,561,46055087272700,561,562,16666667,2,16,0
20260813_NV_A2_SMOKE_R0,562,563,9948825,9948850,9951995,9952042,9952060,9952061,9952086,0,0,2,3,0,1,1,1,2,0,2,2,16504800,2063100,2063100,8,0,161867,562,46055102082000,562,563,16666667,2,16,0
20260813_NV_A2_SMOKE_R0,563,564,9965545,9965593,9969849,9969898,9969916,9969917,9969940,0,0,2,3,0,1,1,1,2,0,2,2,14956000,1869500,1869500,8,0,1710667,562,46055102082000,562,564,16666667,2,16,0
20260813_NV_A2_SMOKE_R0,564,565,9982204,9982247,9986266,9986310,9986327,9986328,9986349,0,0,2,3,0,1,1,1,2,0,2,2,14833600,1854200,1854200,8,0,1833067,562,46055102082000,562,565,16666667,2,16,0
20260813_NV_A2_SMOKE_R0,565,566,9998840,9998873,10001244,10001285,10001296,10001296,10001313,0,0,2,3,0,1,1,1,2,0,2,2,15664800,1958100,1958100,8,0,1001867,562,46055102082000,562,566,16666667,2,16,0
20260813_NV_A2_SMOKE_R0,566,567,10015506,10015541,10018317,10018355,10018370,10018370,10018391,0,0,2,3,0,1,1,1,2,0,2,2,14837600,1854700,1854700,8,0,1829067,566,46055170576700,566,567,16666667,2,16,0
20260813_NV_A2_SMOKE_R0,567,568,10032176,10032210,10035015,10035054,10035069,10035069,10035088,0,0,2,3,0,1,1,1,2,0,2,2,16663500,1851500,1851500,9,0,3167,567,46055187239700,567,568,16666667,2,16,0
20260813_NV_A2_SMOKE_R0,568,569,10048887,10048925,10052531,10052586,10052611,10052612,10052642,0,0,2,3,0,1,1,1,2,0,2,2,15713600,1964200,1964200,8,0,953067,568,46055203898500,568,569,16666667,2,16,0
20260813_NV_A2_SMOKE_R0,569,570,10065573,10065636,10070152,10070203,10070223,10070224,10070251,0,0,2,3,0,1,1,1,2,0,2,2,16504800,2063100,2063100,8,0,161867,569,46055222429200,569,570,16666667,2,16,0
20260813_NV_A2_SMOKE_R0,570,571,10082222,10082264,10086004,10086043,10086058,10086058,10086076,0,0,2,3,0,1,1,1,2,0,2,2,14820000,1852500,1852500,8,0,1846667,570,46055239061800,570,571,16666667,2,16,0
20260813_NV_A2_SMOKE_R0,571,572,10098842,10098881,10101577,10101611,10101624,10101624,10101646,0,0,2,3,0,1,1,1,2,0,2,2,14825600,1853200,1853200,8,0,1841067,570,46055239061800,570,572,16666667,2,16,0
20260813_NV_A2_SMOKE_R0,572,573,10115521,10115559,10118944,10118984,10118999,10118999,10119021,0,0,2,3,0,1,1,1,2,0,2,2,15205600,1900700,1900700,8,0,1461067,572,46055270528900,572,573,16666667,2,16,0
20260813_NV_A2_SMOKE_R0,573,574,10132171,10132201,10134709,10134743,10134754,10134755,10134775,0,0,2,3,0,1,1,1,2,0,2,2,16660800,1851200,1851200,9,0,5867,573,46055287202200,573,574,16666667,2,16,0
20260813_NV_A2_SMOKE_R0,574,575,10148880,10148915,10151835,10151867,10151879,10151880,10151897,0,0,2,3,0,1,1,1,2,0,2,2,15133600,1891700,1891700,8,0,1533067,574,46055303858200,574,575,16666667,2,16,0
20260813_NV_A2_SMOKE_R0,575,576,10165520,10165558,10168754,10168792,10168807,10168807,10168826,0,0,2,3,0,1,1,1,2,0,2,2,15552800,1944100,1944100,8,0,1113867,574,46055303858200,574,576,16666667,2,16,0
20260813_NV_A2_SMOKE_R0,576,577,10182185,10182220,10185653,10185689,10185703,10185703,10185720,0,0,2,3,0,1,1,1,2,0,2,2,16504800,2063100,2063100,8,0,161867,576,46055337177000,576,577,16666667,2,16,0
20260813_NV_A2_SMOKE_R0,577,578,10198806,10198822,10200475,10200502,10200512,10200512,10200525,0,0,2,3,0,1,1,1,2,0,2,2,14820000,1852500,1852500,8,0,1846667,577,46055353842700,577,578,16666667,2,16,0
20260813_NV_A2_SMOKE_R0,578,579,10215475,10215492,10217283,10217314,10217326,10217326,10217341,0,0,2,3,0,1,1,1,2,0,2,2,14822400,1852800,1852800,8,0,1844267,577,46055353842700,577,579,16666667,2,16,0
20260813_NV_A2_SMOKE_R0,579,580,10232143,10232160,10233819,10233849,10233858,10233858,10233873,0,0,2,3,0,1,1,1,2,0,2,2,15205600,1900700,1900700,8,0,1461067,579,46055385313300,579,580,16666667,2,16,0
20260813_NV_A2_SMOKE_R0,580,581,10248827,10248853,10250769,10250806,10250818,10250818,10250836,0,0,2,3,0,1,1,1,2,0,2,2,16660800,1851200,1851200,9,0,5867,580,46055401971000,580,581,16666667,2,16,0
20260813_NV_A2_SMOKE_R0,581,582,10265825,10265864,10269894,10270018,10270051,10270051,10270091,0,0,2,3,0,1,1,1,2,0,2,2,15133600,1891700,1891700,8,0,1533067,581,46055420484300,581,582,16666667,2,16,0
20260813_NV_A2_SMOKE_R0,582,583,10282383,10282452,10289709,10289789,10289824,10289825,10289866,0,0,2,3,0,1,1,1,2,0,2,2,15464800,1933100,1933100,8,0,1201867,581,46055420484300,581,583,16666667,2,16,0
20260813_NV_A2_SMOKE_R0,583,584,10298907,10298968,10303231,10303257,10303267,10303268,10303282,0,0,2,3,0,1,1,1,2,0,2,2,15406300,2200900,2200900,7,0,1260367,583,46055459333200,583,584,16666667,2,16,0
20260813_NV_A2_SMOKE_R0,584,585,10315492,10315499,10317818,10317849,10317862,10317862,10317881,0,0,2,3,0,1,1,1,2,0,2,2,14820000,1852500,1852500,8,0,1846667,584,46055472303700,584,585,16666667,2,16,0
