run_id,sample_index,present_id,input_sample_time_us,sim_start_time_us,sim_end_time_us,render_submit_start_time_us,render_submit_end_time_us,present_start_time_us,present_end_time_us,gpu_render_start_time_us,gpu_render_end_time_us,policy,authority,reflex_mode,target_scheduling,bounded_wait,bounded_wait_attempted,present_mode,fallback_reason,swapchain_generation,target_mode,target_value_ns,target_generation_refresh_interval_ns,target_generation_refresh_duration_ns,relative_quanta,relative_accumulator_before_ns,relative_accumulator_after_ns,feedback_present_id,feedback_stage_time_ns,baseline_sequence,present_sequence,frame_interval_ns,wait_timeout_count,timing_queue_size,timing_queue_full_count,timing_queue_recovery_count
20260813_NV_A2_SMOKE_R1,0,1,418275,0,424517,536653,536718,536718,536762,0,0,2,0,0,0,1,0,2,15,2,0,0,0,0,0,0,0,0,0,0,1,16666667,0,16,0
20260813_NV_A2_SMOKE_R1,1,2,538632,538834,553141,553910,553942,553943,554006,0,0,2,3,0,1,1,1,2,0,2,2,1861500,1861500,1861500,1,0,1000000,0,0,0,2,1000000,1,16,0
20260813_NV_A2_SMOKE_R1,2,3,555195,555217,556991,557038,557048,557048,557087,0,0,2,3,0,1,1,1,2,0,2,2,16663500,1851500,1851500,9,0,3167,0,0,0,3,16666667,2,16,0
20260813_NV_A2_SMOKE_R1,3,4,569191,569221,571017,571072,571083,571083,571120,0,0,2,3,0,1,1,1,2,0,2,2,14887200,1860900,1860900,8,0,1779467,2,46104691323700,2,4,16666667,2,16,0
20260813_NV_A2_SMOKE_R1,4,5,585910,585939,592083,592153,592173,592173,592196,0,0,2,3,0,1,1,1,2,0,2,2,16655400,1850600,1850600,9,0,11267,2,46104691323700,2,5,16666667,2,16,0
20260813_NV_A2_SMOKE_R1,5,6,602527,602557,604893,604953,604965,604966,604986,0,0,2,3,0,1,1,1,2,0,2,2,14976800,1872100,1872100,8,0,1689867,5,46104728346500,5,6,16666667,2,16,0
20260813_NV_A2_SMOKE_R1,6,7,619202,619239,620597,620655,620667,620667,620685,0,0,2,3,0,1,1,1,2,0,2,2,14915200,1864400,1864400,8,0,1751467,5,46104728346500,5,7,16666667,2,16,0
20260813_NV_A2_SMOKE_R1,7,8,635857,635887,637296,637350,637361,637362,637383,0,0,2,3,0,1,1,1,2,0,2,2,16656300,1850700,1850700,9,0,10367,7,46104757962800,7,8,16666667,2,16,0
20260813_NV_A2_SMOKE_R1,8,9,652515,652542,657882,657938,657951,657952,657973,0,0,2,3,0,1,1,1,2,0,2,2,14892000,1861500,1861500,8,0,1774667,8,46104774628800,8,9,16666667,2,16,0
20260813_NV_A2_SMOKE_R1,9,10,669180,669203,673773,673821,673832,673833,673849,0,0,2,3,0,1,1,1,2,0,2,2,14933600,1866700,1866700,8,0,1733067,8,46104774628800,8,10,16666667,2,16,0
20260813_NV_A2_SMOKE_R1,10,11,685851,685874,688082,688131,688141,688142,688175,0,0,2,3,0,1,1,1,2,0,2,2,16044800,2005600,2005600,8,0,621867,10,46104809798100,10,11,16666667,2,16,0
20260813_NV_A2_SMOKE_R1,11,12,702512,702536,704590,704636,704646,704647,704663,0,0,2,3,0,1,1,1,2,0,2,2,16655400,1850600,1850600,9,0,11267,11,46104824607000,11,12,16666667,2,16,0
20260813_NV_A2_SMOKE_R1,12,13,719170,719192,721525,721574,721584,721585,721602,0,0,2,3,0,1,1,1,2,0,2,2,16659000,1851000,1851000,9,0,7667,11,46104824607000,11,13,16666667,2,16,0
20260813_NV_A2_SMOKE_R1,13,14,735839,735863,738336,738376,738385,738386,738402,0,0,2,3,0,1,1,1,2,0,2,2,14945600,1868200,1868200,8,0,1721067,11,46104824607000,11,14,16666667,2,16,0
20260813_NV_A2_SMOKE_R1,14,15,752522,752551,756037,756082,756094,756094,756112,0,0,2,3,0,1,1,1,2,0,2,2,14876800,1859600,1859600,8,0,1789867,11,46104824607000,11,15,16666667,2,16,0
20260813_NV_A2_SMOKE_R1,15,16,769189,769217,772136,772172,772182,772183,772197,0,0,2,3,0,1,1,1,2,0,2,2,16663500,1851500,1851500,9,0,3167,15,46104893094400,15,16,16666667,2,16,0
20260813_NV_A2_SMOKE_R1,16,17,785843,785867,789025,789060,789071,789071,789086,0,0,2,3,0,1,1,1,2,0,2,2,14881600,1860200,1860200,8,0,1785067,16,46104909762300,16,17,16666667,2,16,0
20260813_NV_A2_SMOKE_R1,17,18,802508,802535,805782,805837,805853,805854,805878,0,0,2,3,0,1,1,1,2,0,2,2,14830400,1853800,1853800,8,0,1836267,16,46104909762300,16,18,16666667,2,16,0
20260813_NV_A2_SMOKE_R1,18,19,819235,819287,825717,825754,825764,825764,825777,0,0,2,3,0,1,1,1,2,0,2,2,16662600,1851400,1851400,9,0,4067,18,46104943085800,18,19,16666667,2,16,0
20260813_NV_A2_SMOKE_R1,19,20,836029,836080,840930,840973,840986,840987,841005,0,0,2,3,0,1,1,1,2,0,2,2,14898400,1862300,1862300,8,0,1768267,19,46104963447400,19,20,16666667,2,16,0
20260813_NV_A2_SMOKE_R1,20,21,852548,852592,858455,858524,858549,858550,858586,0,0,2,3,0,1,1,1,2,0,2,2,16658100,1850900,1850900,9,0,8567,19,46104963447400,19,21,16666667,2,16,0
20260813_NV_A2_SMOKE_R1,21,22,869236,869289,875055,875088,875097,875097,875110,0,0,2,3,0,1,1,1,2,0,2,2,16648200,1849800,1849800,9,0,18467,21,46104994886800,21,22,16666667,2,16,0
20260813_NV_A2_SMOKE_R1,22,23,885948,885991,889863,889916,889929,889929,889948,0,0,2,3,0,1,1,1,2,0,2,2,14868800,1858600,1858600,8,0,1797867,21,46104994886800,21,23,16666667,2,16,0
20260813_NV_A2_SMOKE_R1,23,24,902507,902532,905205,905253,905266,905267,905286,0,0,2,3,0,1,1,1,2,0,2,2,16655400,1850600,1850600,9,0,11267,21,46104994886800,21,24,16666667,2,16,0
20260813_NV_A2_SMOKE_R1,24,25,919250,919308,924064,924114,924129,924129,924151,0,0,2,3,0,1,1,1,2,0,2,2,14921600,1865200,1865200,8,0,1745067,24,46105043060900,24,25,16666667,2,16,0
20260813_NV_A2_SMOKE_R1,25,26,935859,935889,938810,938846,938856,938857,938872,0,0,2,3,0,1,1,1,2,0,2,2,14881600,1860200,1860200,8,0,1785067,24,46105043060900,24,26,16666667,2,16,0
20260813_NV_A2_SMOKE_R1,26,27,952538,952576,958305,958355,958373,958373,958387,0,0,2,3,0,1,1,1,2,0,2,2,16134400,2016800,2016800,8,0,532267,26,46105076356900,26,27,16666667,2,16,0
20260813_NV_A2_SMOKE_R1,27,28,969205,969243,976007,976049,976061,976061,976078,0,0,2,3,0,1,1,1,2,0,2,2,14872000,1859000,1859000,8,0,1794667,27,46105094880000,27,28,16666667,2,16,0
20260813_NV_A2_SMOKE_R1,28,29,985923,985953,990866,990920,990939,990939,990961,0,0,2,3,0,1,1,1,2,0,2,2,16659900,1851100,1851100,9,0,6767,28,46105115239300,28,29,16666667,2,16,0
20260813_NV_A2_SMOKE_R1,29,30,1002582,1002634,1006933,1007001,1007019,1007020,1007046,0,0,2,3,0,1,1,1,2,0,2,2,15895200,1986900,1986900,8,0,771467,29,46105131907400,29,30,16666667,2,16,0
20260813_NV_A2_SMOKE_R1,30,31,1019192,1019226,1021827,1021896,1021917,1021918,1021946,0,0,2,3,0,1,1,1,2,0,2,2,14827200,1853400,1853400,8,0,1839467,29,46105131907400,29,31,16666667,2,16,0
20260813_NV_A2_SMOKE_R1,31,32,1035845,1035869,1037766,1037822,1037836,1037836,1037857,0,0,2,3,0,1,1,1,2,0,2,2,16658100,1850900,1850900,9,0,8567,29,46105131907400,29,32,16666667,2,16,0
20260813_NV_A2_SMOKE_R1,32,33,1052567,1052615,1055856,1055914,1055931,1055932,1055958,0,0,2,3,0,1,1,1,2,0,2,2,14920800,1865100,1865100,8,0,1745867,32,46105174484900,32,33,16666667,2,16,0
20260813_NV_A2_SMOKE_R1,33,34,1069846,1069916,1076631,1076663,1076673,1076673,1076687,0,0,2,3,0,1,1,1,2,0,2,2,14859200,1857400,1857400,8,0,1807467,32,46105174484900,32,34,16666667,2,16,0
20260813_NV_A2_SMOKE_R1,34,35,1085961,1086035,1095319,1095350,1095360,1095360,1095372,0,0,2,3,0,1,1,1,2,0,2,2,16659900,1851100,1851100,9,0,6767,34,46105213329100,34,35,16666667,2,16,0
20260813_NV_A2_SMOKE_R1,35,36,1102502,1102525,1106167,1106216,1106231,1106231,1106254,0,0,2,3,0,1,1,1,2,0,2,2,14865600,1858200,1858200,8,0,1801067,35,46105231871200,35,36,16666667,2,16,0
20260813_NV_A2_SMOKE_R1,36,37,1119234,1119285,1124452,1124486,1124495,1124496,1124509,0,0,2,3,0,1,1,1,2,0,2,2,14825600,1853200,1853200,8,0,1841067,35,46105231871200,35,37,16666667,2,16,0
20260813_NV_A2_SMOKE_R1,37,38,1135919,1135975,1141026,1141107,1141129,1141130,1141161,0,0,2,3,0,1,1,1,2,0,2,2,16658100,1850900,1850900,9,0,8567,37,46105261453300,37,38,16666667,2,16,0
20260813_NV_A2_SMOKE_R1,38,39,1152584,1152640,1156331,1156390,1156407,1156408,1156435,0,0,2,3,0,1,1,1,2,0,2,2,14920800,1865100,1865100,8,0,1745867,38,46105278167300,38,39,16666667,2,16,0
20260813_NV_A2_SMOKE_R1,39,40,1169245,1169308,1174497,1174587,1174614,1174615,1174660,0,0,2,3,0,1,1,1,2,0,2,2,14849600,1856200,1856200,8,0,1817067,38,46105278167300,38,40,16666667,2,16,0
20260813_NV_A2_SMOKE_R1,40,41,1185944,1186012,1191545,1191632,1191659,1191660,1191698,0,0,2,3,0,1,1,1,2,0,2,2,16659900,1851100,1851100,9,0,6767,40,46105311437800,40,41,16666667,2,16,0
20260813_NV_A2_SMOKE_R1,41,42,1202586,1202641,1206488,1206545,1206562,1206563,1206590,0,0,2,3,0,1,1,1,2,0,2,2,14865600,1858200,1858200,8,0,1801067,41,46105329977100,41,42,16666667,2,16,0
20260813_NV_A2_SMOKE_R1,42,43,1219215,1219258,1225677,1225712,1225724,1225725,1225740,0,0,2,3,0,1,1,1,2,0,2,2,16652700,1850300,1850300,9,0,13967,41,46105329977100,41,43,16666667,2,16,0
20260813_NV_A2_SMOKE_R1,43,44,1235844,1235879,1238912,1239045,1239061,1239062,1239076,0,0,2,3,0,1,1,1,2,0,2,2,14902400,1862800,1862800,8,0,1764267,43,46105363282800,43,44,16666667,2,16,0
20260813_NV_A2_SMOKE_R1,44,45,1252508,1252534,1256965,1257053,1257086,1257087,1257112,0,0,2,3,0,1,1,1,2,0,2,2,14854400,1856800,1856800,8,0,1812267,43,46105363282800,43,45,16666667,2,16,0
20260813_NV_A2_SMOKE_R1,45,46,1269221,1269264,1276107,1276139,1276150,1276150,1276163,0,0,2,3,0,1,1,1,2,0,2,2,15973600,1996700,1996700,8,0,693067,45,46105394777800,45,46,16666667,2,16,0
20260813_NV_A2_SMOKE_R1,46,47,1285895,1285945,1292441,1292495,1292512,1292512,1292537,0,0,2,3,0,1,1,1,2,0,2,2,14849600,1856200,1856200,8,0,1817067,46,46105413276500,46,47,16666667,2,16,0
20260813_NV_A2_SMOKE_R1,47,48,1302811,1302855,1310181,1310247,1310270,1310271,1310303,0,0,2,3,0,1,1,1,2,0,2,2,16660800,1851200,1851200,9,0,5867,47,46105431796300,47,48,16666667,2,16,0
20260813_NV_A2_SMOKE_R1,48,49,1319237,1319283,1326063,1326114,1326129,1326130,1326149,0,0,2,3,0,1,1,1,2,0,2,2,15696800,1962100,1962100,8,0,969867,48,46105448436000,48,49,16666667,2,16,0
20260813_NV_A2_SMOKE_R1,49,50,1335866,1335902,1340222,1340255,1340268,1340268,1340283,0,0,2,3,0,1,1,1,2,0,2,2,16652700,1850300,1850300,9,0,13967,49,46105463260100,49,50,16666667,2,16,0
20260813_NV_A2_SMOKE_R1,50,51,1352523,1352554,1355148,1355191,1355201,1355202,1355216,0,0,2,3,0,1,1,1,2,0,2,2,14902400,1862800,1862800,8,0,1764267,50,46105476252400,50,51,16666667,2,16,0
20260813_NV_A2_SMOKE_R1,51,52,1369196,1369231,1372980,1373045,1373070,1373070,1373098,0,0,2,3,0,1,1,1,2,0,2,2,14842400,1855300,1855300,8,0,1824267,51,46105492883400,51,52,16666667,2,16,0
20260813_NV_A2_SMOKE_R1,52,53,1385924,1385980,1391107,1391165,1391187,1391188,1391215,0,0,2,3,0,1,1,1,2,0,2,2,15973600,1996700,1996700,8,0,693067,52,46105509542800,52,53,16666667,2,16,0
20260813_NV_A2_SMOKE_R1,53,54,1402551,1402602,1407802,1407842,1407857,1407857,1407873,0,0,2,3,0,1,1,1,2,0,2,2,14849600,1856200,1856200,8,0,1817067,53,46105528052800,53,54,16666667,2,16,0
20260813_NV_A2_SMOKE_R1,54,55,1419182,1419210,1421550,1421587,1421597,1421597,1421611,0,0,2,3,0,1,1,1,2,0,2,2,14874400,1859300,1859300,8,0,1792267,53,46105528052800,53,55,16666667,2,16,0
20260813_NV_A2_SMOKE_R1,55,56,1435861,1435892,1439810,1439844,1439857,1439857,1439872,0,0,2,3,0,1,1,1,2,0,2,2,15642400,1955300,1955300,8,0,1024267,55,46105563226800,55,56,16666667,2,16,0
20260813_NV_A2_SMOKE_R1,56,57,1452511,1452536,1454515,1454555,1454566,1454566,1454581,0,0,2,3,0,1,1,1,2,0,2,2,14821600,1852700,1852700,8,0,1845067,55,46105563226800,55,57,16666667,2,16,0
20260813_NV_A2_SMOKE_R1,57,58,1469180,1469212,1471769,1471810,1471822,1471822,1471838,0,0,2,3,0,1,1,1,2,0,2,2,16664400,1851600,1851600,9,0,2267,57,46105590992000,57,58,16666667,2,16,0
20260813_NV_A2_SMOKE_R1,58,59,1485847,1485871,1488550,1488590,1488601,1488602,1488617,0,0,2,3,0,1,1,1,2,0,2,2,14842400,1855300,1855300,8,0,1824267,58,46105609508100,58,59,16666667,2,16,0
20260813_NV_A2_SMOKE_R1,59,60,1502551,1502598,1505706,1505751,1505765,1505765,1505785,0,0,2,3,0,1,1,1,2,0,2,2,16655400,1850600,1850600,9,0,11267,58,46105609508100,58,60,16666667,2,16,0
20260813_NV_A2_SMOKE_R1,60,61,1519228,1519320,1522849,1522900,1522920,1522920,1522940,0,0,2,3,0,1,1,1,2,0,2,2,16647300,1849700,1849700,9,0,19367,60,46105642824500,60,61,16666667,2,16,0
20260813_NV_A2_SMOKE_R1,61,62,1535858,1535887,1538580,1538620,1538638,1538639,1538656,0,0,2,3,0,1,1,1,2,0,2,2,14847200,1855900,1855900,8,0,1819467,60,46105642824500,60,62,16666667,2,16,0
20260813_NV_A2_SMOKE_R1,62,63,1552540,1552577,1555819,1555860,1555873,1555874,1555894,0,0,2,3,0,1,1,1,2,0,2,2,16652700,1850300,1850300,9,0,13967,60,46105642824500,60,63,16666667,2,16,0
20260813_NV_A2_SMOKE_R1,63,64,1569213,1569249,1572729,1572773,1572787,1572788,1572808,0,0,2,3,0,1,1,1,2,0,2,2,15359200,1919900,1919900,8,0,1307467,63,46105692797100,63,64,16666667,2,16,0
20260813_NV_A2_SMOKE_R1,64,65,1585866,1585906,1588984,1589028,1589043,1589044,1589060,0,0,2,3,0,1,1,1,2,0,2,2,14834400,1854300,1854300,8,0,1832267,63,46105692797100,63,65,16666667,2,16,0
20260813_NV_A2_SMOKE_R1,65,66,1602540,1602576,1606126,1606179,1606191,1606192,1606214,0,0,2,3,0,1,1,1,2,0,2,2,15762400,1970300,1970300,8,0,904267,65,46105726117900,65,66,16666667,2,16,0
20260813_NV_A2_SMOKE_R1,66,67,1619206,1619245,1624157,1624239,1624263,1624264,1624299,0,0,2,3,0,1,1,1,2,0,2,2,14846400,1855800,1855800,8,0,1820267,66,46105742792500,66,67,16666667,2,16,0
20260813_NV_A2_SMOKE_R1,67,68,1635928,1636000,1641458,1641522,1641542,1641543,1641574,0,0,2,3,0,1,1,1,2,0,2,2,16659000,1851000,1851000,9,0,7667,67,46105761303300,67,68,16666667,2,16,0
20260813_NV_A2_SMOKE_R1,68,69,1652560,1652604,1656355,1656401,1656416,1656417,1656440,0,0,2,3,0,1,1,1,2,0,2,2,14847200,1855900,1855900,8,0,1819467,68,46105777979600,68,69,16666667,2,16,0
20260813_NV_A2_SMOKE_R1,69,70,1669198,1669232,1672687,1672730,1672743,1672744,1672762,0,0,2,3,0,1,1,1,2,0,2,2,16651800,1850200,1850200,9,0,14867,68,46105777979600,68,70,16666667,2,16,0
20260813_NV_A2_SMOKE_R1,70,71,1685876,1685914,1689404,1689450,1689464,1689464,1689486,0,0,2,3,0,1,1,1,2,0,2,2,15359200,1919900,1919900,8,0,1307467,70,46105809417400,70,71,16666667,2,16,0
20260813_NV_A2_SMOKE_R1,71,72,1702562,1702613,1711957,1711991,1712002,1712002,1712015,0,0,2,3,0,1,1,1,2,0,2,2,14829600,1853700,1853700,8,0,1837067,70,46105809417400,70,72,16666667,2,16,0
20260813_NV_A2_SMOKE_R1,72,73,1719177,1719201,1722246,1722302,1722324,1722324,1722348,0,0,2,3,0,1,1,1,2,0,2,2,15762400,1970300,1970300,8,0,904267,72,46105848290400,72,73,16666667,2,16,0
20260813_NV_A2_SMOKE_R1,73,74,1735910,1735959,1740062,1740109,1740124,1740125,1740144,0,0,2,3,0,1,1,1,2,0,2,2,14846400,1855800,1855800,8,0,1820267,73,46105859421600,73,74,16666667,2,16,0
20260813_NV_A2_SMOKE_R1,74,75,1752544,1752587,1756695,1756918,1756969,1756970,1757012,0,0,2,3,0,1,1,1,2,0,2,2,16659000,1851000,1851000,9,0,7667,74,46105877924000,74,75,16666667,2,16,0
20260813_NV_A2_SMOKE_R1,75,76,1769266,1769333,1775970,1776029,1776047,1776048,1776069,0,0,2,3,0,1,1,1,2,0,2,2,14847200,1855900,1855900,8,0,1819467,75,46105894604200,75,76,16666667,2,16,0
20260813_NV_A2_SMOKE_R1,76,77,1785878,1785912,1788980,1789025,1789041,1789041,1789067,0,0,2,3,0,1,1,1,2,0,2,2,16651800,1850200,1850200,9,0,14867,75,46105894604200,75,77,16666667,2,16,0
20260813_NV_A2_SMOKE_R1,77,78,1802564,1802608,1805934,1805984,1806006,1806006,1806027,0,0,2,3,0,1,1,1,2,0,2,2,15324800,1915600,1915600,8,0,1341867,77,46105927897400,77,78,16666667,2,16,0
20260813_NV_A2_SMOKE_R1,78,79,1819206,1819244,1822625,1822679,1822696,1822696,1822718,0,0,2,3,0,1,1,1,2,0,2,2,14824800,1853100,1853100,8,0,1841867,77,46105927897400,77,79,16666667,2,16,0
20260813_NV_A2_SMOKE_R1,79,80,1835879,1835916,1839215,1839260,1839274,1839274,1839292,0,0,2,3,0,1,1,1,2,0,2,2,15762400,1970300,1970300,8,0,904267,79,46105959371400,79,80,16666667,2,16,0
20260813_NV_A2_SMOKE_R1,80,81,1852549,1852589,1855967,1856020,1856036,1856037,1856058,0,0,2,3,0,1,1,1,2,0,2,2,14846400,1855800,1855800,8,0,1820267,80,46105976039100,80,81,16666667,2,16,0
20260813_NV_A2_SMOKE_R1,81,82,1869215,1869254,1872993,1873139,1873169,1873170,1873191,0,0,2,3,0,1,1,1,2,0,2,2,16659000,1851000,1851000,9,0,7667,81,46105992702200,81,82,16666667,2,16,0
20260813_NV_A2_SMOKE_R1,82,83,1885862,1885893,1888673,1888739,1888757,1888758,1888777,0,0,2,3,0,1,1,1,2,0,2,2,14847200,1855900,1855900,8,0,1819467,82,46106009359700,82,83,16666667,2,16,0
20260813_NV_A2_SMOKE_R1,83,84,1902539,1902576,1905636,1905680,1905695,1905695,1905715,0,0,2,3,0,1,1,1,2,0,2,2,16651800,1850200,1850200,9,0,14867,82,46106009359700,82,84,16666667,2,16,0
20260813_NV_A2_SMOKE_R1,84,85,1919205,1919241,1922757,1922814,1922834,1922834,1922861,0,0,2,3,0,1,1,1,2,0,2,2,15324800,1915600,1915600,8,0,1341867,84,46106042674700,84,85,16666667,2,16,0
20260813_NV_A2_SMOKE_R1,85,86,1935874,1935917,1938749,1938789,1938802,1938802,1938820,0,0,2,3,0,1,1,1,2,0,2,2,14819200,1852400,1852400,8,0,1847467,84,46106042674700,84,86,16666667,2,16,0
20260813_NV_A2_SMOKE_R1,86,87,1952542,1952580,1955614,1955662,1955681,1955682,1955711,0,0,2,3,0,1,1,1,2,0,2,2,15762400,1970300,1970300,8,0,904267,86,46106075991900,86,87,16666667,2,16,0
20260813_NV_A2_SMOKE_R1,87,88,1969209,1969252,1972525,1972570,1972585,1972586,1972606,0,0,2,3,0,1,1,1,2,0,2,2,14846400,1855800,1855800,8,0,1820267,87,46106092666200,87,88,16666667,2,16,0
20260813_NV_A2_SMOKE_R1,88,89,1985897,1985991,1989461,1989513,1989535,1989535,1989557,0,0,2,3,0,1,1,1,2,0,2,2,16659000,1851000,1851000,9,0,7667,88,46106109323400,88,89,16666667,2,16,0
20260813_NV_A2_SMOKE_R1,89,90,2002549,2002589,2005929,2005981,2005994,2005995,2006011,0,0,2,3,0,1,1,1,2,0,2,2,14847200,1855900,1855900,8,0,1819467,89,46106125987500,89,90,16666667,2,16,0
20260813_NV_A2_SMOKE_R1,90,91,2019187,2019218,2021836,2021905,2021925,2021925,2021953,0,0,2,3,0,1,1,1,2,0,2,2,15223200,1902900,1902900,8,0,1443467,89,46106125987500,89,91,16666667,2,16,0
20260813_NV_A2_SMOKE_R1,91,92,2035900,2035950,2039876,2039932,2039949,2039950,2039973,0,0,2,3,0,1,1,1,2,0,2,2,16660800,1851200,1851200,9,0,5867,91,46106159307000,91,92,16666667,2,16,0
20260813_NV_A2_SMOKE_R1,92,93,2052541,2052579,2055831,2055884,2055902,2055902,2055923,0,0,2,3,0,1,1,1,2,0,2,2,14819200,1852400,1852400,8,0,1847467,92,46106177814400,92,93,16666667,2,16,0
20260813_NV_A2_SMOKE_R1,93,94,2069234,2069285,2075175,2075255,2075266,2075267,2075279,0,0,2,3,0,1,1,1,2,0,2,2,16655400,1850600,1850600,9,0,11267,92,46106177814400,92,94,16666667,2,16,0
20260813_NV_A2_SMOKE_R1,94,95,2085975,2086057,2091952,2092047,2092082,2092083,2092129,0,0,2,3,0,1,1,1,2,0,2,2,16647300,1849700,1849700,9,0,19367,94,46106211136700,94,95,16666667,2,16,0
20260813_NV_A2_SMOKE_R1,95,96,2102650,2102701,2106697,2106745,2106761,2106761,2106782,0,0,2,3,0,1,1,1,2,0,2,2,14839200,1854900,1854900,8,0,1827467,94,46106211136700,94,96,16666667,2,16,0
20260813_NV_A2_SMOKE_R1,96,97,2119228,2119276,2123711,2123792,2123824,2123825,2123863,0,0,2,3,0,1,1,1,2,0,2,2,16650000,1850000,1850000,9,0,16667,94,46106211136700,94,97,16666667,2,16,0
20260813_NV_A2_SMOKE_R1,97,98,2136014,2136058,2141265,2141346,2141375,2141375,2141413,0,0,2,3,0,1,1,1,2,0,2,2,15735200,1966900,1966900,8,0,931467,97,46106261111100,97,98,16666667,2,16,0
20260813_NV_A2_SMOKE_R1,98,99,2152607,2152670,2159099,2159188,2159223,2159224,2159267,0,0,2,3,0,1,1,1,2,0,2,2,14819200,1852400,1852400,8,0,1847467,98,46106277779000,98,99,16666667,2,16,0
20260813_NV_A2_SMOKE_R1,99,100,2169248,2169302,2173258,2173306,2173321,2173322,2173342,0,0,2,3,0,1,1,1,2,0,2,2,15762400,1970300,1970300,8,0,904267,99,46106296288000,99,100,16666667,2,16,0
20260813_NV_A2_SMOKE_R1,100,101,2185886,2185928,2189182,2189229,2189244,2189245,2189272,0,0,2,3,0,1,1,1,2,0,2,2,14844000,1855500,1855500,8,0,1822667,100,46106311090300,100,101,16666667,2,16,0
20260813_NV_A2_SMOKE_R1,101,102,2202553,2202605,2206386,2206437,2206454,2206454,2206476,0,0,2,3,0,1,1,1,2,0,2,2,16659000,1851000,1851000,9,0,7667,101,46106325909100,101,102,16666667,2,16,0
20260813_NV_A2_SMOKE_R1,102,103,2219195,2219234,2221989,2222029,2222043,2222043,2222059,0,0,2,3,0,1,1,1,2,0,2,2,14839200,1854900,1854900,8,0,1827467,102,46106344421700,102,103,16666667,2,16,0
20260813_NV_A2_SMOKE_R1,103,104,2235864,2235901,2240428,2240514,2240550,2240551,2240585,0,0,2,3,0,1,1,1,2,0,2,2,16648200,1849800,1849800,9,0,18467,102,46106344421700,102,104,16666667,2,16,0
20260813_NV_A2_SMOKE_R1,104,105,2252589,2252657,2257673,2257759,2257783,2257784,2257817,0,0,2,3,0,1,1,1,2,0,2,2,15261600,1907700,1907700,8,0,1405067,104,46106377748600,104,105,16666667,2,16,0
20260813_NV_A2_SMOKE_R1,105,106,2269249,2269304,2273447,2273504,2273523,2273523,2273547,0,0,2,3,0,1,1,1,2,0,2,2,16666200,1851800,1851800,9,0,467,104,46106377748600,104,106,16666667,2,16,0
20260813_NV_A2_SMOKE_R1,106,107,2285885,2285928,2289194,2289242,2289258,2289259,2289280,0,0,2,3,0,1,1,1,2,0,2,2,15762400,1970300,1970300,8,0,904267,106,46106411045200,106,107,16666667,2,16,0
20260813_NV_A2_SMOKE_R1,107,108,2302569,2302612,2306148,2306195,2306210,2306211,2306231,0,0,2,3,0,1,1,1,2,0,2,2,14844000,1855500,1855500,8,0,1822667,107,46106425877200,107,108,16666667,2,16,0
20260813_NV_A2_SMOKE_R1,108,109,2319419,2319467,2323075,2323151,2323176,2323177,2323215,0,0,2,3,0,1,1,1,2,0,2,2,16659000,1851000,1851000,9,0,7667,108,46106442538700,108,109,16666667,2,16,0
20260813_NV_A2_SMOKE_R1,109,110,2336162,2336237,2343203,2343240,2343250,2343251,2343267,0,0,2,3,0,1,1,1,2,0,2,2,14839200,1854900,1854900,8,0,1827467,109,46106461068600,109,110,16666667,2,16,0
20260813_NV_A2_SMOKE_R1,110,111,2352735,2352799,2357450,2357521,2357546,2357547,2357577,0,0,2,3,0,1,1,1,2,0,2,2,16652700,1850300,1850300,9,0,13967,109,46106461068600,109,111,16666667,2,16,0
20260813_NV_A2_SMOKE_R1,111,112,2369250,2369306,2374787,2374872,2374905,2374906,2374944,0,0,2,3,0,1,1,1,2,0,2,2,15695200,1961900,1961900,8,0,971467,111,46106494338200,111,112,16666667,2,16,0
20260813_NV_A2_SMOKE_R1,112,113,2385902,2385952,2389322,2389373,2389395,2389395,2389417,0,0,2,3,0,1,1,1,2,0,2,2,16659000,1851000,1851000,9,0,7667,112,46106511020100,112,113,16666667,2,16,0
20260813_NV_A2_SMOKE_R1,113,114,2402556,2402599,2406572,2406627,2406646,2406647,2406674,0,0,2,3,0,1,1,1,2,0,2,2,14868800,1858600,1858600,8,0,1797867,113,46106525830700,113,114,16666667,2,16,0
20260813_NV_A2_SMOKE_R1,114,115,2419210,2419248,2422272,2422319,2422334,2422334,2422352,0,0,2,3,0,1,1,1,2,0,2,2,14836800,1854600,1854600,8,0,1829867,114,46106544350300,114,115,16666667,2,16,0
20260813_NV_A2_SMOKE_R1,115,116,2435872,2435908,2439084,2439126,2439140,2439141,2439159,0,0,2,3,0,1,1,1,2,0,2,2,15270400,1908800,1908800,8,0,1396267,115,46106559142800,115,116,16666667,2,16,0
20260813_NV_A2_SMOKE_R1,116,117,2452518,2452546,2455163,2455229,2455249,2455250,2455277,0,0,2,3,0,1,1,1,2,0,2,2,15736000,1967000,1967000,8,0,930667,115,46106559142800,115,117,16666667,2,16,0
20260813_NV_A2_SMOKE_R1,117,118,2469259,2469331,2473483,2473544,2473562,2473563,2473587,0,0,2,3,0,1,1,1,2,0,2,2,16653600,1850400,1850400,9,0,13067,117,46106592487700,117,118,16666667,2,16,0
20260813_NV_A2_SMOKE_R1,118,119,2485867,2485900,2488660,2488711,2488726,2488727,2488745,0,0,2,3,0,1,1,1,2,0,2,2,15476000,1934500,1934500,8,0,1190667,117,46106592487700,117,119,16666667,2,16,0
20260813_NV_A2_SMOKE_R1,119,120,2502552,2502602,2507092,2507157,2507178,2507178,2507209,0,0,2,3,0,1,1,1,2,0,2,2,14854400,1856800,1856800,8,0,1812267,117,46106592487700,117,120,16666667,2,16,0
20260813_NV_A2_SMOKE_R1,120,121,2519258,2519362,2524107,2524192,2524223,2524224,2524260,0,0,2,3,0,1,1,1,2,0,2,2,16655400,1850600,1850600,9,0,11267,120,46106644312600,120,121,16666667,2,16,0
20260813_NV_A2_SMOKE_R1,121,122,2536575,2536646,2543169,2543285,2543321,2543322,2543373,0,0,2,3,0,1,1,1,2,0,2,2,16647300,1849700,1849700,9,0,19367,121,46106660978700,121,122,16666667,2,16,0
20260813_NV_A2_SMOKE_R1,122,123,2552921,2552987,2558528,2558605,2558633,2558633,2558670,0,0,2,3,0,1,1,1,2,0,2,2,14840000,1855000,1855000,8,0,1826667,122,46106681322900,122,123,16666667,2,16,0
20260813_NV_A2_SMOKE_R1,123,124,2569257,2569316,2575407,2575497,2575528,2575529,2575567,0,0,2,3,0,1,1,1,2,0,2,2,16655400,1850600,1850600,9,0,11267,122,46106681322900,122,124,16666667,2,16,0
20260813_NV_A2_SMOKE_R1,124,125,2585946,2586010,2592649,2592723,2592738,2592739,2592753,0,0,2,3,0,1,1,1,2,0,2,2,16561600,2070200,2070200,8,0,105067,124,46106712769400,124,125,16666667,2,16,0
20260813_NV_A2_SMOKE_R1,125,126,2602604,2602671,2607656,2607720,2607742,2607743,2607772,0,0,2,3,0,1,1,1,2,0,2,2,16659000,1851000,1851000,9,0,7667,125,46106731321500,125,126,16666667,2,16,0
20260813_NV_A2_SMOKE_R1,126,127,2619239,2619299,2623842,2623933,2623967,2623968,2624007,0,0,2,3,0,1,1,1,2,0,2,2,15497600,1937200,1937200,8,0,1169067,125,46106731321500,125,127,16666667,2,16,0
20260813_NV_A2_SMOKE_R1,127,128,2635934,2636005,2642290,2642326,2642336,2642336,2642350,0,0,2,3,0,1,1,1,2,0,2,2,16649100,1849900,1849900,9,0,17567,125,46106731321500,125,128,16666667,2,16,0
20260813_NV_A2_SMOKE_R1,128,129,2652583,2652641,2658912,2659010,2659049,2659050,2659084,0,0,2,3,0,1,1,1,2,0,2,2,14843200,1855400,1855400,8,0,1823467,128,46106779407700,128,129,16666667,2,16,0
20260813_NV_A2_SMOKE_R1,129,130,2669256,2669319,2673727,2673784,2673801,2673801,2673828,0,0,2,3,0,1,1,1,2,0,2,2,14789600,2112800,2112800,7,0,1877067,128,46106779407700,128,130,16666667,2,16,0
20260813_NV_A2_SMOKE_R1,130,131,2685887,2685922,2688720,2688763,2688777,2688777,2688794,0,0,2,3,0,1,1,1,2,0,2,2,15552800,1944100,1944100,8,0,1113867,130,46106810896600,130,131,16666667,2,16,0
20260813_NV_A2_SMOKE_R1,131,132,2702559,2702605,2706209,2706255,2706270,2706270,2706291,0,0,2,3,0,1,1,1,2,0,2,2,15394400,1924300,1924300,8,0,1272267,131,46106827571800,131,132,16666667,2,16,0
20260813_NV_A2_SMOKE_R1,132,133,2719231,2719279,2724548,2724670,2724719,2724721,2724767,0,0,2,3,0,1,1,1,2,0,2,2,16663500,1851500,1851500,9,0,3167,132,46106842386900,132,133,16666667,2,16,0
20260813_NV_A2_SMOKE_R1,133,134,2736199,2736271,2742018,2742099,2742125,2742125,2742160,0,0,2,3,0,1,1,1,2,0,2,2,15497600,1937200,1937200,8,0,1169067,133,46106862745200,133,134,16666667,2,16,0
20260813_NV_A2_SMOKE_R1,134,135,2752574,2752624,2758142,2758245,2758284,2758285,2758332,0,0,2,3,0,1,1,1,2,0,2,2,16648200,1849800,1849800,9,0,18467,133,46106862745200,133,135,16666667,2,16,0
20260813_NV_A2_SMOKE_R1,135,136,2769310,2769379,2773975,2774032,2774049,2774050,2774072,0,0,2,3,0,1,1,1,2,0,2,2,15304000,1913000,1913000,8,0,1362667,135,46106896039300,135,136,16666667,2,16,0
20260813_NV_A2_SMOKE_R1,136,137,2785908,2785955,2789435,2789497,2789517,2789517,2789539,0,0,2,3,0,1,1,1,2,0,2,2,16424000,2053000,2053000,8,0,242667,135,46106896039300,135,137,16666667,2,16,0
20260813_NV_A2_SMOKE_R1,137,138,2802559,2802602,2806122,2806181,2806196,2806196,2806217,0,0,2,3,0,1,1,1,2,0,2,2,16156800,2019600,2019600,8,0,509867,137,46106927540400,137,138,16666667,2,16,0
20260813_NV_A2_SMOKE_R1,138,139,2819545,2819589,2822925,2822995,2823018,2823019,2823050,0,0,2,3,0,1,1,1,2,0,2,2,16659900,1851100,1851100,9,0,6767,138,46106944192000,138,139,16666667,2,16,0
20260813_NV_A2_SMOKE_R1,139,140,2835960,2836033,2840927,2840990,2841013,2841013,2841039,0,0,2,3,0,1,1,1,2,0,2,2,15380000,1922500,1922500,8,0,1286667,139,46106960876800,139,140,16666667,2,16,0
20260813_NV_A2_SMOKE_R1,140,141,2852575,2852624,2858175,2858287,2858328,2858328,2858388,0,0,2,3,0,1,1,1,2,0,2,2,16650000,1850000,1850000,9,0,16667,139,46106960876800,139,141,16666667,2,16,0
20260813_NV_A2_SMOKE_R1,141,142,2869301,2869369,2875044,2875109,2875137,2875137,2875168,0,0,2,3,0,1,1,1,2,0,2,2,15736000,1967000,1967000,8,0,930667,141,46106996028900,141,142,16666667,2,16,0
20260813_NV_A2_SMOKE_R1,142,143,2885876,2885912,2888810,2888853,2888868,2888868,2888885,0,0,2,3,0,1,1,1,2,0,2,2,15677600,1959700,1959700,8,0,989067,142,46107012687200,142,143,16666667,2,16,0
20260813_NV_A2_SMOKE_R1,143,144,2902539,2902575,2905360,2905476,2905502,2905503,2905520,0,0,2,3,0,1,1,1,2,0,2,2,15268000,1908500,1908500,8,0,1398667,143,46107025657900,143,144,16666667,2,16,0
20260813_NV_A2_SMOKE_R1,144,145,2919201,2919241,2921807,2921854,2921872,2921872,2921890,0,0,2,3,0,1,1,1,2,0,2,2,16156800,2019600,2019600,8,0,509867,144,46107042317400,144,145,16666667,2,16,0
20260813_NV_A2_SMOKE_R1,145,146,2935882,2935925,2941260,2941353,2941438,2941439,2941535,0,0,2,3,0,1,1,1,2,0,2,2,16659900,1851100,1851100,9,0,6767,145,46107058975900,145,146,16666667,2,16,0
20260813_NV_A2_SMOKE_R1,146,147,2952569,2952620,2957544,2957618,2957644,2957644,2957687,0,0,2,3,0,1,1,1,2,0,2,2,15281600,1910200,1910200,8,0,1385067,145,46107058975900,145,147,16666667,2,16,0
20260813_NV_A2_SMOKE_R1,147,148,2969212,2969251,2972481,2972525,2972539,2972540,2972558,0,0,2,3,0,1,1,1,2,0,2,2,16651800,1850200,1850200,9,0,14867,145,46107058975900,145,148,16666667,2,16,0
20260813_NV_A2_SMOKE_R1,148,149,2985889,2985929,2989101,2989146,2989162,2989162,2989191,0,0,2,3,0,1,1,1,2,0,2,2,15676800,1959600,1959600,8,0,989867,148,46107108941900,148,149,16666667,2,16,0
20260813_NV_A2_SMOKE_R1,149,150,3002539,3002577,3006983,3007076,3007109,3007110,3007155,0,0,2,3,0,1,1,1,2,0,2,2,15677600,1959700,1959700,8,0,989067,149,46107125619300,149,150,16666667,2,16,0
20260813_NV_A2_SMOKE_R1,150,151,3019233,3019277,3022877,3022941,3022960,3022961,3022991,0,0,2,3,0,1,1,1,2,0,2,2,15268000,1908500,1908500,8,0,1398667,150,46107144151300,150,151,16666667,2,16,0
20260813_NV_A2_SMOKE_R1,151,152,3035900,3035957,3040238,3040292,3040310,3040310,3040336,0,0,2,3,0,1,1,1,2,0,2,2,15259200,1907400,1907400,8,0,1407467,151,46107160778300,151,152,16666667,2,16,0
20260813_NV_A2_SMOKE_R1,152,153,3052547,3052587,3056259,3056304,3056321,3056321,3056345,0,0,2,3,0,1,1,1,2,0,2,2,16662600,1851400,1851400,9,0,4067,152,46107177454600,152,153,16666667,2,16,0
20260813_NV_A2_SMOKE_R1,153,154,3069240,3069288,3072901,3072939,3072954,3072954,3072973,0,0,2,3,0,1,1,1,2,0,2,2,15281600,1910200,1910200,8,0,1385067,153,46107194113500,153,154,16666667,2,16,0
20260813_NV_A2_SMOKE_R1,154,155,3085875,3085907,3088664,3088696,3088711,3088711,3088727,0,0,2,3,0,1,1,1,2,0,2,2,16651800,1850200,1850200,9,0,14867,154,46107210764000,154,155,16666667,2,16,0
20260813_NV_A2_SMOKE_R1,155,156,3102552,3102599,3105870,3105908,3105922,3105923,3105944,0,0,2,3,0,1,1,1,2,0,2,2,16084800,2010600,2010600,8,0,581867,155,46107225564100,155,156,16666667,2,16,0
20260813_NV_A2_SMOKE_R1,156,157,3119209,3119245,3122112,3122152,3122167,3122168,3122189,0,0,2,3,0,1,1,1,2,0,2,2,15677600,1959700,1959700,8,0,989067,156,46107244095700,156,157,16666667,2,16,0
20260813_NV_A2_SMOKE_R1,157,158,3135873,3135914,3140661,3140740,3140770,3140771,3140808,0,0,2,3,0,1,1,1,2,0,2,2,15268000,1908500,1908500,8,0,1398667,157,46107258902100,157,158,16666667,2,16,0
20260813_NV_A2_SMOKE_R1,158,159,3152622,3152692,3157808,3157864,3157887,3157888,3157921,0,0,2,3,0,1,1,1,2,0,2,2,16072000,2009000,2009000,8,0,594667,158,46107277477000,158,159,16666667,2,16,0
20260813_NV_A2_SMOKE_R1,159,160,3169223,3169269,3172672,3172707,3172720,3172721,3172741,0,0,2,3,0,1,1,1,2,0,2,2,16659000,1851000,1851000,9,0,7667,159,46107294073400,159,160,16666667,2,16,0
20260813_NV_A2_SMOKE_R1,160,161,3185887,3185932,3191133,3191256,3191305,3191306,3191360,0,0,2,3,0,1,1,1,2,0,2,2,15197600,1899700,1899700,8,0,1469067,160,46107308882800,160,161,16666667,2,16,0
20260813_NV_A2_SMOKE_R1,161,162,3202707,3202783,3210126,3210151,3210160,3210161,3210175,0,0,2,3,0,1,1,1,2,0,2,2,16660800,1851200,1851200,9,0,5867,161,46107329223800,161,162,16666667,2,16,0
20260813_NV_A2_SMOKE_R1,162,163,3219280,3219344,3224566,3224591,3224601,3224602,3224617,0,0,2,3,0,1,1,1,2,0,2,2,16084800,2010600,2010600,8,0,581867,162,46107347711400,162,163,16666667,2,16,0
20260813_NV_A2_SMOKE_R1,163,164,3235904,3235965,3240178,3240220,3240237,3240238,3240260,0,0,2,3,0,1,1,1,2,0,2,2,15677600,1959700,1959700,8,0,989067,163,46107362550300,163,164,16666667,2,16,0
20260813_NV_A2_SMOKE_R1,164,165,3252549,3252590,3256288,3256386,3256413,3256414,3256434,0,0,2,3,0,1,1,1,2,0,2,2,15268000,1908500,1908500,8,0,1398667,164,46107377380300,164,165,16666667,2,16,0
20260813_NV_A2_SMOKE_R1,165,166,3269211,3269250,3272658,3272694,3272708,3272708,3272735,0,0,2,3,0,1,1,1,2,0,2,2,16072000,2009000,2009000,8,0,594667,165,46107394039200,165,166,16666667,2,16,0
20260813_NV_A2_SMOKE_R1,166,167,3285876,3285915,3289198,3289238,3289259,3289260,3289281,0,0,2,3,0,1,1,1,2,0,2,2,16659000,1851000,1851000,9,0,7667,166,46107410697200,166,167,16666667,2,16,0
20260813_NV_A2_SMOKE_R1,167,168,3302565,3302611,3306065,3306105,3306120,3306121,3306147,0,0,2,3,0,1,1,1,2,0,2,2,15119200,1889900,1889900,8,0,1547467,166,46107410697200,166,168,16666667,2,16,0
20260813_NV_A2_SMOKE_R1,168,169,3319219,3319259,3322140,3322176,3322190,3322191,3322208,0,0,2,3,0,1,1,1,2,0,2,2,16660800,1851200,1851200,9,0,5867,168,46107444006400,168,169,16666667,2,16,0
20260813_NV_A2_SMOKE_R1,169,170,3335896,3335935,3339203,3339238,3339251,3339251,3339268,0,0,2,3,0,1,1,1,2,0,2,2,16467200,2058400,2058400,8,0,199467,169,46107458816000,169,170,16666667,2,16,0
20260813_NV_A2_SMOKE_R1,170,171,3352535,3352574,3355448,3355487,3355501,3355501,3355521,0,0,2,3,0,1,1,1,2,0,2,2,15677600,1959700,1959700,8,0,989067,170,46107475488400,170,171,16666667,2,16,0
20260813_NV_A2_SMOKE_R1,171,172,3369218,3369260,3372832,3372874,3372892,3372892,3372918,0,0,2,3,0,1,1,1,2,0,2,2,15268000,1908500,1908500,8,0,1398667,171,46107492150900,171,172,16666667,2,16,0
20260813_NV_A2_SMOKE_R1,172,173,3385900,3385949,3390893,3390961,3390992,3390993,3391028,0,0,2,3,0,1,1,1,2,0,2,2,16072000,2009000,2009000,8,0,594667,172,46107510662500,172,173,16666667,2,16,0
20260813_NV_A2_SMOKE_R1,173,174,3402590,3402646,3408381,3408441,3408464,3408465,3408504,0,0,2,3,0,1,1,1,2,0,2,2,16659000,1851000,1851000,9,0,7667,173,46107529184800,173,174,16666667,2,16,0
20260813_NV_A2_SMOKE_R1,174,175,3419250,3419306,3424646,3424716,3424752,3424753,3424792,0,0,2,3,0,1,1,1,2,0,2,2,15064800,1883100,1883100,8,0,1601867,173,46107529184800,173,175,16666667,2,16,0
20260813_NV_A2_SMOKE_R1,175,176,3435932,3435991,3441069,3441117,3441138,3441139,3441164,0,0,2,3,0,1,1,1,2,0,2,2,14820000,1852500,1852500,8,0,1846667,173,46107529184800,173,176,16666667,2,16,0
20260813_NV_A2_SMOKE_R1,176,177,3452540,3452576,3455267,3455308,3455322,3455322,3455341,0,0,2,3,0,1,1,1,2,0,2,2,15394400,2199200,2199200,7,0,1272267,176,46107577302900,176,177,16666667,2,16,0
20260813_NV_A2_SMOKE_R1,177,178,3469209,3469247,3472473,3472512,3472526,3472527,3472547,0,0,2,3,0,1,1,1,2,0,2,2,15765600,1970700,1970700,8,0,901067,177,46107592107500,177,178,16666667,2,16,0
20260813_NV_A2_SMOKE_R1,178,179,3485872,3485909,3488733,3488774,3488789,3488790,3488810,0,0,2,3,0,1,1,1,2,0,2,2,15312800,1914100,1914100,8,0,1353867,178,46107610618300,178,179,16666667,2,16,0
20260813_NV_A2_SMOKE_R1,179,180,3502534,3502569,3505560,3505597,3505610,3505610,3505631,0,0,2,3,0,1,1,1,2,0,2,2,15179200,1897400,1897400,8,0,1487467,179,46107625436400,179,180,16666667,2,16,0
20260813_NV_A2_SMOKE_R1,180,181,3519241,3519325,3522726,3522769,3522786,3522787,3522815,0,0,2,3,0,1,1,1,2,0,2,2,16660800,1851200,1851200,9,0,5867,180,46107642091700,180,181,16666667,2,16,0
20260813_NV_A2_SMOKE_R1,181,182,3535896,3535946,3541370,3541435,3541460,3541460,3541492,0,0,2,3,0,1,1,1,2,0,2,2,15064800,1883100,1883100,8,0,1601867,181,46107660609700,181,182,16666667,2,16,0
20260813_NV_A2_SMOKE_R1,182,183,3552587,3552645,3558550,3558577,3558587,3558587,3558601,0,0,2,3,0,1,1,1,2,0,2,2,14820000,1852500,1852500,8,0,1846667,181,46107660609700,181,183,16666667,2,16,0
20260813_NV_A2_SMOKE_R1,183,184,3569289,3569369,3575872,3575898,3575908,3575908,3575921,0,0,2,3,0,1,1,1,2,0,2,2,15511300,2215900,2215900,7,0,1155367,183,46107695748200,183,184,16666667,2,16,0
20260813_NV_A2_SMOKE_R1,184,185,3585950,3586003,3589721,3589767,3589785,3589786,3589809,0,0,2,3,0,1,1,1,2,0,2,2,15623200,1952900,1952900,8,0,1043467,184,46107712417400,184,185,16666667,2,16,0
20260813_NV_A2_SMOKE_R1,185,186,3602571,3602618,3606124,3606160,3606178,3606178,3606195,0,0,2,3,0,1,1,1,2,0,2,2,15212800,1901600,1901600,8,0,1453867,185,46107729097000,185,186,16666667,2,16,0
20260813_NV_A2_SMOKE_R1,186,187,3619215,3619257,3623842,3623936,3623973,3623974,3624023,0,0,2,3,0,1,1,1,2,0,2,2,16072000,2009000,2009000,8,0,594667,186,46107743905600,186,187,16666667,2,16,0
20260813_NV_A2_SMOKE_R1,187,188,3635939,3636006,3641315,3641364,3641383,3641384,3641409,0,0,2,3,0,1,1,1,2,0,2,2,16659000,1851000,1851000,9,0,7667,187,46107760671800,187,188,16666667,2,16,0
20260813_NV_A2_SMOKE_R1,188,189,3652556,3652599,3657902,3657990,3658025,3658026,3658065,0,0,2,3,0,1,1,1,2,0,2,2,15019200,1877400,1877400,8,0,1647467,188,46107779065800,188,189,16666667,2,16,0
20260813_NV_A2_SMOKE_R1,189,190,3669274,3669342,3674569,3674628,3674647,3674647,3674671,0,0,2,3,0,1,1,1,2,0,2,2,14833600,1854200,1854200,8,0,1833067,189,46107795716400,189,190,16666667,2,16,0
20260813_NV_A2_SMOKE_R1,190,191,3685891,3685952,3691248,3691333,3691375,3691376,3691422,0,0,2,3,0,1,1,1,2,0,2,2,15848700,2264100,2264100,7,0,817967,190,46107812368900,190,191,16666667,2,16,0
20260813_NV_A2_SMOKE_R1,191,192,3702634,3702704,3708089,3708144,3708166,3708167,3708201,0,0,2,3,0,1,1,1,2,0,2,2,15623200,1952900,1952900,8,0,1043467,191,46107829079200,191,192,16666667,2,16,0
20260813_NV_A2_SMOKE_R1,192,193,3719256,3719314,3725078,3725103,3725113,3725114,3725126,0,0,2,3,0,1,1,1,2,0,2,2,15187200,1898400,1898400,8,0,1479467,192,46107847561500,192,193,16666667,2,16,0
20260813_NV_A2_SMOKE_R1,193,194,3735968,3736044,3741617,3741677,3741697,3741698,3741730,0,0,2,3,0,1,1,1,2,0,2,2,16072000,2009000,2009000,8,0,594667,193,46107862370100,193,194,16666667,2,16,0
20260813_NV_A2_SMOKE_R1,194,195,3752570,3752629,3756476,3756522,3756540,3756541,3756568,0,0,2,3,0,1,1,1,2,0,2,2,16659000,1851000,1851000,9,0,7667,194,46107879031400,194,195,16666667,2,16,0
20260813_NV_A2_SMOKE_R1,195,196,3769204,3769243,3772596,3772635,3772650,3772650,3772670,0,0,2,3,0,1,1,1,2,0,2,2,14980000,1872500,1872500,8,0,1686667,194,46107879031400,194,196,16666667,2,16,0
20260813_NV_A2_SMOKE_R1,196,197,3785896,3785955,3789937,3789989,3790009,3790010,3790037,0,0,2,3,0,1,1,1,2,0,2,2,14829600,1853700,1853700,8,0,1837067,194,46107879031400,194,197,16666667,2,16,0
20260813_NV_A2_SMOKE_R1,197,198,3803034,3803090,3806796,3806852,3806873,3806873,3806905,0,0,2,3,0,1,1,1,2,0,2,2,14825600,1853200,1853200,8,0,1841067,197,46107929026000,197,198,16666667,2,16,0
20260813_NV_A2_SMOKE_R1,198,199,3819286,3819359,3824971,3825039,3825065,3825066,3825095,0,0,2,3,0,1,1,1,2,0,2,2,15649600,1956200,1956200,8,0,1017067,198,46107943849700,198,199,16666667,2,16,0
20260813_NV_A2_SMOKE_R1,199,200,3835967,3836030,3840343,3840393,3840410,3840411,3840433,0,0,2,3,0,1,1,1,2,0,2,2,15251200,1906400,1906400,8,0,1415467,199,46107962347800,199,200,16666667,2,16,0
20260813_NV_A2_SMOKE_R1,200,201,3852566,3852613,3856165,3856207,3856225,3856226,3856248,0,0,2,3,0,1,1,1,2,0,2,2,15133600,1891700,1891700,8,0,1533067,200,46107977155700,200,201,16666667,2,16,0
20260813_NV_A2_SMOKE_R1,201,202,3869231,3869275,3873794,3873872,3873901,3873902,3873941,0,0,2,3,0,1,1,1,2,0,2,2,16660800,1851200,1851200,9,0,5867,201,46107993818100,201,202,16666667,2,16,0
20260813_NV_A2_SMOKE_R1,202,203,3885845,3885868,3887488,3887525,3887537,3887537,3887555,0,0,2,3,0,1,1,1,2,0,2,2,14980000,1872500,1872500,8,0,1686667,202,46108012336900,202,203,16666667,2,16,0
20260813_NV_A2_SMOKE_R1,203,204,3902538,3902574,3905188,3905226,3905238,3905238,3905255,0,0,2,3,0,1,1,1,2,0,2,2,14824800,1853100,1853100,8,0,1841867,202,46108012336900,202,204,16666667,2,16,0
20260813_NV_A2_SMOKE_R1,204,205,3919206,3919240,3921928,3921964,3921977,3921978,3921999,0,0,2,3,0,1,1,1,2,0,2,2,15767500,2252500,2252500,7,0,899167,204,46108041935900,204,205,16666667,2,16,0
20260813_NV_A2_SMOKE_R1,205,206,3935869,3935902,3938796,3938829,3938842,3938842,3938861,0,0,2,3,0,1,1,1,2,0,2,2,15572000,1946500,1946500,8,0,1094667,205,46108058614400,205,206,16666667,2,16,0
20260813_NV_A2_SMOKE_R1,206,207,3952540,3952584,3955525,3955564,3955582,3955583,3955604,0,0,2,3,0,1,1,1,2,0,2,2,15140800,1892600,1892600,8,0,1525867,206,46108077124000,206,207,16666667,2,16,0
20260813_NV_A2_SMOKE_R1,207,208,3969198,3969233,3972313,3972350,3972364,3972364,3972382,0,0,2,3,0,1,1,1,2,0,2,2,15992800,1999100,1999100,8,0,673867,207,46108091930400,207,208,16666667,2,16,0
20260813_NV_A2_SMOKE_R1,208,209,3985864,3985896,3988566,3988601,3988615,3988615,3988634,0,0,2,3,0,1,1,1,2,0,2,2,16659000,1851000,1851000,9,0,7667,208,46108110443200,208,209,16666667,2,16,0
20260813_NV_A2_SMOKE_R1,209,210,4002537,4002574,4005852,4005895,4005908,4005908,4005935,0,0,2,3,0,1,1,1,2,0,2,2,14948800,1868600,1868600,8,0,1717867,208,46108110443200,208,210,16666667,2,16,0
20260813_NV_A2_SMOKE_R1,210,211,4019194,4019226,4021612,4021651,4021664,4021664,4021681,0,0,2,3,0,1,1,1,2,0,2,2,15329600,1916200,1916200,8,0,1337067,210,46108143758700,210,211,16666667,2,16,0
20260813_NV_A2_SMOKE_R1,211,212,4035857,4035889,4038781,4038822,4038836,4038836,4038859,0,0,2,3,0,1,1,1,2,0,2,2,14822400,1852800,1852800,8,0,1844267,211,46108158569500,211,212,16666667,2,16,0
20260813_NV_A2_SMOKE_R1,212,213,4052570,4052614,4055686,4055727,4055742,4055743,4055764,0,0,2,3,0,1,1,1,2,0,2,2,15596800,1949600,1949600,8,0,1069867,212,46108175237400,212,213,16666667,2,16,0
20260813_NV_A2_SMOKE_R1,213,214,4069232,4069273,4072902,4072950,4072968,4072969,4072995,0,0,2,3,0,1,1,1,2,0,2,2,15224000,1903000,1903000,8,0,1442667,213,46108193746400,213,214,16666667,2,16,0
20260813_NV_A2_SMOKE_R1,214,215,4085974,4086077,4089629,4089685,4089702,4089703,4089722,0,0,2,3,0,1,1,1,2,0,2,2,15112800,1889100,1889100,8,0,1553867,214,46108210413100,214,215,16666667,2,16,0
20260813_NV_A2_SMOKE_R1,215,216,4102583,4102632,4106175,4106216,4106232,4106232,4106254,0,0,2,3,0,1,1,1,2,0,2,2,16660800,1851200,1851200,9,0,5867,215,46108227065200,215,216,16666667,2,16,0
20260813_NV_A2_SMOKE_R1,216,217,4119204,4119237,4122073,4122107,4122122,4122122,4122147,0,0,2,3,0,1,1,1,2,0,2,2,14948800,1868600,1868600,8,0,1717867,216,46108243722600,216,217,16666667,2,16,0
20260813_NV_A2_SMOKE_R1,217,218,4135869,4135905,4138785,4138823,4138836,4138836,4138854,0,0,2,3,0,1,1,1,2,0,2,2,14818400,1852300,1852300,8,0,1848267,216,46108243722600,216,218,16666667,2,16,0
20260813_NV_A2_SMOKE_R1,218,219,4152537,4152573,4155166,4155199,4155211,4155212,4155229,0,0,2,3,0,1,1,1,2,0,2,2,15696800,2242400,2242400,7,0,969867,218,46108275179100,218,219,16666667,2,16,0
20260813_NV_A2_SMOKE_R1,219,220,4169211,4169252,4173635,4173687,4173706,4173706,4173735,0,0,2,3,0,1,1,1,2,0,2,2,15524000,1940500,1940500,8,0,1142667,219,46108291857000,219,220,16666667,2,16,0
20260813_NV_A2_SMOKE_R1,220,221,4185887,4185936,4190386,4190461,4190505,4190506,4190536,0,0,2,3,0,1,1,1,2,0,2,2,15100000,1887500,1887500,8,0,1566667,220,46108312224000,220,221,16666667,2,16,0
20260813_NV_A2_SMOKE_R1,221,222,4202595,4202660,4209785,4209851,4209862,4209862,4209876,0,0,2,3,0,1,1,1,2,0,2,2,15918400,1989800,1989800,8,0,748267,221,46108327035100,221,222,16666667,2,16,0
20260813_NV_A2_SMOKE_R1,222,223,4219264,4219326,4224803,4224971,4224990,4224990,4225002,0,0,2,3,0,1,1,1,2,0,2,2,16659000,1851000,1851000,9,0,7667,222,46108347375000,222,223,16666667,2,16,0
20260813_NV_A2_SMOKE_R1,223,224,4235887,4235929,4239691,4239791,4239823,4239824,4239848,0,0,2,3,0,1,1,1,2,0,2,2,14925600,1865700,1865700,8,0,1741067,222,46108347375000,222,224,16666667,2,16,0
20260813_NV_A2_SMOKE_R1,224,225,4252538,4252578,4257254,4257333,4257368,4257369,4257405,0,0,2,3,0,1,1,1,2,0,2,2,14817600,1852200,1852200,8,0,1849067,222,46108347375000,222,225,16666667,2,16,0
20260813_NV_A2_SMOKE_R1,225,226,4269244,4269297,4274674,4274730,4274752,4274752,4274785,0,0,2,3,0,1,1,1,2,0,2,2,16530500,2361500,2361500,7,0,136167,225,46108395511300,225,226,16666667,2,16,0
20260813_NV_A2_SMOKE_R1,226,227,4285914,4285959,4289404,4289447,4289468,4289469,4289490,0,0,2,3,0,1,1,1,2,0,2,2,15524000,1940500,1940500,8,0,1142667,226,46108412192900,226,227,16666667,2,16,0
20260813_NV_A2_SMOKE_R1,227,228,4302974,4303029,4307837,4307917,4307947,4307948,4307998,0,0,2,3,0,1,1,1,2,0,2,2,15159200,1894900,1894900,8,0,1507467,226,46108412192900,226,228,16666667,2,16,0
20260813_NV_A2_SMOKE_R1,228,229,4319285,4319359,4326659,4326760,4326800,4326801,4326876,0,0,2,3,0,1,1,1,2,0,2,2,15076800,1884600,1884600,8,0,1589867,228,46108445502300,228,229,16666667,2,16,0
20260813_NV_A2_SMOKE_R1,229,230,4335951,4336025,4342307,4342367,4342381,4342382,4342395,0,0,2,3,0,1,1,1,2,0,2,2,16660800,1851200,1851200,9,0,5867,229,46108463996600,229,230,16666667,2,16,0
20260813_NV_A2_SMOKE_R1,230,231,4352729,4352800,4359834,4359935,4359975,4359976,4360021,0,0,2,3,0,1,1,1,2,0,2,2,14925600,1865700,1865700,8,0,1741067,230,46108478806900,230,231,16666667,2,16,0
20260813_NV_A2_SMOKE_R1,231,232,4369229,4369278,4373040,4373081,4373100,4373101,4373122,0,0,2,3,0,1,1,1,2,0,2,2,14816800,1852100,1852100,8,0,1849867,230,46108478806900,230,232,16666667,2,16,0
20260813_NV_A2_SMOKE_R1,232,233,4385892,4385939,4391046,4391071,4391081,4391082,4391096,0,0,2,3,0,1,1,1,2,0,2,2,14669400,2444900,2444900,6,0,1997267,232,46108510284700,232,233,16666667,2,16,0
20260813_NV_A2_SMOKE_R1,233,234,4402502,4402523,4404209,4404243,4404253,4404254,4404269,0,0,2,3,0,1,1,1,2,0,2,2,15524000,1940500,1940500,8,0,1142667,233,46108528803900,233,234,16666667,2,16,0
20260813_NV_A2_SMOKE_R1,234,235,4419178,4419200,4420799,4420836,4420847,4420848,4420865,0,0,2,3,0,1,1,1,2,0,2,2,15033600,1879200,1879200,8,0,1633067,234,46108543594800,234,235,16666667,2,16,0
20260813_NV_A2_SMOKE_R1,235,236,4435846,4435869,4437586,4437625,4437636,4437636,4437656,0,0,2,3,0,1,1,1,2,0,2,2,15850400,1981300,1981300,8,0,816267,235,46108558428300,235,236,16666667,2,16,0
20260813_NV_A2_SMOKE_R1,236,237,4452519,4452547,4454186,4454227,4454239,4454239,4454259,0,0,2,3,0,1,1,1,2,0,2,2,16659900,1851100,1851100,9,0,6767,235,46108558428300,235,237,16666667,2,16,0
20260813_NV_A2_SMOKE_R1,237,238,4469178,4469201,4470909,4470948,4470960,4470961,4470980,0,0,2,3,0,1,1,1,2,0,2,2,16658100,1850900,1850900,9,0,8567,235,46108558428300,235,238,16666667,2,16,0
20260813_NV_A2_SMOKE_R1,238,239,4485907,4485930,4487527,4487563,4487574,4487575,4487594,0,0,2,3,0,1,1,1,2,0,2,2,15160000,1895000,1895000,8,0,1506667,235,46108558428300,235,239,16666667,2,16,0
20260813_NV_A2_SMOKE_R1,239,240,4502517,4502543,4504291,4504334,4504345,4504345,4504365,0,0,2,3,0,1,1,1,2,0,2,2,15402400,1925300,1925300,8,0,1264267,235,46108558428300,235,240,16666667,2,16,0
20260813_NV_A2_SMOKE_R1,240,241,4519198,4519251,4520995,4521050,4521064,4521064,4521086,0,0,2,3,0,1,1,1,2,0,2,2,15480800,1935100,1935100,8,0,1185867,240,46108641687500,240,241,16666667,2,16,0
20260813_NV_A2_SMOKE_R1,241,242,4535899,4535927,4537702,4537743,4537755,4537755,4537776,0,0,2,3,0,1,1,1,2,0,2,2,15850400,1981300,1981300,8,0,816267,241,46108658367100,241,242,16666667,2,16,0
20260813_NV_A2_SMOKE_R1,242,243,4552520,4552558,4555979,4556040,4556063,4556064,4556100,0,0,2,3,0,1,1,1,2,0,2,2,16659900,1851100,1851100,9,0,6767,242,46108674983600,242,243,16666667,2,16,0
20260813_NV_A2_SMOKE_R1,243,244,4569260,4569320,4574925,4574953,4574963,4574963,4574977,0,0,2,3,0,1,1,1,2,0,2,2,14897600,1862200,1862200,8,0,1769067,242,46108674983600,242,244,16666667,2,16,0
20260813_NV_A2_SMOKE_R1,244,245,4585899,4585947,4589230,4589270,4589286,4589287,4589305,0,0,2,3,0,1,1,1,2,0,2,2,14815200,1851900,1851900,8,0,1851467,242,46108674983600,242,245,16666667,2,16,0
20260813_NV_A2_SMOKE_R1,245,246,4602558,4602602,4606798,4606847,4606866,4606867,4606894,0,0,2,3,0,1,1,1,2,0,2,2,14584200,2430700,2430700,6,0,2082467,245,46108726862200,245,246,16666667,2,16,0
20260813_NV_A2_SMOKE_R1,246,247,4619245,4619301,4624529,4624554,4624564,4624564,4624577,0,0,2,3,0,1,1,1,2,0,2,2,15402400,1925300,1925300,8,0,1264267,246,46108743546300,246,247,16666667,2,16,0
20260813_NV_A2_SMOKE_R1,247,248,4635972,4636046,4642549,4642613,4642639,4642640,4642682,0,0,2,3,0,1,1,1,2,0,2,2,15438400,1929800,1929800,8,0,1228267,247,46108763927500,247,248,16666667,2,16,0
20260813_NV_A2_SMOKE_R1,248,249,4652575,4652626,4656448,4656494,4656512,4656512,4656533,0,0,2,3,0,1,1,1,2,0,2,2,15850400,1981300,1981300,8,0,816267,248,46108780547000,248,249,16666667,2,16,0
20260813_NV_A2_SMOKE_R1,249,250,4669203,4669239,4672196,4672227,4672239,4672239,4672255,0,0,2,3,0,1,1,1,2,0,2,2,16659900,1851100,1851100,9,0,6767,249,46108793510200,249,250,16666667,2,16,0
20260813_NV_A2_SMOKE_R1,250,251,4685859,4685898,4688721,4688760,4688776,4688776,4688797,0,0,2,3,0,1,1,1,2,0,2,2,14882400,1860300,1860300,8,0,1784267,250,46108810182000,250,251,16666667,2,16,0
20260813_NV_A2_SMOKE_R1,251,252,4702554,4702596,4707840,4707905,4707933,4707934,4707973,0,0,2,3,0,1,1,1,2,0,2,2,16666200,1851800,1851800,9,0,467,250,46108810182000,250,252,16666667,2,16,0
20260813_NV_A2_SMOKE_R1,252,253,4719338,4719405,4724193,4724241,4724262,4724263,4724288,0,0,2,3,0,1,1,1,2,0,2,2,14598000,2433000,2433000,6,0,2068667,252,46108845339300,252,253,16666667,2,16,0
20260813_NV_A2_SMOKE_R1,253,254,4735912,4735963,4741539,4741681,4741724,4741725,4741772,0,0,2,3,0,1,1,1,2,0,2,2,15402400,1925300,1925300,8,0,1264267,253,46108862013200,253,254,16666667,2,16,0
20260813_NV_A2_SMOKE_R1,254,255,4752605,4752669,4756698,4756748,4756768,4756768,4756795,0,0,2,3,0,1,1,1,2,0,2,2,15398400,1924800,1924800,8,0,1268267,254,46108880520500,254,255,16666667,2,16,0
20260813_NV_A2_SMOKE_R1,255,256,4769233,4769282,4773044,4773082,4773097,4773097,4773122,0,0,2,3,0,1,1,1,2,0,2,2,15850400,1981300,1981300,8,0,816267,255,46108893484000,255,256,16666667,2,16,0
20260813_NV_A2_SMOKE_R1,256,257,4785874,4785911,4788793,4788834,4788848,4788849,4788870,0,0,2,3,0,1,1,1,2,0,2,2,16659900,1851100,1851100,9,0,6767,256,46108910148200,256,257,16666667,2,16,0
20260813_NV_A2_SMOKE_R1,257,258,4802543,4802581,4805862,4805930,4805945,4805946,4805967,0,0,2,3,0,1,1,1,2,0,2,2,14873600,1859200,1859200,8,0,1793067,256,46108910148200,256,258,16666667,2,16,0
20260813_NV_A2_SMOKE_R1,258,259,4819221,4819264,4824303,4824397,4824441,4824442,4824498,0,0,2,3,0,1,1,1,2,0,2,2,14816800,1852100,1852100,8,0,1849867,256,46108910148200,256,259,16666667,2,16,0
20260813_NV_A2_SMOKE_R1,259,260,4835964,4836044,4841709,4841736,4841746,4841747,4841760,0,0,2,3,0,1,1,1,2,0,2,2,15075000,2512500,2512500,6,0,1591667,259,46108961973600,259,260,16666667,2,16,0
20260813_NV_A2_SMOKE_R1,260,261,4852605,4852671,4858811,4858894,4858929,4858930,4858972,0,0,2,3,0,1,1,1,2,0,2,2,15402400,1925300,1925300,8,0,1264267,260,46108978638800,260,261,16666667,2,16,0
20260813_NV_A2_SMOKE_R1,261,262,4869235,4869282,4873262,4873307,4873326,4873326,4873346,0,0,2,3,0,1,1,1,2,0,2,2,15361600,1920200,1920200,8,0,1305067,261,46108997129600,261,262,16666667,2,16,0
20260813_NV_A2_SMOKE_R1,262,263,4885865,4885898,4888570,4888608,4888622,4888622,4888640,0,0,2,3,0,1,1,1,2,0,2,2,15850400,1981300,1981300,8,0,816267,262,46109010115600,262,263,16666667,2,16,0
20260813_NV_A2_SMOKE_R1,263,264,4902544,4902584,4905625,4905663,4905677,4905677,4905699,0,0,2,3,0,1,1,1,2,0,2,2,16659900,1851100,1851100,9,0,6767,263,46109024924600,263,264,16666667,2,16,0
20260813_NV_A2_SMOKE_R1,264,265,4919202,4919236,4921958,4921993,4922008,4922008,4922027,0,0,2,3,0,1,1,1,2,0,2,2,14857600,1857200,1857200,8,0,1809067,264,46109043429400,264,265,16666667,2,16,0
20260813_NV_A2_SMOKE_R1,265,266,4935869,4935909,4940635,4940709,4940740,4940741,4940783,0,0,2,3,0,1,1,1,2,0,2,2,14816000,1852000,1852000,8,0,1850667,264,46109043429400,264,266,16666667,2,16,0
20260813_NV_A2_SMOKE_R1,266,267,4952641,4952729,4958188,4958244,4958267,4958268,4958311,0,0,2,3,0,1,1,1,2,0,2,2,15152400,2525400,2525400,6,0,1514267,266,46109078615800,266,267,16666667,2,16,0
20260813_NV_A2_SMOKE_R1,267,268,4969259,4969321,4975578,4975687,4975739,4975739,4975752,0,0,2,3,0,1,1,1,2,0,2,2,15402400,1925300,1925300,8,0,1264267,267,46109095252600,267,268,16666667,2,16,0
20260813_NV_A2_SMOKE_R1,268,269,4985891,4985943,4990991,4991065,4991102,4991103,4991146,0,0,2,3,0,1,1,1,2,0,2,2,15326400,1915800,1915800,8,0,1340267,268,46109113768700,268,269,16666667,2,16,0
20260813_NV_A2_SMOKE_R1,269,270,5002601,5002665,5008263,5008290,5008300,5008300,5008313,0,0,2,3,0,1,1,1,2,0,2,2,15850400,1981300,1981300,8,0,816267,269,46109128599800,269,270,16666667,2,16,0
20260813_NV_A2_SMOKE_R1,270,271,5019246,5019297,5023260,5023326,5023355,5023355,5023386,0,0,2,3,0,1,1,1,2,0,2,2,16659900,1851100,1851100,9,0,6767,270,46109145234500,270,271,16666667,2,16,0
20260813_NV_A2_SMOKE_R1,271,272,5036005,5036082,5041251,5041305,5041323,5041324,5041349,0,0,2,3,0,1,1,1,2,0,2,2,16664400,1851600,1851600,9,0,2267,270,46109145234500,270,272,16666667,2,16,0
20260813_NV_A2_SMOKE_R1,272,273,5052596,5052660,5058413,5058501,5058548,5058549,5058599,0,0,2,3,0,1,1,1,2,0,2,2,15064800,1883100,1883100,8,0,1601867,270,46109145234500,270,273,16666667,2,16,0
20260813_NV_A2_SMOKE_R1,273,274,5069262,5069324,5074835,5074891,5074916,5074917,5074945,0,0,2,3,0,1,1,1,2,0,2,2,15337600,1917200,1917200,8,0,1329067,270,46109145234500,270,274,16666667,2,16,0
20260813_NV_A2_SMOKE_R1,274,275,5085884,5085933,5089560,5089609,5089625,5089626,5089645,0,0,2,3,0,1,1,1,2,0,2,2,15294400,1911800,1911800,8,0,1372267,274,46109211883400,274,275,16666667,2,16,0
20260813_NV_A2_SMOKE_R1,275,276,5102570,5102617,5105846,5105882,5105900,5105900,5105917,0,0,2,3,0,1,1,1,2,0,2,2,15850400,1981300,1981300,8,0,816267,275,46109226691000,275,276,16666667,2,16,0
20260813_NV_A2_SMOKE_R1,276,277,5119206,5119244,5123020,5123099,5123131,5123132,5123178,0,0,2,3,0,1,1,1,2,0,2,2,16659900,1851100,1851100,9,0,6767,276,46109243357500,276,277,16666667,2,16,0
20260813_NV_A2_SMOKE_R1,277,278,5135963,5136029,5140965,5141016,5141035,5141035,5141067,0,0,2,3,0,1,1,1,2,0,2,2,14837600,1854700,1854700,8,0,1829067,276,46109243357500,276,278,16666667,2,16,0
20260813_NV_A2_SMOKE_R1,278,279,5152570,5152631,5158265,5158289,5158300,5158300,5158314,0,0,2,3,0,1,1,1,2,0,2,2,15902400,1987800,1987800,8,0,764267,276,46109243357500,276,279,16666667,2,16,0
20260813_NV_A2_SMOKE_R1,279,280,5169304,5169379,5174961,5175015,5175034,5175035,5175064,0,0,2,3,0,1,1,1,2,0,2,2,14892600,2482100,2482100,6,0,1774067,279,46109295166100,279,280,16666667,2,16,0
20260813_NV_A2_SMOKE_R1,280,281,5185922,5185980,5191171,5191228,5191252,5191253,5191293,0,0,2,3,0,1,1,1,2,0,2,2,15219200,1902400,1902400,8,0,1447467,280,46109313688700,280,281,16666667,2,16,0
20260813_NV_A2_SMOKE_R1,281,282,5202570,5202620,5206849,5206897,5206911,5206912,5206934,0,0,2,3,0,1,1,1,2,0,2,2,15264000,1908000,1908000,8,0,1402667,281,46109330344100,281,282,16666667,2,16,0
20260813_NV_A2_SMOKE_R1,282,283,5219182,5219206,5220841,5220879,5220890,5220891,5220907,0,0,2,3,0,1,1,1,2,0,2,2,15850400,1981300,1981300,8,0,816267,282,46109343308900,282,283,16666667,2,16,0
20260813_NV_A2_SMOKE_R1,283,284,5235865,5235899,5239420,5239466,5239484,5239484,5239512,0,0,2,3,0,1,1,1,2,0,2,2,16659900,1851100,1851100,9,0,6767,283,46109358131200,283,284,16666667,2,16,0
20260813_NV_A2_SMOKE_R1,284,285,5252545,5252582,5255298,5255333,5255346,5255346,5255363,0,0,2,3,0,1,1,1,2,0,2,2,14829600,1853700,1853700,8,0,1837067,283,46109358131200,283,285,16666667,2,16,0
20260813_NV_A2_SMOKE_R1,285,286,5269210,5269252,5274178,5274238,5274259,5274260,5274304,0,0,2,3,0,1,1,1,2,0,2,2,15711200,1963900,1963900,8,0,955467,283,46109358131200,283,286,16666667,2,16,0
20260813_NV_A2_SMOKE_R1,286,287,5285980,5286040,5291360,5291422,5291445,5291445,5291476,0,0,2,3,0,1,1,1,2,0,2,2,14887200,2481200,2481200,6,0,1779467,286,46109411802100,286,287,16666667,2,16,0
20260813_NV_A2_SMOKE_R1,287,288,5302580,5302637,5306391,5306432,5306448,5306449,5306478,0,0,2,3,0,1,1,1,2,0,2,2,15219200,1902400,1902400,8,0,1447467,287,46109428480200,287,288,16666667,2,16,0
20260813_NV_A2_SMOKE_R1,288,289,5319216,5319261,5322338,5322379,5322396,5322397,5322416,0,0,2,3,0,1,1,1,2,0,2,2,15235200,1904400,1904400,8,0,1431467,288,46109445122500,288,289,16666667,2,16,0
20260813_NV_A2_SMOKE_R1,289,290,5335887,5335932,5340936,5341022,5341053,5341054,5341094,0,0,2,3,0,1,1,1,2,0,2,2,15850400,1981300,1981300,8,0,816267,289,46109459941700,289,290,16666667,2,16,0
20260813_NV_A2_SMOKE_R1,290,291,5352774,5352854,5360209,5360311,5360349,5360350,5360400,0,0,2,3,0,1,1,1,2,0,2,2,16659900,1851100,1851100,9,0,6767,290,46109478481300,290,291,16666667,2,16,0
20260813_NV_A2_SMOKE_R1,291,292,5369259,5369323,5375285,5375343,5375365,5375366,5375406,0,0,2,3,0,1,1,1,2,0,2,2,14828800,1853600,1853600,8,0,1837867,291,46109496970500,291,292,16666667,2,16,0
20260813_NV_A2_SMOKE_R1,292,293,5385891,5385933,5389201,5389243,5389258,5389258,5389275,0,0,2,3,0,1,1,1,2,0,2,2,15601600,1950200,1950200,8,0,1065067,291,46109496970500,291,293,16666667,2,16,0
20260813_NV_A2_SMOKE_R1,293,294,5402560,5402611,5408798,5408879,5408912,5408913,5408961,0,0,2,3,0,1,1,1,2,0,2,2,14650200,2441700,2441700,6,0,2016467,293,46109528442300,293,294,16666667,2,16,0
20260813_NV_A2_SMOKE_R1,294,295,5419271,5419337,5425315,5425388,5425420,5425421,5425462,0,0,2,3,0,1,1,1,2,0,2,2,15219200,1902400,1902400,8,0,1447467,294,46109546964000,294,295,16666667,2,16,0
20260813_NV_A2_SMOKE_R1,295,296,5435887,5435938,5439676,5439720,5439741,5439742,5439765,0,0,2,3,0,1,1,1,2,0,2,2,15208000,1901000,1901000,8,0,1458667,295,46109563590600,295,296,16666667,2,16,0
20260813_NV_A2_SMOKE_R1,296,297,5452536,5452573,5454846,5454886,5454899,5454900,5454918,0,0,2,3,0,1,1,1,2,0,2,2,14956000,1869500,1869500,8,0,1710667,296,46109576566500,296,297,16666667,2,16,0
20260813_NV_A2_SMOKE_R1,297,298,5469201,5469238,5472436,5472480,5472495,5472495,5472518,0,0,2,3,0,1,1,1,2,0,2,2,16657200,1850800,1850800,9,0,9467,297,46109591372400,297,298,16666667,2,16,0
20260813_NV_A2_SMOKE_R1,298,299,5485844,5485873,5487878,5487915,5487926,5487926,5487941,0,0,2,3,0,1,1,1,2,0,2,2,14828800,1853600,1853600,8,0,1837867,298,46109609898600,298,299,16666667,2,16,0
20260813_NV_A2_SMOKE_R1,299,300,5502527,5502558,5505372,5505408,5505423,5505424,5505442,0,0,2,3,0,1,1,1,2,0,2,2,15420800,1927600,1927600,8,0,1245867,298,46109609898600,298,300,16666667,2,16,0
20260813_NV_A2_SMOKE_R1,300,301,5519206,5519274,5522131,5522166,5522180,5522180,5522199,0,0,2,3,0,1,1,1,2,0,2,2,15218400,2536400,2536400,6,0,1448267,300,46109643202100,300,301,16666667,2,16,0
20260813_NV_A2_SMOKE_R1,301,302,5536251,5536290,5539768,5539824,5539845,5539846,5539876,0,0,2,3,0,1,1,1,2,0,2,2,15219200,1902400,1902400,8,0,1447467,301,46109659877300,301,302,16666667,2,16,0
20260813_NV_A2_SMOKE_R1,302,303,5552634,5552718,5557827,5557889,5557914,5557915,5557948,0,0,2,3,0,1,1,1,2,0,2,2,15182400,1897800,1897800,8,0,1484267,302,46109678403000,302,303,16666667,2,16,0
20260813_NV_A2_SMOKE_R1,303,304,5569245,5569296,5573140,5573184,5573202,5573202,5573222,0,0,2,3,0,1,1,1,2,0,2,2,15850400,1981300,1981300,8,0,816267,303,46109695043600,303,304,16666667,2,16,0
20260813_NV_A2_SMOKE_R1,304,305,5585898,5585953,5591331,5591426,5591465,5591466,5591546,0,0,2,3,0,1,1,1,2,0,2,2,16659900,1851100,1851100,9,0,6767,304,46109709850400,304,305,16666667,2,16,0
20260813_NV_A2_SMOKE_R1,305,306,5602610,5602675,5607852,5607910,5607934,5607935,5607961,0,0,2,3,0,1,1,1,2,0,2,2,14828000,1853500,1853500,8,0,1838667,304,46109709850400,304,306,16666667,2,16,0
20260813_NV_A2_SMOKE_R1,306,307,5619220,5619265,5624595,5624692,5624730,5624731,5624781,0,0,2,3,0,1,1,1,2,0,2,2,15313600,1914200,1914200,8,0,1353067,304,46109709850400,304,307,16666667,2,16,0
20260813_NV_A2_SMOKE_R1,307,308,5635959,5636036,5641337,5641364,5641374,5641375,5641388,0,0,2,3,0,1,1,1,2,0,2,2,15308400,2551400,2551400,6,0,1358267,307,46109761682100,307,308,16666667,2,16,0
20260813_NV_A2_SMOKE_R1,308,309,5652562,5652606,5656178,5656221,5656238,5656242,5656262,0,0,2,3,0,1,1,1,2,0,2,2,15219200,1902400,1902400,8,0,1447467,308,46109778333100,308,309,16666667,2,16,0
20260813_NV_A2_SMOKE_R1,309,310,5669230,5669277,5672738,5672775,5672785,5672785,5672797,0,0,2,3,0,1,1,1,2,0,2,2,15158400,1894800,1894800,8,0,1508267,309,46109795004600,309,310,16666667,2,16,0
20260813_NV_A2_SMOKE_R1,310,311,5685834,5685854,5687408,5687441,5687451,5687451,5687466,0,0,2,3,0,1,1,1,2,0,2,2,15850400,1981300,1981300,8,0,816267,310,46109809811900,310,311,16666667,2,16,0
20260813_NV_A2_SMOKE_R1,311,312,5702504,5702523,5704378,5704405,5704414,5704415,5704428,0,0,2,3,0,1,1,1,2,0,2,2,16659900,1851100,1851100,9,0,6767,311,46109824626100,311,312,16666667,2,16,0
20260813_NV_A2_SMOKE_R1,312,313,5719184,5719211,5721974,5722005,5722017,5722018,5722033,0,0,2,3,0,1,1,1,2,0,2,2,14823200,1852900,1852900,8,0,1843467,311,46109824626100,311,313,16666667,2,16,0
20260813_NV_A2_SMOKE_R1,313,314,5735852,5735879,5738959,5738989,5739002,5739003,5739017,0,0,2,3,0,1,1,1,2,0,2,2,15223200,1902900,1902900,8,0,1443467,313,46109857949000,313,314,16666667,2,16,0
20260813_NV_A2_SMOKE_R1,314,315,5752527,5752561,5758445,5758473,5758482,5758482,5758503,0,0,2,3,0,1,1,1,2,0,2,2,15277200,2546200,2546200,6,0,1389467,314,46109876455800,314,315,16666667,2,16,0
20260813_NV_A2_SMOKE_R1,315,316,5769217,5769266,5775224,5775268,5775282,5775283,5775302,0,0,2,3,0,1,1,1,2,0,2,2,15219200,1902400,1902400,8,0,1447467,315,46109894972700,315,316,16666667,2,16,0
20260813_NV_A2_SMOKE_R1,316,317,5785866,5785899,5790726,5790759,5790774,5790775,5790790,0,0,2,3,0,1,1,1,2,0,2,2,15136000,1892000,1892000,8,0,1530667,316,46109913487800,316,317,16666667,2,16,0
20260813_NV_A2_SMOKE_R1,317,318,5802728,5802761,5805800,5805841,5805865,5805865,5805883,0,0,2,3,0,1,1,1,2,0,2,2,15850400,1981300,1981300,8,0,816267,317,46109928290500,317,318,16666667,2,16,0
20260813_NV_A2_SMOKE_R1,318,319,5819250,5819306,5826599,5826624,5826633,5826633,5826646,0,0,2,3,0,1,1,1,2,0,2,2,16659900,1851100,1851100,9,0,6767,318,46109943111800,318,319,16666667,2,16,0
20260813_NV_A2_SMOKE_R1,319,320,5835883,5835921,5842740,5842778,5842793,5842793,5842810,0,0,2,3,0,1,1,1,2,0,2,2,14820000,1852500,1852500,8,0,1846667,318,46109943111800,318,320,16666667,2,16,0
20260813_NV_A2_SMOKE_R1,320,321,5852514,5852545,5855699,5855728,5855738,5855738,5855751,0,0,2,3,0,1,1,1,2,0,2,2,15150400,1893800,1893800,8,0,1516267,318,46109943111800,318,321,16666667,2,16,0
20260813_NV_A2_SMOKE_R1,321,322,5869180,5869207,5871530,5871560,5871572,5871573,5871588,0,0,2,3,0,1,1,1,2,0,2,2,15016200,2502700,2502700,6,0,1650467,321,46109993082900,321,322,16666667,2,16,0
20260813_NV_A2_SMOKE_R1,322,323,5885872,5885914,5890564,5890610,5890630,5890630,5890649,0,0,2,3,0,1,1,1,2,0,2,2,15219200,1902400,1902400,8,0,1447467,322,46110007895900,322,323,16666667,2,16,0
20260813_NV_A2_SMOKE_R1,323,324,5902517,5902542,5904521,5904561,5904574,5904574,5904592,0,0,2,3,0,1,1,1,2,0,2,2,15115200,1889400,1889400,8,0,1551467,323,46110028256500,323,324,16666667,2,16,0
20260813_NV_A2_SMOKE_R1,324,325,5919166,5919186,5921058,5921092,5921103,5921104,5921119,0,0,2,3,0,1,1,1,2,0,2,2,15850400,1981300,1981300,8,0,816267,324,46110041214000,324,325,16666667,2,16,0
20260813_NV_A2_SMOKE_R1,325,326,5935836,5935858,5937881,5937908,5937918,5937918,5937933,0,0,2,3,0,1,1,1,2,0,2,2,16659900,1851100,1851100,9,0,6767,325,46110057879100,325,326,16666667,2,16,0
20260813_NV_A2_SMOKE_R1,326,327,5952531,5952566,5956882,5956947,5956972,5956973,5957010,0,0,2,3,0,1,1,1,2,0,2,2,14816800,1852100,1852100,8,0,1849867,325,46110057879100,325,327,16666667,2,16,0
20260813_NV_A2_SMOKE_R1,327,328,5969256,5969319,5975401,5975470,5975500,5975501,5975534,0,0,2,3,0,1,1,1,2,0,2,2,15088800,1886100,1886100,8,0,1577867,327,46110094910900,327,328,16666667,2,16,0
20260813_NV_A2_SMOKE_R1,328,329,5985935,5985993,5990796,5990844,5990863,5990864,5990889,0,0,2,3,0,1,1,1,2,0,2,2,15003000,2500500,2500500,6,0,1663667,328,46110113393700,328,329,16666667,2,16,0
20260813_NV_A2_SMOKE_R1,329,330,6002564,6002610,6006445,6006513,6006540,6006541,6006565,0,0,2,3,0,1,1,1,2,0,2,2,15219200,1902400,1902400,8,0,1447467,329,46110128211800,329,330,16666667,2,16,0
20260813_NV_A2_SMOKE_R1,330,331,6019266,6019301,6022747,6022794,6022815,6022816,6022840,0,0,2,3,0,1,1,1,2,0,2,2,15096000,1887000,1887000,8,0,1570667,330,46110144877400,330,331,16666667,2,16,0
20260813_NV_A2_SMOKE_R1,331,332,6035907,6035958,6041066,6041134,6041163,6041164,6041196,0,0,2,3,0,1,1,1,2,0,2,2,14914400,1864300,1864300,8,0,1752267,330,46110144877400,330,332,16666667,2,16,0
20260813_NV_A2_SMOKE_R1,332,333,6052711,6052770,6059368,6059396,6059407,6059407,6059420,0,0,2,3,0,1,1,1,2,0,2,2,16657200,1850800,1850800,9,0,9467,332,46110178196300,332,333,16666667,2,16,0
20260813_NV_A2_SMOKE_R1,333,334,6069298,6069380,6075708,6075782,6075814,6075815,6075854,0,0,2,3,0,1,1,1,2,0,2,2,14816800,1852100,1852100,8,0,1849867,333,46110196706700,333,334,16666667,2,16,0
20260813_NV_A2_SMOKE_R1,334,335,6085905,6085960,6089642,6089679,6089693,6089693,6089712,0,0,2,3,0,1,1,1,2,0,2,2,15040000,1880000,1880000,8,0,1626667,333,46110196706700,333,335,16666667,2,16,0
20260813_NV_A2_SMOKE_R1,335,336,6102547,6102588,6105727,6105767,6105786,6105787,6105807,0,0,2,3,0,1,1,1,2,0,2,2,15451200,2575200,2575200,6,0,1215467,335,46110226315500,335,336,16666667,2,16,0
20260813_NV_A2_SMOKE_R1,336,337,6119197,6119230,6121169,6121216,6121229,6121229,6121249,0,0,2,3,0,1,1,1,2,0,2,2,15219200,1902400,1902400,8,0,1447467,336,46110242991900,336,337,16666667,2,16,0
20260813_NV_A2_SMOKE_R1,337,338,6135848,6135874,6137600,6137641,6137653,6137653,6137670,0,0,2,3,0,1,1,1,2,0,2,2,15077600,1884700,1884700,8,0,1589067,337,46110259658100,337,338,16666667,2,16,0
20260813_NV_A2_SMOKE_R1,338,339,6152519,6152546,6154405,6154449,6154461,6154461,6154481,0,0,2,3,0,1,1,1,2,0,2,2,15784800,1973100,1973100,8,0,881867,338,46110274465400,338,339,16666667,2,16,0
20260813_NV_A2_SMOKE_R1,339,340,6169194,6169225,6170991,6171035,6171046,6171047,6171066,0,0,2,3,0,1,1,1,2,0,2,2,16659900,1851100,1851100,9,0,6767,339,46110291125400,339,340,16666667,2,16,0
20260813_NV_A2_SMOKE_R1,340,341,6185847,6185875,6187722,6187762,6187774,6187775,6187795,0,0,2,3,0,1,1,1,2,0,2,2,16666200,1851800,1851800,9,0,467,339,46110291125400,339,341,16666667,2,16,0
20260813_NV_A2_SMOKE_R1,341,342,6202511,6202540,6204273,6204315,6204326,6204326,6204346,0,0,2,3,0,1,1,1,2,0,2,2,14999200,1874900,1874900,8,0,1667467,339,46110291125400,339,342,16666667,2,16,0
20260813_NV_A2_SMOKE_R1,342,343,6219186,6219210,6221043,6221088,6221101,6221101,6221122,0,0,2,3,0,1,1,1,2,0,2,2,16652700,1850300,1850300,9,0,13967,339,46110291125400,339,343,16666667,2,16,0
20260813_NV_A2_SMOKE_R1,343,344,6235855,6235884,6237642,6237688,6237699,6237699,6237719,0,0,2,3,0,1,1,1,2,0,2,2,15034400,1879300,1879300,8,0,1632267,343,46110357760900,343,344,16666667,2,16,0
20260813_NV_A2_SMOKE_R1,344,345,6252523,6252550,6254455,6254512,6254525,6254526,6254552,0,0,2,3,0,1,1,1,2,0,2,2,15612000,1951500,1951500,8,0,1054667,343,46110357760900,343,345,16666667,2,16,0
20260813_NV_A2_SMOKE_R1,345,346,6269185,6269213,6270981,6271023,6271035,6271035,6271055,0,0,2,3,0,1,1,1,2,0,2,2,16659000,1851000,1851000,9,0,7667,345,46110391087600,345,346,16666667,2,16,0
20260813_NV_A2_SMOKE_R1,346,347,6285840,6285865,6287647,6287685,6287697,6287697,6287715,0,0,2,3,0,1,1,1,2,0,2,2,14818400,1852300,1852300,8,0,1848267,346,46110407746900,346,347,16666667,2,16,0
20260813_NV_A2_SMOKE_R1,347,348,6302504,6302527,6304206,6304242,6304253,6304253,6304269,0,0,2,3,0,1,1,1,2,0,2,2,14752500,2107500,2107500,7,0,1914167,346,46110407746900,346,348,16666667,2,16,0
20260813_NV_A2_SMOKE_R1,348,349,6319170,6319191,6320982,6321019,6321030,6321031,6321049,0,0,2,3,0,1,1,1,2,0,2,2,14916800,1864600,1864600,8,0,1749867,348,46110441069100,348,349,16666667,2,16,0
20260813_NV_A2_SMOKE_R1,349,350,6335833,6335853,6337584,6337612,6337623,6337623,6337639,0,0,2,3,0,1,1,1,2,0,2,2,16652700,1850300,1850300,9,0,13967,349,46110459579900,349,350,16666667,2,16,0
20260813_NV_A2_SMOKE_R1,350,351,6352509,6352532,6354836,6354867,6354877,6354877,6354892,0,0,2,3,0,1,1,1,2,0,2,2,15034400,1879300,1879300,8,0,1632267,350,46110474390800,350,351,16666667,2,16,0
20260813_NV_A2_SMOKE_R1,351,352,6369200,6369233,6372093,6372127,6372140,6372140,6372159,0,0,2,3,0,1,1,1,2,0,2,2,15469600,1933700,1933700,8,0,1197067,351,46110491050500,351,352,16666667,2,16,0
20260813_NV_A2_SMOKE_R1,352,353,6385870,6385906,6388822,6388854,6388866,6388866,6388882,0,0,2,3,0,1,1,1,2,0,2,2,16659000,1851000,1851000,9,0,7667,352,46110509557700,352,353,16666667,2,16,0
20260813_NV_A2_SMOKE_R1,353,354,6402525,6402557,6405259,6405294,6405306,6405307,6405325,0,0,2,3,0,1,1,1,2,0,2,2,14818400,1852300,1852300,8,0,1848267,353,46110526223600,353,354,16666667,2,16,0
20260813_NV_A2_SMOKE_R1,354,355,6419200,6419236,6422308,6422343,6422356,6422357,6422375,0,0,2,3,0,1,1,1,2,0,2,2,16498400,2062300,2062300,8,0,168267,353,46110526223600,353,355,16666667,2,16,0
20260813_NV_A2_SMOKE_R1,355,356,6435850,6435877,6438359,6438393,6438405,6438406,6438423,0,0,2,3,0,1,1,1,2,0,2,2,14916800,1864600,1864600,8,0,1749867,355,46110559539400,355,356,16666667,2,16,0
20260813_NV_A2_SMOKE_R1,356,357,6452567,6452597,6455357,6455405,6455422,6455423,6455449,0,0,2,3,0,1,1,1,2,0,2,2,14993600,1874200,1874200,8,0,1673067,355,46110559539400,355,357,16666667,2,16,0
20260813_NV_A2_SMOKE_R1,357,358,6469229,6469285,6473378,6473428,6473446,6473447,6473471,0,0,2,3,0,1,1,1,2,0,2,2,14905600,1863200,1863200,8,0,1761067,357,46110592871800,357,358,16666667,2,16,0
20260813_NV_A2_SMOKE_R1,358,359,6485870,6485906,6488557,6488621,6488643,6488643,6488659,0,0,2,3,0,1,1,1,2,0,2,2,14894400,1861800,1861800,8,0,1772267,358,46110611376400,358,359,16666667,2,16,0
20260813_NV_A2_SMOKE_R1,359,360,6502533,6502568,6505270,6505304,6505318,6505318,6505335,0,0,2,3,0,1,1,1,2,0,2,2,16657200,1850800,1850800,9,0,9467,359,46110626186100,359,360,16666667,2,16,0
20260813_NV_A2_SMOKE_R1,360,361,6519203,6519271,6522282,6522328,6522343,6522344,6522367,0,0,2,3,0,1,1,1,2,0,2,2,16665300,1851700,1851700,9,0,1367,360,46110642846500,360,361,16666667,2,16,0
20260813_NV_A2_SMOKE_R1,361,362,6535874,6535911,6538782,6538842,6538867,6538868,6538890,0,0,2,3,0,1,1,1,2,0,2,2,14936000,1867000,1867000,8,0,1730667,360,46110642846500,360,362,16666667,2,16,0
20260813_NV_A2_SMOKE_R1,362,363,6552671,6552724,6557285,6557365,6557396,6557397,6557444,0,0,2,3,0,1,1,1,2,0,2,2,16654500,1850500,1850500,9,0,12167,360,46110642846500,360,363,16666667,2,16,0
20260813_NV_A2_SMOKE_R1,363,364,6569287,6569359,6574060,6574109,6574127,6574128,6574161,0,0,2,3,0,1,1,1,2,0,2,2,14982400,1872800,1872800,8,0,1684267,363,46110694682500,363,364,16666667,2,16,0
20260813_NV_A2_SMOKE_R1,364,365,6585869,6585904,6588920,6588957,6588973,6588973,6588990,0,0,2,3,0,1,1,1,2,0,2,2,15317600,1914700,1914700,8,0,1349067,363,46110694682500,363,365,16666667,2,16,0
20260813_NV_A2_SMOKE_R1,365,366,6602544,6602584,6605753,6605793,6605812,6605812,6605832,0,0,2,3,0,1,1,1,2,0,2,2,15268800,1908600,1908600,8,0,1397867,365,46110726132900,365,366,16666667,2,16,0
20260813_NV_A2_SMOKE_R1,366,367,6619218,6619260,6622628,6622668,6622683,6622684,6622706,0,0,2,3,0,1,1,1,2,0,2,2,14817600,1852200,1852200,8,0,1849067,366,46110742815900,366,367,16666667,2,16,0
20260813_NV_A2_SMOKE_R1,367,368,6635875,6635909,6639031,6639066,6639080,6639081,6639098,0,0,2,3,0,1,1,1,2,0,2,2,16659000,1851000,1851000,9,0,7667,367,46110759471300,367,368,16666667,2,16,0
20260813_NV_A2_SMOKE_R1,368,369,6652543,6652581,6655792,6655829,6655843,6655843,6655863,0,0,2,3,0,1,1,1,2,0,2,2,14936000,1867000,1867000,8,0,1730667,368,46110776137000,368,369,16666667,2,16,0
20260813_NV_A2_SMOKE_R1,369,370,6669220,6669260,6672553,6672592,6672608,6672608,6672627,0,0,2,3,0,1,1,1,2,0,2,2,16653600,1850400,1850400,9,0,13067,368,46110776137000,368,370,16666667,2,16,0
20260813_NV_A2_SMOKE_R1,370,371,6685878,6685917,6689883,6689924,6689942,6689942,6689962,0,0,2,3,0,1,1,1,2,0,2,2,14982400,1872800,1872800,8,0,1684267,370,46110809444500,370,371,16666667,2,16,0
20260813_NV_A2_SMOKE_R1,371,372,6702559,6702604,6706365,6706409,6706427,6706428,6706450,0,0,2,3,0,1,1,1,2,0,2,2,15227200,1903400,1903400,8,0,1439467,371,46110827970300,371,372,16666667,2,16,0
20260813_NV_A2_SMOKE_R1,372,373,6719223,6719264,6723147,6723184,6723197,6723198,6723216,0,0,2,3,0,1,1,1,2,0,2,2,15702400,1962800,1962800,8,0,964267,372,46110842753900,372,373,16666667,2,16,0
20260813_NV_A2_SMOKE_R1,373,374,6735865,6735897,6738736,6738769,6738791,6738791,6738811,0,0,2,3,0,1,1,1,2,0,2,2,14817600,1852200,1852200,8,0,1849067,373,46110861285500,373,374,16666667,2,16,0
20260813_NV_A2_SMOKE_R1,374,375,6752530,6752561,6755344,6755376,6755389,6755390,6755404,0,0,2,3,0,1,1,1,2,0,2,2,16659000,1851000,1851000,9,0,7667,374,46110876094700,374,375,16666667,2,16,0
20260813_NV_A2_SMOKE_R1,375,376,6769199,6769232,6772105,6772180,6772204,6772204,6772225,0,0,2,3,0,1,1,1,2,0,2,2,14936000,1867000,1867000,8,0,1730667,375,46110892756800,375,376,16666667,2,16,0
20260813_NV_A2_SMOKE_R1,376,377,6785862,6785899,6788934,6788972,6788985,6788986,6789011,0,0,2,3,0,1,1,1,2,0,2,2,16651800,1850200,1850200,9,0,14867,375,46110892756800,375,377,16666667,2,16,0
20260813_NV_A2_SMOKE_R1,377,378,6802532,6802566,6805758,6805796,6805811,6805811,6805832,0,0,2,3,0,1,1,1,2,0,2,2,14971200,1871400,1871400,8,0,1695467,377,46110927916200,377,378,16666667,2,16,0
20260813_NV_A2_SMOKE_R1,378,379,6819354,6819403,6825406,6825474,6825510,6825511,6825542,0,0,2,3,0,1,1,1,2,0,2,2,15152800,1894100,1894100,8,0,1513867,377,46110927916200,377,379,16666667,2,16,0
20260813_NV_A2_SMOKE_R1,379,380,6836055,6836099,6842440,6842543,6842585,6842586,6842625,0,0,2,3,0,1,1,1,2,0,2,2,15702400,1962800,1962800,8,0,964267,379,46110963101400,379,380,16666667,2,16,0
20260813_NV_A2_SMOKE_R1,380,381,6852601,6852669,6859117,6859167,6859190,6859191,6859220,0,0,2,3,0,1,1,1,2,0,2,2,14817600,1852200,1852200,8,0,1849067,380,46110979754800,380,381,16666667,2,16,0
20260813_NV_A2_SMOKE_R1,381,382,6869206,6869247,6872274,6872318,6872332,6872332,6872353,0,0,2,3,0,1,1,1,2,0,2,2,16659000,1851000,1851000,9,0,7667,381,46110996414500,381,382,16666667,2,16,0
20260813_NV_A2_SMOKE_R1,382,383,6885859,6885894,6888948,6888986,6889000,6889000,6889017,0,0,2,3,0,1,1,1,2,0,2,2,14936000,1867000,1867000,8,0,1730667,382,46111009375600,382,383,16666667,2,16,0
20260813_NV_A2_SMOKE_R1,383,384,6902511,6902536,6904651,6904692,6904704,6904705,6904728,0,0,2,3,0,1,1,1,2,0,2,2,16651800,1850200,1850200,9,0,14867,382,46111009375600,382,384,16666667,2,16,0
20260813_NV_A2_SMOKE_R1,384,385,6919202,6919236,6922274,6922311,6922324,6922325,6922342,0,0,2,3,0,1,1,1,2,0,2,2,14960800,1870100,1870100,8,0,1705867,384,46111040849100,384,385,16666667,2,16,0
20260813_NV_A2_SMOKE_R1,385,386,6935919,6935957,6938820,6938862,6938879,6938879,6938895,0,0,2,3,0,1,1,1,2,0,2,2,15091200,1886400,1886400,8,0,1575467,384,46111040849100,384,386,16666667,2,16,0
20260813_NV_A2_SMOKE_R1,386,387,6952540,6952578,6955557,6955591,6955603,6955603,6955621,0,0,2,3,0,1,1,1,2,0,2,2,15702400,1962800,1962800,8,0,964267,386,46111076013800,386,387,16666667,2,16,0
20260813_NV_A2_SMOKE_R1,387,388,6969196,6969234,6972039,6972072,6972085,6972085,6972103,0,0,2,3,0,1,1,1,2,0,2,2,14817600,1852200,1852200,8,0,1849067,387,46111092686700,387,388,16666667,2,16,0
20260813_NV_A2_SMOKE_R1,388,389,6985880,6985921,6991034,6991103,6991134,6991135,6991174,0,0,2,3,0,1,1,1,2,0,2,2,16659000,1851000,1851000,9,0,7667,388,46111109344000,388,389,16666667,2,16,0
20260813_NV_A2_SMOKE_R1,389,390,7002571,7002625,7008100,7008168,7008199,7008200,7008246,0,0,2,3,0,1,1,1,2,0,2,2,14936000,1867000,1867000,8,0,1730667,389,46111127853400,389,390,16666667,2,16,0
20260813_NV_A2_SMOKE_R1,390,391,7019196,7019233,7021814,7021850,7021862,7021862,7021877,0,0,2,3,0,1,1,1,2,0,2,2,16637400,1848600,1848600,9,0,29267,389,46111127853400,389,391,16666667,2,16,0
20260813_NV_A2_SMOKE_R1,391,392,7035851,7035883,7038194,7038223,7038234,7038234,7038248,0,0,2,3,0,1,1,1,2,0,2,2,14951200,1868900,1868900,8,0,1715467,391,46111159314800,391,392,16666667,2,16,0
20260813_NV_A2_SMOKE_R1,392,393,7052530,7052568,7056058,7056130,7056148,7056148,7056169,0,0,2,3,0,1,1,1,2,0,2,2,15040000,1880000,1880000,8,0,1626667,391,46111159314800,391,393,16666667,2,16,0
20260813_NV_A2_SMOKE_R1,393,394,7069216,7069255,7072559,7072599,7072616,7072616,7072635,0,0,2,3,0,1,1,1,2,0,2,2,15702400,1962800,1962800,8,0,964267,393,46111192644700,393,394,16666667,2,16,0
20260813_NV_A2_SMOKE_R1,394,395,7085951,7085994,7089578,7089617,7089633,7089633,7089652,0,0,2,3,0,1,1,1,2,0,2,2,14817600,1852200,1852200,8,0,1849067,394,46111209307800,394,395,16666667,2,16,0
20260813_NV_A2_SMOKE_R1,395,396,7102994,7103038,7107253,7107325,7107363,7107364,7107404,0,0,2,3,0,1,1,1,2,0,2,2,16659000,1851000,1851000,9,0,7667,395,46111225967900,395,396,16666667,2,16,0
20260813_NV_A2_SMOKE_R1,396,397,7119276,7119341,7123852,7123897,7123916,7123916,7123945,0,0,2,3,0,1,1,1,2,0,2,2,14936000,1867000,1867000,8,0,1730667,396,46111244511400,396,397,16666667,2,16,0
20260813_NV_A2_SMOKE_R1,397,398,7135889,7135931,7139080,7139117,7139131,7139131,7139148,0,0,2,3,0,1,1,1,2,0,2,2,16640100,1848900,1848900,9,0,26567,396,46111244511400,396,398,16666667,2,16,0
20260813_NV_A2_SMOKE_R1,398,399,7152492,7152508,7154282,7154310,7154320,7154321,7154335,0,0,2,3,0,1,1,1,2,0,2,2,15404000,1925500,1925500,8,0,1262667,398,46111275919500,398,399,16666667,2,16,0
20260813_NV_A2_SMOKE_R1,399,400,7169160,7169176,7170973,7171003,7171015,7171015,7171033,0,0,2,3,0,1,1,1,2,0,2,2,14997600,1874700,1874700,8,0,1669067,398,46111275919500,398,400,16666667,2,16,0
20260813_NV_A2_SMOKE_R1,400,401,7185874,7185907,7189035,7189069,7189082,7189083,7189100,0,0,2,3,0,1,1,1,2,0,2,2,15702400,1962800,1962800,8,0,964267,400,46111307419700,400,401,16666667,2,16,0
20260813_NV_A2_SMOKE_R1,401,402,7202543,7202580,7205716,7205753,7205767,7205767,7205784,0,0,2,3,0,1,1,1,2,0,2,2,14817600,1852200,1852200,8,0,1849067,401,46111325934500,401,402,16666667,2,16,0
20260813_NV_A2_SMOKE_R1,402,403,7219203,7219239,7222554,7222592,7222609,7222609,7222630,0,0,2,3,0,1,1,1,2,0,2,2,16659000,1851000,1851000,9,0,7667,402,46111342596300,402,403,16666667,2,16,0
20260813_NV_A2_SMOKE_R1,403,404,7235909,7235944,7239058,7239093,7239108,7239108,7239127,0,0,2,3,0,1,1,1,2,0,2,2,14936000,1867000,1867000,8,0,1730667,403,46111359253500,403,404,16666667,2,16,0
20260813_NV_A2_SMOKE_R1,404,405,7252560,7252606,7256271,7256419,7256449,7256450,7256471,0,0,2,3,0,1,1,1,2,0,2,2,16641000,1849000,1849000,9,0,25667,403,46111359253500,403,405,16666667,2,16,0
20260813_NV_A2_SMOKE_R1,405,406,7269201,7269235,7272138,7272174,7272191,7272192,7272210,0,0,2,3,0,1,1,1,2,0,2,2,15404000,1925500,1925500,8,0,1262667,405,46111392572100,405,406,16666667,2,16,0
20260813_NV_A2_SMOKE_R1,406,407,7285867,7285906,7291310,7291382,7291413,7291414,7291453,0,0,2,3,0,1,1,1,2,0,2,2,14962400,1870300,1870300,8,0,1704267,405,46111392572100,405,407,16666667,2,16,0
20260813_NV_A2_SMOKE_R1,407,408,7302617,7302691,7308148,7308204,7308230,7308230,7308262,0,0,2,3,0,1,1,1,2,0,2,2,15702400,1962800,1962800,8,0,964267,407,46111429602800,407,408,16666667,2,16,0
20260813_NV_A2_SMOKE_R1,408,409,7319591,7319637,7323720,7323781,7323808,7323809,7323839,0,0,2,3,0,1,1,1,2,0,2,2,16666200,1851800,1851800,9,0,467,408,46111446243700,408,409,16666667,2,16,0
20260813_NV_A2_SMOKE_R1,409,410,7336338,7336418,7343191,7343277,7343313,7343314,7343359,0,0,2,3,0,1,1,1,2,0,2,2,16659000,1851000,1851000,9,0,7667,409,46111461077500,409,410,16666667,2,16,0
20260813_NV_A2_SMOKE_R1,410,411,7352610,7352676,7358396,7358427,7358440,7358440,7358454,0,0,2,3,0,1,1,1,2,0,2,2,14867200,1858400,1858400,8,0,1799467,410,46111481411500,410,411,16666667,2,16,0
20260813_NV_A2_SMOKE_R1,411,412,7369208,7369247,7373585,7373649,7373678,7373678,7373706,0,0,2,3,0,1,1,1,2,0,2,2,14994400,1874300,1874300,8,0,1672267,410,46111481411500,410,412,16666667,2,16,0
20260813_NV_A2_SMOKE_R1,412,413,7385933,7385995,7391186,7391233,7391253,7391254,7391280,0,0,2,3,0,1,1,1,2,0,2,2,14934400,1866800,1866800,8,0,1732267,412,46111511050000,412,413,16666667,2,16,0
20260813_NV_A2_SMOKE_R1,413,414,7402554,7402602,7408223,7408335,7408381,7408383,7408440,0,0,2,3,0,1,1,1,2,0,2,2,14962400,1870300,1870300,8,0,1704267,413,46111527703000,413,414,16666667,2,16,0
20260813_NV_A2_SMOKE_R1,414,415,7419283,7419351,7425197,7425248,7425269,7425270,7425295,0,0,2,3,0,1,1,1,2,0,2,2,15702400,1962800,1962800,8,0,964267,414,46111546235500,414,415,16666667,2,16,0
20260813_NV_A2_SMOKE_R1,415,416,7435880,7435917,7439064,7439100,7439114,7439114,7439133,0,0,2,3,0,1,1,1,2,0,2,2,16666200,1851800,1851800,9,0,467,415,46111562864900,415,416,16666667,2,16,0
20260813_NV_A2_SMOKE_R1,416,417,7452521,7452550,7455166,7455202,7455218,7455219,7455234,0,0,2,3,0,1,1,1,2,0,2,2,15815200,1976900,1976900,8,0,851467,415,46111562864900,415,417,16666667,2,16,0
20260813_NV_A2_SMOKE_R1,417,418,7469186,7469215,7471916,7471957,7471969,7471969,7471984,0,0,2,3,0,1,1,1,2,0,2,2,15325600,1915700,1915700,8,0,1341067,417,46111592495900,417,418,16666667,2,16,0
20260813_NV_A2_SMOKE_R1,418,419,7485854,7485882,7488719,7488754,7488767,7488768,7488785,0,0,2,3,0,1,1,1,2,0,2,2,16119200,2014900,2014900,8,0,547467,418,46111609160300,418,419,16666667,2,16,0
20260813_NV_A2_SMOKE_R1,419,420,7502506,7502529,7504241,7504308,7504329,7504329,7504346,0,0,2,3,0,1,1,1,2,0,2,2,15366400,1920800,1920800,8,0,1300267,419,46111625824200,419,420,16666667,2,16,0
20260813_NV_A2_SMOKE_R1,420,421,7519161,7519200,7520985,7521015,7521026,7521026,7521042,0,0,2,3,0,1,1,1,2,0,2,2,14899200,1862400,1862400,8,0,1767467,420,46111640639600,420,421,16666667,2,16,0
20260813_NV_A2_SMOKE_R1,421,422,7535845,7535865,7537899,7537925,7537935,7537936,7537951,0,0,2,3,0,1,1,1,2,0,2,2,14857600,1857200,1857200,8,0,1809067,421,46111657284700,421,422,16666667,2,16,0
20260813_NV_A2_SMOKE_R1,422,423,7552540,7552579,7555659,7555695,7555712,7555713,7555732,0,0,2,3,0,1,1,1,2,0,2,2,16657200,1850800,1850800,9,0,9467,422,46111675801600,422,423,16666667,2,16,0
20260813_NV_A2_SMOKE_R1,423,424,7569222,7569265,7574047,7574118,7574152,7574153,7574190,0,0,2,3,0,1,1,1,2,0,2,2,16660800,1851200,1851200,9,0,5867,423,46111692469500,423,424,16666667,2,16,0
20260813_NV_A2_SMOKE_R1,424,425,7585919,7585977,7590858,7590907,7590928,7590929,7590960,0,0,2,3,0,1,1,1,2,0,2,2,14904000,1863000,1863000,8,0,1762667,423,46111692469500,423,425,16666667,2,16,0
20260813_NV_A2_SMOKE_R1,425,426,7602574,7602625,7606689,7606743,7606765,7606765,7606794,0,0,2,3,0,1,1,1,2,0,2,2,15888800,1986100,1986100,8,0,777867,423,46111692469500,423,426,16666667,2,16,0
20260813_NV_A2_SMOKE_R1,426,427,7619229,7619275,7622968,7623004,7623018,7623019,7623036,0,0,2,3,0,1,1,1,2,0,2,2,15794400,1974300,1974300,8,0,872267,426,46111744291300,426,427,16666667,2,16,0
20260813_NV_A2_SMOKE_R1,427,428,7635877,7635917,7639326,7639363,7639378,7639378,7639397,0,0,2,3,0,1,1,1,2,0,2,2,14899200,1862400,1862400,8,0,1767467,427,46111759130300,427,428,16666667,2,16,0
20260813_NV_A2_SMOKE_R1,428,429,7652552,7652597,7658628,7658704,7658754,7658755,7658796,0,0,2,3,0,1,1,1,2,0,2,2,14857600,1857200,1857200,8,0,1809067,428,46111775769600,428,429,16666667,2,16,0
20260813_NV_A2_SMOKE_R1,429,430,7669277,7669346,7675320,7675382,7675407,7675408,7675437,0,0,2,3,0,1,1,1,2,0,2,2,16657200,1850800,1850800,9,0,9467,429,46111796126700,429,430,16666667,2,16,0
20260813_NV_A2_SMOKE_R1,430,431,7685879,7685920,7689488,7689526,7689541,7689541,7689563,0,0,2,3,0,1,1,1,2,0,2,2,16660800,1851200,1851200,9,0,5867,430,46111812784900,430,431,16666667,2,16,0
20260813_NV_A2_SMOKE_R1,431,432,7702548,7702586,7705551,7705587,7705600,7705601,7705617,0,0,2,3,0,1,1,1,2,0,2,2,14885600,1860700,1860700,8,0,1781067,431,46111825746700,431,432,16666667,2,16,0
20260813_NV_A2_SMOKE_R1,432,433,7719197,7719228,7722126,7722194,7722216,7722217,7722232,0,0,2,3,0,1,1,1,2,0,2,2,15696800,1962100,1962100,8,0,969867,431,46111825746700,431,433,16666667,2,16,0
20260813_NV_A2_SMOKE_R1,433,434,7735855,7735886,7738776,7738817,7738834,7738834,7738859,0,0,2,3,0,1,1,1,2,0,2,2,16194400,2024300,2024300,8,0,472267,433,46111859058700,433,434,16666667,2,16,0
20260813_NV_A2_SMOKE_R1,434,435,7752529,7752563,7755545,7755578,7755591,7755591,7755616,0,0,2,3,0,1,1,1,2,0,2,2,14899200,1862400,1862400,8,0,1767467,434,46111875733400,434,435,16666667,2,16,0
20260813_NV_A2_SMOKE_R1,435,436,7769200,7769234,7772606,7772648,7772662,7772663,7772686,0,0,2,3,0,1,1,1,2,0,2,2,15452800,1931600,1931600,8,0,1213867,434,46111875733400,434,436,16666667,2,16,0
20260813_NV_A2_SMOKE_R1,436,437,7785886,7785929,7789664,7789707,7789724,7789725,7789747,0,0,2,3,0,1,1,1,2,0,2,2,16664400,1851600,1851600,9,0,2267,436,46111909045400,436,437,16666667,2,16,0
20260813_NV_A2_SMOKE_R1,437,438,7802570,7802617,7806035,7806073,7806088,7806089,7806108,0,0,2,3,0,1,1,1,2,0,2,2,16659000,1851000,1851000,9,0,7667,437,46111927564000,437,438,16666667,2,16,0
20260813_NV_A2_SMOKE_R1,438,439,7819286,7819337,7824997,7825073,7825107,7825108,7825149,0,0,2,3,0,1,1,1,2,0,2,2,15181600,1897700,1897700,8,0,1485067,437,46111927564000,437,439,16666667,2,16,0
20260813_NV_A2_SMOKE_R1,439,440,7835957,7835998,7840910,7840969,7840991,7840991,7841028,0,0,2,3,0,1,1,1,2,0,2,2,14920000,1865000,1865000,8,0,1746667,439,46111962713500,439,440,16666667,2,16,0
20260813_NV_A2_SMOKE_R1,440,441,7852561,7852605,7856279,7856316,7856335,7856336,7856354,0,0,2,3,0,1,1,1,2,0,2,2,15374400,1921800,1921800,8,0,1292267,440,46111977539800,440,441,16666667,2,16,0
20260813_NV_A2_SMOKE_R1,441,442,7869205,7869242,7872465,7872503,7872518,7872519,7872538,0,0,2,3,0,1,1,1,2,0,2,2,14934400,1866800,1866800,8,0,1732267,441,46111994196600,441,442,16666667,2,16,0
20260813_NV_A2_SMOKE_R1,442,443,7885881,7885925,7889429,7889466,7889481,7889481,7889500,0,0,2,3,0,1,1,1,2,0,2,2,15452800,1931600,1931600,8,0,1213867,442,46112009013700,442,443,16666667,2,16,0
20260813_NV_A2_SMOKE_R1,443,444,7902538,7902572,7905510,7905548,7905563,7905563,7905583,0,0,2,3,0,1,1,1,2,0,2,2,16664400,1851600,1851600,9,0,2267,443,46112025674700,443,444,16666667,2,16,0
20260813_NV_A2_SMOKE_R1,444,445,7919210,7919247,7922699,7922740,7922755,7922756,7922779,0,0,2,3,0,1,1,1,2,0,2,2,16659000,1851000,1851000,9,0,7667,444,46112042334000,444,445,16666667,2,16,0
20260813_NV_A2_SMOKE_R1,445,446,7935862,7935892,7938644,7938679,7938703,7938703,7938721,0,0,2,3,0,1,1,1,2,0,2,2,15114400,1889300,1889300,8,0,1552267,444,46112042334000,444,446,16666667,2,16,0
20260813_NV_A2_SMOKE_R1,446,447,7952539,7952581,7955731,7955767,7955781,7955781,7955806,0,0,2,3,0,1,1,1,2,0,2,2,14901600,1862700,1862700,8,0,1765067,444,46112042334000,444,447,16666667,2,16,0
20260813_NV_A2_SMOKE_R1,447,448,7969205,7969242,7972334,7972374,7972389,7972390,7972415,0,0,2,3,0,1,1,1,2,0,2,2,15801600,1975200,1975200,8,0,865067,447,46112092303500,447,448,16666667,2,16,0
20260813_NV_A2_SMOKE_R1,448,449,7985865,7985898,7989088,7989128,7989145,7989145,7989167,0,0,2,3,0,1,1,1,2,0,2,2,14934400,1866800,1866800,8,0,1732267,448,46112108982100,448,449,16666667,2,16,0
20260813_NV_A2_SMOKE_R1,449,450,8002527,8002559,8005556,8005592,8005609,8005609,8005625,0,0,2,3,0,1,1,1,2,0,2,2,15452800,1931600,1931600,8,0,1213867,449,46112125641400,449,450,16666667,2,16,0
20260813_NV_A2_SMOKE_R1,450,451,8019193,8019220,8021597,8021631,8021642,8021643,8021658,0,0,2,3,0,1,1,1,2,0,2,2,16664400,1851600,1851600,9,0,2267,450,46112142302100,450,451,16666667,2,16,0
20260813_NV_A2_SMOKE_R1,451,452,8036062,8036094,8039045,8039093,8039111,8039112,8039140,0,0,2,3,0,1,1,1,2,0,2,2,15637600,1954700,1954700,8,0,1029067,451,46112158956800,451,452,16666667,2,16,0
20260813_NV_A2_SMOKE_R1,452,453,8052605,8052677,8057802,8057854,8057876,8057877,8057905,0,0,2,3,0,1,1,1,2,0,2,2,14921200,2131600,2131600,7,0,1745467,451,46112158956800,451,453,16666667,2,16,0
20260813_NV_A2_SMOKE_R1,453,454,8069223,8069275,8075068,8075159,8075196,8075198,8075269,0,0,2,3,0,1,1,1,2,0,2,2,14901600,1862700,1862700,8,0,1765067,453,46112194102100,453,454,16666667,2,16,0
20260813_NV_A2_SMOKE_R1,454,455,8085956,8086025,8093330,8093356,8093368,8093368,8093381,0,0,2,3,0,1,1,1,2,0,2,2,15739200,1967400,1967400,8,0,927467,454,46112214505100,454,455,16666667,2,16,0
20260813_NV_A2_SMOKE_R1,455,456,8102567,8102633,8108424,8108493,8108522,8108523,8108561,0,0,2,3,0,1,1,1,2,0,2,2,14934400,1866800,1866800,8,0,1732267,455,46112229302600,455,456,16666667,2,16,0
20260813_NV_A2_SMOKE_R1,456,457,8119250,8119300,8123503,8123544,8123564,8123565,8123584,0,0,2,3,0,1,1,1,2,0,2,2,15452800,1931600,1931600,8,0,1213867,456,46112245959400,456,457,16666667,2,16,0
20260813_NV_A2_SMOKE_R1,457,458,8135887,8135927,8139467,8139506,8139521,8139522,8139544,0,0,2,3,0,1,1,1,2,0,2,2,16664400,1851600,1851600,9,0,2267,457,46112260764500,457,458,16666667,2,16,0
20260813_NV_A2_SMOKE_R1,458,459,8152554,8152596,8158086,8158155,8158187,8158188,8158229,0,0,2,3,0,1,1,1,2,0,2,2,16657200,1850800,1850800,9,0,9467,458,46112275581900,458,459,16666667,2,16,0
20260813_NV_A2_SMOKE_R1,459,460,8169275,8169342,8174486,8174540,8174559,8174560,8174587,0,0,2,3,0,1,1,1,2,0,2,2,15060800,1882600,1882600,8,0,1605867,458,46112275581900,458,460,16666667,2,16,0
20260813_NV_A2_SMOKE_R1,460,461,8185900,8185954,8191705,8191771,8191802,8191803,8191841,0,0,2,3,0,1,1,1,2,0,2,2,14882400,1860300,1860300,8,0,1784267,458,46112275581900,458,461,16666667,2,16,0
20260813_NV_A2_SMOKE_R1,461,462,8202579,8202639,8208006,8208069,8208100,8208101,8208133,0,0,2,3,0,1,1,1,2,0,2,2,15739200,1967400,1967400,8,0,927467,461,46112329252200,461,462,16666667,2,16,0
20260813_NV_A2_SMOKE_R1,462,463,8219206,8219247,8222370,8222404,8222418,8222418,8222440,0,0,2,3,0,1,1,1,2,0,2,2,14934400,1866800,1866800,8,0,1732267,462,46112345922800,462,463,16666667,2,16,0
20260813_NV_A2_SMOKE_R1,463,464,8235863,8235898,8239026,8239063,8239078,8239078,8239096,0,0,2,3,0,1,1,1,2,0,2,2,15452800,1931600,1931600,8,0,1213867,463,46112358875600,463,464,16666667,2,16,0
20260813_NV_A2_SMOKE_R1,464,465,8252534,8252572,8258005,8258084,8258119,8258120,8258167,0,0,2,3,0,1,1,1,2,0,2,2,16664400,1851600,1851600,9,0,2267,464,46112375551200,464,465,16666667,2,16,0
20260813_NV_A2_SMOKE_R1,465,466,8269247,8269309,8274449,8274500,8274521,8274521,8274549,0,0,2,3,0,1,1,1,2,0,2,2,16657200,1850800,1850800,9,0,9467,465,46112395925700,465,466,16666667,2,16,0
20260813_NV_A2_SMOKE_R1,466,467,8285891,8285941,8292050,8292110,8292138,8292138,8292174,0,0,2,3,0,1,1,1,2,0,2,2,15015200,1876900,1876900,8,0,1651467,466,46112412557200,466,467,16666667,2,16,0
20260813_NV_A2_SMOKE_R1,467,468,8302599,8302660,8308355,8308427,8308461,8308462,8308503,0,0,2,3,0,1,1,1,2,0,2,2,14871200,1858900,1858900,8,0,1795467,466,46112412557200,466,468,16666667,2,16,0
20260813_NV_A2_SMOKE_R1,468,469,8319247,8319301,8324861,8324915,8324942,8324943,8324971,0,0,2,3,0,1,1,1,2,0,2,2,16143200,2017900,2017900,8,0,523467,468,46112445860100,468,469,16666667,2,16,0
20260813_NV_A2_SMOKE_R1,469,470,8335925,8335996,8341601,8341659,8341688,8341688,8341720,0,0,2,3,0,1,1,1,2,0,2,2,14934400,1866800,1866800,8,0,1732267,469,46112462546500,469,470,16666667,2,16,0
20260813_NV_A2_SMOKE_R1,470,471,8352599,8352670,8358690,8358783,8358817,8358818,8358860,0,0,2,3,0,1,1,1,2,0,2,2,15337600,1917200,1917200,8,0,1329067,470,46112481067300,470,471,16666667,2,16,0
20260813_NV_A2_SMOKE_R1,471,472,8369300,8369374,8374894,8374960,8374991,8374992,8375027,0,0,2,3,0,1,1,1,2,0,2,2,16662600,1851400,1851400,9,0,4067,471,46112497730100,471,472,16666667,2,16,0
20260813_NV_A2_SMOKE_R1,472,473,8385904,8385953,8389818,8389857,8389872,8389872,8389891,0,0,2,3,0,1,1,1,2,0,2,2,15536800,1942100,1942100,8,0,1129867,472,46112512527300,472,473,16666667,2,16,0
20260813_NV_A2_SMOKE_R1,473,474,8402551,8402590,8405732,8405770,8405785,8405785,8405807,0,0,2,3,0,1,1,1,2,0,2,2,16432000,2054000,2054000,8,0,234667,472,46112512527300,472,474,16666667,2,16,0
20260813_NV_A2_SMOKE_R1,474,475,8419203,8419238,8422397,8422431,8422448,8422449,8422465,0,0,2,3,0,1,1,1,2,0,2,2,15329600,1916200,1916200,8,0,1337067,474,46112542144000,474,475,16666667,2,16,0
20260813_NV_A2_SMOKE_R1,475,476,8435876,8435914,8439332,8439377,8439393,8439394,8439415,0,0,2,3,0,1,1,1,2,0,2,2,14862400,1857800,1857800,8,0,1804267,474,46112542144000,474,476,16666667,2,16,0
20260813_NV_A2_SMOKE_R1,476,477,8452528,8452560,8455155,8455189,8455201,8455201,8455217,0,0,2,3,0,1,1,1,2,0,2,2,14843200,1855400,1855400,8,0,1823467,476,46112575472100,476,477,16666667,2,16,0
20260813_NV_A2_SMOKE_R1,477,478,8469189,8469227,8471790,8471825,8471838,8471838,8471855,0,0,2,3,0,1,1,1,2,0,2,2,16663500,1851500,1851500,9,0,3167,477,46112592129600,477,478,16666667,2,16,0
20260813_NV_A2_SMOKE_R1,478,479,8485873,8485908,8489269,8489307,8489319,8489320,8489338,0,0,2,3,0,1,1,1,2,0,2,2,16658100,1850900,1850900,9,0,8567,478,46112608795200,478,479,16666667,2,16,0
20260813_NV_A2_SMOKE_R1,479,480,8502531,8502565,8505897,8505933,8505947,8505948,8505967,0,0,2,3,0,1,1,1,2,0,2,2,14976800,1872100,1872100,8,0,1689867,479,46112627308300,479,480,16666667,2,16,0
20260813_NV_A2_SMOKE_R1,480,481,8519222,8519304,8524742,8524820,8524850,8524850,8524883,0,0,2,3,0,1,1,1,2,0,2,2,15237600,1904700,1904700,8,0,1429067,479,46112627308300,479,481,16666667,2,16,0
20260813_NV_A2_SMOKE_R1,481,482,8535958,8536035,8541226,8541281,8541306,8541307,8541335,0,0,2,3,0,1,1,1,2,0,2,2,16143200,2017900,2017900,8,0,523467,481,46112662461300,481,482,16666667,2,16,0
20260813_NV_A2_SMOKE_R1,482,483,8552577,8552631,8559427,8559518,8559556,8559558,8559605,0,0,2,3,0,1,1,1,2,0,2,2,14926400,1865800,1865800,8,0,1740267,482,46112679136800,482,483,16666667,2,16,0
20260813_NV_A2_SMOKE_R1,483,484,8569317,8569396,8575725,8575799,8575830,8575831,8575874,0,0,2,3,0,1,1,1,2,0,2,2,16657200,1850800,1850800,9,0,9467,483,46112695798500,483,484,16666667,2,16,0
20260813_NV_A2_SMOKE_R1,484,485,8585873,8585910,8589535,8589569,8589582,8589583,8589599,0,0,2,3,0,1,1,1,2,0,2,2,15270400,1908800,1908800,8,0,1396267,484,46112712423400,484,485,16666667,2,16,0
20260813_NV_A2_SMOKE_R1,485,486,8602553,8602593,8605826,8605862,8605885,8605885,8605903,0,0,2,3,0,1,1,1,2,0,2,2,14861600,1857700,1857700,8,0,1805067,485,46112727260600,485,486,16666667,2,16,0
20260813_NV_A2_SMOKE_R1,486,487,8619222,8619264,8622919,8622954,8622969,8622969,8622991,0,0,2,3,0,1,1,1,2,0,2,2,14610400,2087200,2087200,7,0,2056267,486,46112742065300,486,487,16666667,2,16,0
20260813_NV_A2_SMOKE_R1,487,488,8635887,8635927,8639409,8639447,8639463,8639463,8639482,0,0,2,3,0,1,1,1,2,0,2,2,15237600,1904700,1904700,8,0,1429067,487,46112760593300,487,488,16666667,2,16,0
20260813_NV_A2_SMOKE_R1,488,489,8652544,8652583,8655891,8655924,8655940,8655940,8655957,0,0,2,3,0,1,1,1,2,0,2,2,16059200,2007400,2007400,8,0,607467,488,46112777248300,488,489,16666667,2,16,0
20260813_NV_A2_SMOKE_R1,489,490,8669196,8669233,8672118,8672151,8672165,8672165,8672181,0,0,2,3,0,1,1,1,2,0,2,2,14926400,1865800,1865800,8,0,1740267,489,46112792059400,489,490,16666667,2,16,0
20260813_NV_A2_SMOKE_R1,490,491,8685863,8685896,8688843,8688877,8688892,8688892,8688910,0,0,2,3,0,1,1,1,2,0,2,2,16657200,1850800,1850800,9,0,9467,489,46112792059400,489,491,16666667,2,16,0
20260813_NV_A2_SMOKE_R1,491,492,8702535,8702573,8705729,8705765,8705780,8705780,8705801,0,0,2,3,0,1,1,1,2,0,2,2,15270400,1908800,1908800,8,0,1396267,491,46112825371900,491,492,16666667,2,16,0
20260813_NV_A2_SMOKE_R1,492,493,8719220,8719260,8722992,8723028,8723042,8723043,8723064,0,0,2,3,0,1,1,1,2,0,2,2,14850400,1856300,1856300,8,0,1816267,491,46112825371900,491,493,16666667,2,16,0
20260813_NV_A2_SMOKE_R1,493,494,8735870,8735907,8739219,8739257,8739273,8739274,8739294,0,0,2,3,0,1,1,1,2,0,2,2,14610400,2087200,2087200,7,0,2056267,493,46112860549800,493,494,16666667,2,16,0
20260813_NV_A2_SMOKE_R1,494,495,8752553,8752600,8756189,8756286,8756312,8756313,8756332,0,0,2,3,0,1,1,1,2,0,2,2,15237600,1904700,1904700,8,0,1429067,494,46112877215300,494,495,16666667,2,16,0
20260813_NV_A2_SMOKE_R1,495,496,8769207,8769246,8774554,8774650,8774693,8774695,8774743,0,0,2,3,0,1,1,1,2,0,2,2,15980800,1997600,1997600,8,0,685867,495,46112895732000,495,496,16666667,2,16,0
20260813_NV_A2_SMOKE_R1,496,497,8785982,8786062,8792966,8793025,8793050,8793050,8793088,0,0,2,3,0,1,1,1,2,0,2,2,14926400,1865800,1865800,8,0,1740267,496,46112912404600,496,497,16666667,2,16,0
20260813_NV_A2_SMOKE_R1,497,498,8802563,8802612,8806462,8806504,8806519,8806520,8806542,0,0,2,3,0,1,1,1,2,0,2,2,16657200,1850800,1850800,9,0,9467,497,46112930886500,497,498,16666667,2,16,0
20260813_NV_A2_SMOKE_R1,498,499,8820369,8820428,8825111,8825176,8825207,8825207,8825245,0,0,2,3,0,1,1,1,2,0,2,2,16164800,2020600,2020600,8,0,501867,498,46112943840800,498,499,16666667,2,16,0
20260813_NV_A2_SMOKE_R1,499,500,8835926,8835986,8840412,8840458,8840480,8840480,8840503,0,0,2,3,0,1,1,1,2,0,2,2,15536800,1942100,1942100,8,0,1129867,499,46112962387600,499,500,16666667,2,16,0
20260813_NV_A2_SMOKE_R1,500,501,8852566,8852623,8858925,8858950,8858960,8858961,8858973,0,0,2,3,0,1,1,1,2,0,2,2,14955200,1869400,1869400,8,0,1711467,500,46112977168500,500,501,16666667,2,16,0
20260813_NV_A2_SMOKE_R1,501,502,8869268,8869331,8875898,8875981,8876014,8876015,8876062,0,0,2,3,0,1,1,1,2,0,2,2,15781600,1972700,1972700,8,0,885067,501,46112995684400,501,502,16666667,2,16,0
20260813_NV_A2_SMOKE_R1,502,503,8885960,8885997,8889162,8889196,8889209,8889209,8889228,0,0,2,3,0,1,1,1,2,0,2,2,15582400,1947800,1947800,8,0,1084267,502,46113012334600,502,503,16666667,2,16,0
20260813_NV_A2_SMOKE_R1,503,504,8902542,8902579,8905780,8905819,8905834,8905835,8905853,0,0,2,3,0,1,1,1,2,0,2,2,14850400,1856300,1856300,8,0,1816267,503,46113027143500,503,504,16666667,2,16,0
20260813_NV_A2_SMOKE_R1,504,505,8919208,8919249,8924668,8924754,8924790,8924791,8924835,0,0,2,3,0,1,1,1,2,0,2,2,14836000,1854500,1854500,8,0,1830667,504,46113041967900,504,505,16666667,2,16,0
20260813_NV_A2_SMOKE_R1,505,506,8935969,8936048,8940925,8940978,8940998,8940999,8941024,0,0,2,3,0,1,1,1,2,0,2,2,16657200,1850800,1850800,9,0,9467,505,46113062349700,505,506,16666667,2,16,0
20260813_NV_A2_SMOKE_R1,506,507,8952564,8952610,8956357,8956397,8956413,8956414,8956436,0,0,2,3,0,1,1,1,2,0,2,2,16164800,2020600,2020600,8,0,501867,506,46113077140200,506,507,16666667,2,16,0
20260813_NV_A2_SMOKE_R1,507,508,8969200,8969236,8972377,8972412,8972426,8972426,8972444,0,0,2,3,0,1,1,1,2,0,2,2,15536800,1942100,1942100,8,0,1129867,507,46113093799000,507,508,16666667,2,16,0
20260813_NV_A2_SMOKE_R1,508,509,8985875,8985915,8989609,8989652,8989668,8989668,8989690,0,0,2,3,0,1,1,1,2,0,2,2,14955200,1869400,1869400,8,0,1711467,508,46113108610100,508,509,16666667,2,16,0
20260813_NV_A2_SMOKE_R1,509,510,9002535,9002571,9005642,9005678,9005692,9005693,9005716,0,0,2,3,0,1,1,1,2,0,2,2,15781600,1972700,1972700,8,0,885067,509,46113127124100,509,510,16666667,2,16,0
20260813_NV_A2_SMOKE_R1,510,511,9019211,9019256,9022761,9022814,9022828,9022829,9022849,0,0,2,3,0,1,1,1,2,0,2,2,15838400,1979800,1979800,8,0,828267,509,46113127124100,509,511,16666667,2,16,0
20260813_NV_A2_SMOKE_R1,511,512,9036141,9036186,9039124,9039176,9039193,9039194,9039221,0,0,2,3,0,1,1,1,2,0,2,2,14918400,1864800,1864800,8,0,1748267,511,46113160446100,511,512,16666667,2,16,0
20260813_NV_A2_SMOKE_R1,512,513,9052611,9052677,9059077,9059106,9059116,9059117,9059132,0,0,2,3,0,1,1,1,2,0,2,2,15304000,1913000,1913000,8,0,1362667,512,46113175252400,512,513,16666667,2,16,0
20260813_NV_A2_SMOKE_R1,513,514,9069299,9069370,9076243,9076270,9076281,9076282,9076296,0,0,2,3,0,1,1,1,2,0,2,2,16660800,1851200,1851200,9,0,5867,513,46113195601900,513,514,16666667,2,16,0
20260813_NV_A2_SMOKE_R1,514,515,9085943,9086001,9091451,9091477,9091487,9091488,9091500,0,0,2,3,0,1,1,1,2,0,2,2,16658100,1850900,1850900,9,0,8567,514,46113212276200,514,515,16666667,2,16,0
20260813_NV_A2_SMOKE_R1,515,516,9102568,9102620,9106249,9106288,9106303,9106304,9106323,0,0,2,3,0,1,1,1,2,0,2,2,14931200,1866400,1866400,8,0,1735467,514,46113212276200,514,516,16666667,2,16,0
20260813_NV_A2_SMOKE_R1,516,517,9119211,9119250,9122617,9122653,9122670,9122670,9122687,0,0,2,3,0,1,1,1,2,0,2,2,15119200,1889900,1889900,8,0,1547467,514,46113212276200,514,517,16666667,2,16,0
20260813_NV_A2_SMOKE_R1,517,518,9135876,9135913,9139149,9139189,9139203,9139204,9139225,0,0,2,3,0,1,1,1,2,0,2,2,15710400,1963800,1963800,8,0,956267,517,46113260400100,517,518,16666667,2,16,0
20260813_NV_A2_SMOKE_R1,518,519,9152539,9152575,9156245,9156285,9156302,9156303,9156325,0,0,2,3,0,1,1,1,2,0,2,2,14918400,1864800,1864800,8,0,1748267,518,46113277068000,518,519,16666667,2,16,0
20260813_NV_A2_SMOKE_R1,519,520,9169187,9169216,9171847,9171878,9171889,9171890,9171907,0,0,2,3,0,1,1,1,2,0,2,2,15304000,1913000,1913000,8,0,1362667,519,46113293726600,519,520,16666667,2,16,0
20260813_NV_A2_SMOKE_R1,520,521,9185853,9185881,9188727,9188757,9188770,9188770,9188787,0,0,2,3,0,1,1,1,2,0,2,2,16660800,1851200,1851200,9,0,5867,520,46113308536000,520,521,16666667,2,16,0
20260813_NV_A2_SMOKE_R1,521,522,9202530,9202563,9205270,9205303,9205315,9205316,9205334,0,0,2,3,0,1,1,1,2,0,2,2,16658100,1850900,1850900,9,0,8567,521,46113325202000,521,522,16666667,2,16,0
20260813_NV_A2_SMOKE_R1,522,523,9219190,9219223,9222130,9222165,9222179,9222180,9222194,0,0,2,3,0,1,1,1,2,0,2,2,14908000,1863500,1863500,8,0,1758667,521,46113325202000,521,523,16666667,2,16,0
20260813_NV_A2_SMOKE_R1,523,524,9235859,9235890,9238804,9238841,9238856,9238857,9238876,0,0,2,3,0,1,1,1,2,0,2,2,15062400,1882800,1882800,8,0,1604267,521,46113325202000,521,524,16666667,2,16,0
20260813_NV_A2_SMOKE_R1,524,525,9252535,9252573,9257668,9257693,9257704,9257704,9257717,0,0,2,3,0,1,1,1,2,0,2,2,15710400,1963800,1963800,8,0,956267,524,46113375173800,524,525,16666667,2,16,0
20260813_NV_A2_SMOKE_R1,525,526,9269285,9269359,9275908,9275932,9275942,9275942,9275955,0,0,2,3,0,1,1,1,2,0,2,2,14918400,1864800,1864800,8,0,1748267,525,46113393690900,525,526,16666667,2,16,0
20260813_NV_A2_SMOKE_R1,526,527,9285935,9286004,9292304,9292328,9292339,9292339,9292350,0,0,2,3,0,1,1,1,2,0,2,2,15304000,1913000,1913000,8,0,1362667,526,46113412202700,526,527,16666667,2,16,0
20260813_NV_A2_SMOKE_R1,527,528,9302588,9302644,9307350,9307393,9307411,9307411,9307433,0,0,2,3,0,1,1,1,2,0,2,2,16660800,1851200,1851200,9,0,5867,527,46113428840000,527,528,16666667,2,16,0
20260813_NV_A2_SMOKE_R1,528,529,9319232,9319280,9323446,9323487,9323503,9323504,9323525,0,0,2,3,0,1,1,1,2,0,2,2,16658100,1850900,1850900,9,0,8567,528,46113443664100,528,529,16666667,2,16,0
20260813_NV_A2_SMOKE_R1,529,530,9336229,9336280,9339855,9339911,9339934,9339935,9339962,0,0,2,3,0,1,1,1,2,0,2,2,14888800,1861100,1861100,8,0,1777867,528,46113443664100,528,530,16666667,2,16,0
20260813_NV_A2_SMOKE_R1,530,531,9352605,9352670,9358675,9358701,9358711,9358711,9358724,0,0,2,3,0,1,1,1,2,0,2,2,15020800,1877600,1877600,8,0,1645867,528,46113443664100,528,531,16666667,2,16,0
20260813_NV_A2_SMOKE_R1,531,532,9369241,9369292,9374996,9375059,9375090,9375091,9375122,0,0,2,3,0,1,1,1,2,0,2,2,15710400,1963800,1963800,8,0,956267,531,46113495469200,531,532,16666667,2,16,0
20260813_NV_A2_SMOKE_R1,532,533,9385897,9385944,9389721,9389762,9389783,9389784,9389803,0,0,2,3,0,1,1,1,2,0,2,2,14918400,1864800,1864800,8,0,1748267,532,46113512181100,532,533,16666667,2,16,0
20260813_NV_A2_SMOKE_R1,533,534,9402539,9402582,9405458,9405495,9405508,9405509,9405529,0,0,2,3,0,1,1,1,2,0,2,2,15304000,1913000,1913000,8,0,1362667,533,46113526975900,533,534,16666667,2,16,0
20260813_NV_A2_SMOKE_R1,534,535,9419190,9419219,9422104,9422135,9422147,9422148,9422163,0,0,2,3,0,1,1,1,2,0,2,2,16660800,1851200,1851200,9,0,5867,534,46113541786000,534,535,16666667,2,16,0
20260813_NV_A2_SMOKE_R1,535,536,9435865,9435899,9438882,9438921,9438943,9438944,9438966,0,0,2,3,0,1,1,1,2,0,2,2,16658100,1850900,1850900,9,0,8567,535,46113558449900,535,536,16666667,2,16,0
20260813_NV_A2_SMOKE_R1,536,537,9452537,9452571,9455531,9455570,9455584,9455585,9455605,0,0,2,3,0,1,1,1,2,0,2,2,16008800,2001100,2001100,8,0,657867,535,46113558449900,535,537,16666667,2,16,0
20260813_NV_A2_SMOKE_R1,537,538,9469215,9469253,9472810,9472860,9472879,9472879,9472904,0,0,2,3,0,1,1,1,2,0,2,2,15020800,1877600,1877600,8,0,1645867,537,46113591788900,537,538,16666667,2,16,0
20260813_NV_A2_SMOKE_R1,538,539,9485858,9485888,9488309,9488362,9488377,9488378,9488401,0,0,2,3,0,1,1,1,2,0,2,2,14830400,1853800,1853800,8,0,1836267,537,46113591788900,537,539,16666667,2,16,0
20260813_NV_A2_SMOKE_R1,539,540,9502525,9502553,9504383,9504430,9504442,9504443,9504465,0,0,2,3,0,1,1,1,2,0,2,2,14826400,1853300,1853300,8,0,1840267,539,46113625087300,539,540,16666667,2,16,0
20260813_NV_A2_SMOKE_R1,540,541,9519186,9519232,9521169,9521218,9521230,9521231,9521255,0,0,2,3,0,1,1,1,2,0,2,2,14872800,1859100,1859100,8,0,1793867,539,46113625087300,539,541,16666667,2,16,0
20260813_NV_A2_SMOKE_R1,541,542,9535981,9536013,9537827,9537874,9537888,9537889,9537907,0,0,2,3,0,1,1,1,2,0,2,2,15272800,1909100,1909100,8,0,1393867,539,46113625087300,539,542,16666667,2,16,0
20260813_NV_A2_SMOKE_R1,542,543,9552512,9552539,9554443,9554484,9554496,9554496,9554516,0,0,2,3,0,1,1,1,2,0,2,2,15939200,1992400,1992400,8,0,727467,539,46113625087300,539,543,16666667,2,16,0
20260813_NV_A2_SMOKE_R1,543,544,9569179,9569204,9570968,9571009,9571021,9571021,9571040,0,0,2,3,0,1,1,1,2,0,2,2,16657200,1850800,1850800,9,0,9467,539,46113625087300,539,544,16666667,2,16,0
20260813_NV_A2_SMOKE_R1,544,545,9585845,9585872,9587828,9587867,9587880,9587881,9587901,0,0,2,3,0,1,1,1,2,0,2,2,15299200,1912400,1912400,8,0,1367467,539,46113625087300,539,545,16666667,2,16,0
20260813_NV_A2_SMOKE_R1,545,546,9602509,9602535,9604291,9604330,9604340,9604341,9604358,0,0,2,3,0,1,1,1,2,0,2,2,16656300,1850700,1850700,9,0,10367,539,46113625087300,539,546,16666667,2,16,0
20260813_NV_A2_SMOKE_R1,546,547,9619180,9619206,9621125,9621167,9621179,9621180,9621199,0,0,2,3,0,1,1,1,2,0,2,2,14823200,1852900,1852900,8,0,1843467,539,46113625087300,539,547,16666667,2,16,0
20260813_NV_A2_SMOKE_R1,547,548,9635837,9635859,9637643,9637677,9637690,9637690,9637704,0,0,2,3,0,1,1,1,2,0,2,2,16657200,1850800,1850800,9,0,9467,539,46113625087300,539,548,16666667,2,16,0
20260813_NV_A2_SMOKE_R1,548,549,9652503,9652525,9654942,9654975,9654987,9654987,9655005,0,0,2,3,0,1,1,1,2,0,2,2,16656300,1850700,1850700,9,0,10367,548,46113776884300,548,549,16666667,2,16,0
20260813_NV_A2_SMOKE_R1,549,550,9669209,9669243,9672492,9672531,9672547,9672547,9672571,0,0,2,3,0,1,1,1,2,0,2,2,14850400,1856300,1856300,8,0,1816267,548,46113776884300,548,550,16666667,2,16,0
20260813_NV_A2_SMOKE_R1,550,551,9685910,9685947,9689827,9689884,9689908,9689909,9689946,0,0,2,3,0,1,1,1,2,0,2,2,14943200,1867900,1867900,8,0,1723467,550,46113810199100,550,551,16666667,2,16,0
20260813_NV_A2_SMOKE_R1,551,552,9702620,9702702,9707337,9707387,9707412,9707413,9707438,0,0,2,3,0,1,1,1,2,0,2,2,15504800,1938100,1938100,8,0,1161867,551,46113826875400,551,552,16666667,2,16,0
20260813_NV_A2_SMOKE_R1,552,553,9719198,9719232,9722382,9722414,9722428,9722429,9722446,0,0,2,3,0,1,1,1,2,0,2,2,14887200,1860900,1860900,8,0,1779467,552,46113845368900,552,553,16666667,2,16,0
20260813_NV_A2_SMOKE_R1,553,554,9735864,9735896,9740138,9740193,9740217,9740218,9740247,0,0,2,3,0,1,1,1,2,0,2,2,15190400,1898800,1898800,8,0,1476267,553,46113860182800,553,554,16666667,2,16,0
20260813_NV_A2_SMOKE_R1,554,555,9752580,9752631,9757967,9758017,9758037,9758037,9758066,0,0,2,3,0,1,1,1,2,0,2,2,16657200,1850800,1850800,9,0,9467,554,46113876909100,554,555,16666667,2,16,0
20260813_NV_A2_SMOKE_R1,555,556,9769214,9769265,9774955,9775060,9775105,9775107,9775167,0,0,2,3,0,1,1,1,2,0,2,2,16656300,1850700,1850700,9,0,10367,555,46113895367100,555,556,16666667,2,16,0
20260813_NV_A2_SMOKE_R1,556,557,9785949,9786019,9791993,9792020,9792030,9792031,9792046,0,0,2,3,0,1,1,1,2,0,2,2,14840800,1855100,1855100,8,0,1825867,555,46113895367100,555,557,16666667,2,16,0
20260813_NV_A2_SMOKE_R1,557,558,9802558,9802603,9806193,9806233,9806250,9806250,9806268,0,0,2,3,0,1,1,1,2,0,2,2,14915200,1864400,1864400,8,0,1751467,557,46113930511800,557,558,16666667,2,16,0
20260813_NV_A2_SMOKE_R1,558,559,9819217,9819264,9825083,9825149,9825160,9825160,9825173,0,0,2,3,0,1,1,1,2,0,2,2,14820800,1852600,1852600,8,0,1845867,558,46113947193100,558,559,16666667,2,16,0
20260813_NV_A2_SMOKE_R1,559,560,9835919,9835972,9840047,9840090,9840107,9840107,9840128,0,0,2,3,0,1,1,1,2,0,2,2,14820000,1852500,1852500,8,0,1846667,559,46113961996600,559,560,16666667,2,16,0
20260813_NV_A2_SMOKE_R1,560,561,9852571,9852622,9858982,9859049,9859059,9859059,9859072,0,0,2,3,0,1,1,1,2,0,2,2,16657200,1850800,1850800,9,0,9467,560,46113976820400,560,561,16666667,2,16,0
20260813_NV_A2_SMOKE_R1,561,562,9869281,9869347,9875610,9875680,9875706,9875707,9875736,0,0,2,3,0,1,1,1,2,0,2,2,15517600,1939700,1939700,8,0,1149067,561,46113995319700,561,562,16666667,2,16,0
20260813_NV_A2_SMOKE_R1,562,563,9885913,9885965,9890444,9890485,9890501,9890502,9890521,0,0,2,3,0,1,1,1,2,0,2,2,14831200,1853900,1853900,8,0,1835467,562,46114013851000,562,563,16666667,2,16,0
20260813_NV_A2_SMOKE_R1,563,564,9902549,9902591,9905634,9905672,9905693,9905694,9905711,0,0,2,3,0,1,1,1,2,0,2,2,16492000,2061500,2061500,8,0,174667,563,46114026768800,563,564,16666667,2,16,0
20260813_NV_A2_SMOKE_R1,564,565,9919219,9919266,9924404,9924430,9924441,9924441,9924457,0,0,2,3,0,1,1,1,2,0,2,2,14915200,1864400,1864400,8,0,1751467,564,46114043450500,564,565,16666667,2,16,0
20260813_NV_A2_SMOKE_R1,565,566,9935926,9935987,9940454,9940498,9940519,9940519,9940540,0,0,2,3,0,1,1,1,2,0,2,2,15350400,1918800,1918800,8,0,1316267,565,46114063827400,565,566,16666667,2,16,0
20260813_NV_A2_SMOKE_R1,566,567,9952561,9952609,9958223,9958250,9958261,9958261,9958275,0,0,2,3,0,1,1,1,2,0,2,2,14816000,1852000,1852000,8,0,1850667,566,46114080479200,566,567,16666667,2,16,0
20260813_NV_A2_SMOKE_R1,567,568,9969276,9969339,9975096,9975123,9975133,9975134,9975150,0,0,2,3,0,1,1,1,2,0,2,2,16659900,1851100,1851100,9,0,6767,566,46114080479200,566,568,16666667,2,16,0
20260813_NV_A2_SMOKE_R1,568,569,9985902,9985949,9989895,9989934,9989949,9989950,9989970,0,0,2,3,0,1,1,1,2,0,2,2,15472800,1934100,1934100,8,0,1193867,568,46114113813800,568,569,16666667,2,16,0
20260813_NV_A2_SMOKE_R1,569,570,10002539,10002576,10005719,10005757,10005772,10005773,10005795,0,0,2,3,0,1,1,1,2,0,2,2,14825600,1853200,1853200,8,0,1841067,568,46114113813800,568,570,16666667,2,16,0
20260813_NV_A2_SMOKE_R1,570,571,10019183,10019210,10021468,10021505,10021517,10021517,10021532,0,0,2,3,0,1,1,1,2,0,2,2,15576000,1947000,1947000,8,0,1090667,570,46114143409700,570,571,16666667,2,16,0
20260813_NV_A2_SMOKE_R1,571,572,10035856,10035886,10038671,10038710,10038727,10038728,10038747,0,0,2,3,0,1,1,1,2,0,2,2,15118400,1889800,1889800,8,0,1548267,571,46114158223600,571,572,16666667,2,16,0
20260813_NV_A2_SMOKE_R1,572,573,10052557,10052601,10057756,10057824,10057854,10057855,10057891,0,0,2,3,0,1,1,1,2,0,2,2,14818400,1852300,1852300,8,0,1848267,572,46114174886300,572,573,16666667,2,16,0
20260813_NV_A2_SMOKE_R1,573,574,10069276,10069350,10075379,10075447,10075474,10075475,10075517,0,0,2,3,0,1,1,1,2,0,2,2,14816000,1852000,1852000,8,0,1850667,573,46114195260700,573,574,16666667,2,16,0
20260813_NV_A2_SMOKE_R1,574,575,10086007,10086056,10090368,10090409,10090425,10090426,10090447,0,0,2,3,0,1,1,1,2,0,2,2,16657200,1850800,1850800,9,0,9467,574,46114211898500,574,575,16666667,2,16,0
20260813_NV_A2_SMOKE_R1,575,576,10102554,10102596,10106164,10106202,10106216,10106217,10106234,0,0,2,3,0,1,1,1,2,0,2,2,15472800,1934100,1934100,8,0,1193867,575,46114226710100,575,576,16666667,2,16,0
20260813_NV_A2_SMOKE_R1,576,577,10119220,10119264,10124110,10124136,10124147,10124147,10124163,0,0,2,3,0,1,1,1,2,0,2,2,14820800,1852600,1852600,8,0,1845867,575,46114226710100,575,577,16666667,2,16,0
20260813_NV_A2_SMOKE_R1,577,578,10135912,10135963,10140884,10140934,10140955,10140956,10140983,0,0,2,3,0,1,1,1,2,0,2,2,14742700,2106100,2106100,7,0,1923967,577,46114261877800,577,578,16666667,2,16,0
20260813_NV_A2_SMOKE_R1,578,579,10152553,10152596,10156086,10156119,10156135,10156136,10156155,0,0,2,3,0,1,1,1,2,0,2,2,14915200,1864400,1864400,8,0,1751467,578,46114278554300,578,579,16666667,2,16,0
20260813_NV_A2_SMOKE_R1,579,580,10169200,10169236,10172128,10172162,10172176,10172176,10172197,0,0,2,3,0,1,1,1,2,0,2,2,15284000,1910500,1910500,8,0,1382667,579,46114295212300,579,580,16666667,2,16,0
20260813_NV_A2_SMOKE_R1,580,581,10185864,10185896,10188944,10188980,10188995,10188996,10189011,0,0,2,3,0,1,1,1,2,0,2,2,14872000,1859000,1859000,8,0,1794667,580,46114310018200,580,581,16666667,2,16,0
20260813_NV_A2_SMOKE_R1,581,582,10202545,10202583,10205725,10205759,10205773,10205774,10205792,0,0,2,3,0,1,1,1,2,0,2,2,15122400,1890300,1890300,8,0,1544267,581,46114326685500,581,582,16666667,2,16,0
20260813_NV_A2_SMOKE_R1,582,583,10219203,10219239,10222668,10222706,10222722,10222722,10222743,0,0,2,3,0,1,1,1,2,0,2,2,16659900,1851100,1851100,9,0,6767,582,46114343345300,582,583,16666667,2,16,0
20260813_NV_A2_SMOKE_R1,583,584,10235850,10235876,10237626,10237664,10237675,10237676,10237691,0,0,2,3,0,1,1,1,2,0,2,2,16660800,1851200,1851200,9,0,5867,583,46114360005700,583,584,16666667,2,16,0
20260813_NV_A2_SMOKE_R1,584,585,10252524,10252563,10256570,10256712,10256764,10256765,10256811,0,0,2,3,0,1,1,1,2,0,2,2,14827200,1853400,1853400,8,0,1839467,583,46114360005700,583,585,16666667,2,16,0
20260813_NV_A2_SMOKE_R1,585,586,10269272,10269343,10275276,10275340,10275364,10275364,10275397,0,0,2,3,0,1,1,1,2,0,2,2,14896000,1862000,1862000,8,0,1770667,585,46114393324800,585,586,16666667,2,16,0
20260813_NV_A2_SMOKE_R1,586,587,10286754,10286817,10292449,10292528,10292564,10292565,10292613,0,0,2,3,0,1,1,1,2,0,2,2,15284000,1910500,1910500,8,0,1382667,586,46114411815300,586,587,16666667,2,16,0
20260813_NV_A2_SMOKE_R1,587,588,10303011,10303072,10309819,10309921,10309958,10309959,10310009,0,0,2,3,0,1,1,1,2,0,2,2,14872000,1859000,1859000,8,0,1794667,587,46114430358800,587,588,16666667,2,16,0
20260813_NV_A2_SMOKE_R1,588,589,10319259,10319327,10326287,10326312,10326323,10326323,10326335,0,0,2,3,0,1,1,1,2,0,2,2,15564800,1945600,1945600,8,0,1101867,588,46114447016400,588,589,16666667,2,16,0
20260813_NV_A2_SMOKE_R1,589,590,10335941,10336008,10340773,10340795,10340806,10340806,10340820,0,0,2,3,0,1,1,1,2,0,2,2,16659900,1851100,1851100,9,0,6767,589,46114463668500,589,590,16666667,2,16,0
20260813_NV_A2_SMOKE_R1,590,591,10352521,10352526,10354725,10354754,10354765,10354765,10354781,0,0,2,3,0,1,1,1,2,0,2,2,16660800,1851200,1851200,9,0,5867,590,46114478475100,590,591,16666667,2,16,0
